dataset	query_id	relevant_count	eos_any_miss_at_10	external_both_hit_at_10	external_both_hit_at_1	external_same_top1_doc	source_first_relevant_ranks	source_ndcg_at_10	source_recall_at_100	source_top1_doc_ids
scifact	1	1	False	False	False	True	"{""bm25"": 0, ""eos_compact_q4_fp16_o200"": 1, ""eos_dense"": 1, ""hybrid_minmax_blend_a050"": 2, ""mxbai"": 14, ""qwen3"": 0}"	"{""bm25"": 0.0, ""eos_compact_q4_fp16_o200"": 1.0, ""eos_dense"": 1.0, ""hybrid_minmax_blend_a050"": 0.6309297535714574, ""mxbai"": 0.0, ""qwen3"": 0.0}"	"{""bm25"": 0.0, ""eos_compact_q4_fp16_o200"": 1.0, ""eos_dense"": 1.0, ""hybrid_minmax_blend_a050"": 1.0, ""mxbai"": 1.0, ""qwen3"": 0.0}"	"{""bm25"": ""43385013"", ""eos_compact_q4_fp16_o200"": ""31715818"", ""eos_dense"": ""31715818"", ""hybrid_minmax_blend_a050"": ""10608397"", ""mxbai"": ""4346436"", ""qwen3"": ""4346436""}"
scifact	3	1	True	True	False	False	"{""bm25"": 1, ""eos_compact_q4_fp16_o200"": 0, ""eos_dense"": 0, ""hybrid_minmax_blend_a050"": 5, ""mxbai"": 5, ""qwen3"": 3}"	"{""bm25"": 1.0, ""eos_compact_q4_fp16_o200"": 0.0, ""eos_dense"": 0.0, ""hybrid_minmax_blend_a050"": 0.38685280723454163, ""mxbai"": 0.38685280723454163, ""qwen3"": 0.5}"	"{""bm25"": 1.0, ""eos_compact_q4_fp16_o200"": 0.0, ""eos_dense"": 0.0, ""hybrid_minmax_blend_a050"": 1.0, ""mxbai"": 1.0, ""qwen3"": 1.0}"	"{""bm25"": ""14717500"", ""eos_compact_q4_fp16_o200"": ""13172737"", ""eos_dense"": ""13172737"", ""hybrid_minmax_blend_a050"": ""23389795"", ""mxbai"": ""19058822"", ""qwen3"": ""2739854""}"
scifact	5	1	False	True	True	True	"{""bm25"": 1, ""eos_compact_q4_fp16_o200"": 2, ""eos_dense"": 2, ""hybrid_minmax_blend_a050"": 1, ""mxbai"": 1, ""qwen3"": 1}"	"{""bm25"": 1.0, ""eos_compact_q4_fp16_o200"": 0.6309297535714574, ""eos_dense"": 0.6309297535714574, ""hybrid_minmax_blend_a050"": 1.0, ""mxbai"": 1.0, ""qwen3"": 1.0}"	"{""bm25"": 1.0, ""eos_compact_q4_fp16_o200"": 1.0, ""eos_dense"": 1.0, ""hybrid_minmax_blend_a050"": 1.0, ""mxbai"": 1.0, ""qwen3"": 1.0}"	"{""bm25"": ""13734012"", ""eos_compact_q4_fp16_o200"": ""474325"", ""eos_dense"": ""474325"", ""hybrid_minmax_blend_a050"": ""13734012"", ""mxbai"": ""13734012"", ""qwen3"": ""13734012""}"
scifact	13	1	False	False	False	False	"{""bm25"": 65, ""eos_compact_q4_fp16_o200"": 2, ""eos_dense"": 2, ""hybrid_minmax_blend_a050"": 5, ""mxbai"": 18, ""qwen3"": 25}"	"{""bm25"": 0.0, ""eos_compact_q4_fp16_o200"": 0.6309297535714574, ""eos_dense"": 0.6309297535714574, ""hybrid_minmax_blend_a050"": 0.38685280723454163, ""mxbai"": 0.0, ""qwen3"": 0.0}"	"{""bm25"": 1.0, ""eos_compact_q4_fp16_o200"": 1.0, ""eos_dense"": 1.0, ""hybrid_minmax_blend_a050"": 1.0, ""mxbai"": 1.0, ""qwen3"": 1.0}"	"{""bm25"": ""1263446"", ""eos_compact_q4_fp16_o200"": ""17450673"", ""eos_dense"": ""17450673"", ""hybrid_minmax_blend_a050"": ""17450673"", ""mxbai"": ""4791384"", ""qwen3"": ""1263446""}"
scifact	36	2	False	True	False	True	"{""bm25"": 10, ""eos_compact_q4_fp16_o200"": 3, ""eos_dense"": 3, ""hybrid_minmax_blend_a050"": 4, ""mxbai"": 2, ""qwen3"": 6}"	"{""bm25"": 0.17723928678404777, ""eos_compact_q4_fp16_o200"": 0.5437713091520254, ""eos_dense"": 0.5437713091520254, ""hybrid_minmax_blend_a050"": 0.4486438193521591, ""mxbai"": 0.38685280723454163, ""qwen3"": 0.2184074368181642}"	"{""bm25"": 1.0, ""eos_compact_q4_fp16_o200"": 1.0, ""eos_dense"": 1.0, ""hybrid_minmax_blend_a050"": 1.0, ""mxbai"": 1.0, ""qwen3"": 1.0}"	"{""bm25"": ""42441846"", ""eos_compact_q4_fp16_o200"": ""33409100"", ""eos_dense"": ""33409100"", ""hybrid_minmax_blend_a050"": ""33409100"", ""mxbai"": ""18557974"", ""qwen3"": ""18557974""}"
scifact	42	1	False	True	True	True	"{""bm25"": 2, ""eos_compact_q4_fp16_o200"": 1, ""eos_dense"": 1, ""hybrid_minmax_blend_a050"": 1, ""mxbai"": 1, ""qwen3"": 1}"	"{""bm25"": 0.6309297535714574, ""eos_compact_q4_fp16_o200"": 1.0, ""eos_dense"": 1.0, ""hybrid_minmax_blend_a050"": 1.0, ""mxbai"": 1.0, ""qwen3"": 1.0}"	"{""bm25"": 1.0, ""eos_compact_q4_fp16_o200"": 1.0, ""eos_dense"": 1.0, ""hybrid_minmax_blend_a050"": 1.0, ""mxbai"": 1.0, ""qwen3"": 1.0}"	"{""bm25"": ""40913091"", ""eos_compact_q4_fp16_o200"": ""18174210"", ""eos_dense"": ""18174210"", ""hybrid_minmax_blend_a050"": ""18174210"", ""mxbai"": ""18174210"", ""qwen3"": ""18174210""}"
scifact	48	1	True	True	False	False	"{""bm25"": 2, ""eos_compact_q4_fp16_o200"": 0, ""eos_dense"": 0, ""hybrid_minmax_blend_a050"": 4, ""mxbai"": 3, ""qwen3"": 3}"	"{""bm25"": 0.6309297535714574, ""eos_compact_q4_fp16_o200"": 0.0, ""eos_dense"": 0.0, ""hybrid_minmax_blend_a050"": 0.43067655807339306, ""mxbai"": 0.5, ""qwen3"": 0.5}"	"{""bm25"": 1.0, ""eos_compact_q4_fp16_o200"": 0.0, ""eos_dense"": 0.0, ""hybrid_minmax_blend_a050"": 1.0, ""mxbai"": 1.0, ""qwen3"": 1.0}"	"{""bm25"": ""18617259"", ""eos_compact_q4_fp16_o200"": ""5099266"", ""eos_dense"": ""5099266"", ""hybrid_minmax_blend_a050"": ""3716075"", ""mxbai"": ""27063470"", ""qwen3"": ""11349166""}"
scifact	49	1	False	True	True	True	"{""bm25"": 1, ""eos_compact_q4_fp16_o200"": 1, ""eos_dense"": 1, ""hybrid_minmax_blend_a050"": 1, ""mxbai"": 1, ""qwen3"": 1}"	"{""bm25"": 1.0, ""eos_compact_q4_fp16_o200"": 1.0, ""eos_dense"": 1.0, ""hybrid_minmax_blend_a050"": 1.0, ""mxbai"": 1.0, ""qwen3"": 1.0}"	"{""bm25"": 1.0, ""eos_compact_q4_fp16_o200"": 1.0, ""eos_dense"": 1.0, ""hybrid_minmax_blend_a050"": 1.0, ""mxbai"": 1.0, ""qwen3"": 1.0}"	"{""bm25"": ""5953485"", ""eos_compact_q4_fp16_o200"": ""5953485"", ""eos_dense"": ""5953485"", ""hybrid_minmax_blend_a050"": ""5953485"", ""mxbai"": ""5953485"", ""qwen3"": ""5953485""}"
scifact	50	1	True	True	True	True	"{""bm25"": 1, ""eos_compact_q4_fp16_o200"": 0, ""eos_dense"": 0, ""hybrid_minmax_blend_a050"": 2, ""mxbai"": 1, ""qwen3"": 1}"	"{""bm25"": 1.0, ""eos_compact_q4_fp16_o200"": 0.0, ""eos_dense"": 0.0, ""hybrid_minmax_blend_a050"": 0.6309297535714574, ""mxbai"": 1.0, ""qwen3"": 1.0}"	"{""bm25"": 1.0, ""eos_compact_q4_fp16_o200"": 0.0, ""eos_dense"": 0.0, ""hybrid_minmax_blend_a050"": 1.0, ""mxbai"": 1.0, ""qwen3"": 1.0}"	"{""bm25"": ""12580014"", ""eos_compact_q4_fp16_o200"": ""17844478"", ""eos_dense"": ""17844478"", ""hybrid_minmax_blend_a050"": ""17844478"", ""mxbai"": ""12580014"", ""qwen3"": ""12580014""}"
scifact	51	1	False	True	True	True	"{""bm25"": 1, ""eos_compact_q4_fp16_o200"": 1, ""eos_dense"": 1, ""hybrid_minmax_blend_a050"": 1, ""mxbai"": 1, ""qwen3"": 1}"	"{""bm25"": 1.0, ""eos_compact_q4_fp16_o200"": 1.0, ""eos_dense"": 1.0, ""hybrid_minmax_blend_a050"": 1.0, ""mxbai"": 1.0, ""qwen3"": 1.0}"	"{""bm25"": 1.0, ""eos_compact_q4_fp16_o200"": 1.0, ""eos_dense"": 1.0, ""hybrid_minmax_blend_a050"": 1.0, ""mxbai"": 1.0, ""qwen3"": 1.0}"	"{""bm25"": ""45638119"", ""eos_compact_q4_fp16_o200"": ""45638119"", ""eos_dense"": ""45638119"", ""hybrid_minmax_blend_a050"": ""45638119"", ""mxbai"": ""45638119"", ""qwen3"": ""45638119""}"
scifact	53	1	False	True	True	True	"{""bm25"": 1, ""eos_compact_q4_fp16_o200"": 1, ""eos_dense"": 1, ""hybrid_minmax_blend_a050"": 1, ""mxbai"": 1, ""qwen3"": 1}"	"{""bm25"": 1.0, ""eos_compact_q4_fp16_o200"": 1.0, ""eos_dense"": 1.0, ""hybrid_minmax_blend_a050"": 1.0, ""mxbai"": 1.0, ""qwen3"": 1.0}"	"{""bm25"": 1.0, ""eos_compact_q4_fp16_o200"": 1.0, ""eos_dense"": 1.0, ""hybrid_minmax_blend_a050"": 1.0, ""mxbai"": 1.0, ""qwen3"": 1.0}"	"{""bm25"": ""45638119"", ""eos_compact_q4_fp16_o200"": ""45638119"", ""eos_dense"": ""45638119"", ""hybrid_minmax_blend_a050"": ""45638119"", ""mxbai"": ""45638119"", ""qwen3"": ""45638119""}"
scifact	54	1	False	True	True	True	"{""bm25"": 9, ""eos_compact_q4_fp16_o200"": 1, ""eos_dense"": 1, ""hybrid_minmax_blend_a050"": 1, ""mxbai"": 1, ""qwen3"": 1}"	"{""bm25"": 0.3010299956639812, ""eos_compact_q4_fp16_o200"": 1.0, ""eos_dense"": 1.0, ""hybrid_minmax_blend_a050"": 1.0, ""mxbai"": 1.0, ""qwen3"": 1.0}"	"{""bm25"": 1.0, ""eos_compact_q4_fp16_o200"": 1.0, ""eos_dense"": 1.0, ""hybrid_minmax_blend_a050"": 1.0, ""mxbai"": 1.0, ""qwen3"": 1.0}"	"{""bm25"": ""3973445"", ""eos_compact_q4_fp16_o200"": ""49556906"", ""eos_dense"": ""49556906"", ""hybrid_minmax_blend_a050"": ""49556906"", ""mxbai"": ""49556906"", ""qwen3"": ""49556906""}"
scifact	56	1	False	True	True	True	"{""bm25"": 1, ""eos_compact_q4_fp16_o200"": 10, ""eos_dense"": 10, ""hybrid_minmax_blend_a050"": 1, ""mxbai"": 1, ""qwen3"": 1}"	"{""bm25"": 1.0, ""eos_compact_q4_fp16_o200"": 0.2890648263178879, ""eos_dense"": 0.2890648263178879, ""hybrid_minmax_blend_a050"": 1.0, ""mxbai"": 1.0, ""qwen3"": 1.0}"	"{""bm25"": 1.0, ""eos_compact_q4_fp16_o200"": 1.0, ""eos_dense"": 1.0, ""hybrid_minmax_blend_a050"": 1.0, ""mxbai"": 1.0, ""qwen3"": 1.0}"	"{""bm25"": ""4709641"", ""eos_compact_q4_fp16_o200"": ""11428884"", ""eos_dense"": ""11428884"", ""hybrid_minmax_blend_a050"": ""4709641"", ""mxbai"": ""4709641"", ""qwen3"": ""4709641""}"
scifact	57	1	False	True	True	True	"{""bm25"": 1, ""eos_compact_q4_fp16_o200"": 2, ""eos_dense"": 2, ""hybrid_minmax_blend_a050"": 1, ""mxbai"": 1, ""qwen3"": 1}"	"{""bm25"": 1.0, ""eos_compact_q4_fp16_o200"": 0.6309297535714574, ""eos_dense"": 0.6309297535714574, ""hybrid_minmax_blend_a050"": 1.0, ""mxbai"": 1.0, ""qwen3"": 1.0}"	"{""bm25"": 1.0, ""eos_compact_q4_fp16_o200"": 1.0, ""eos_dense"": 1.0, ""hybrid_minmax_blend_a050"": 1.0, ""mxbai"": 1.0, ""qwen3"": 1.0}"	"{""bm25"": ""4709641"", ""eos_compact_q4_fp16_o200"": ""11428884"", ""eos_dense"": ""11428884"", ""hybrid_minmax_blend_a050"": ""4709641"", ""mxbai"": ""4709641"", ""qwen3"": ""4709641""}"
scifact	70	2	False	True	False	False	"{""bm25"": 1, ""eos_compact_q4_fp16_o200"": 1, ""eos_dense"": 1, ""hybrid_minmax_blend_a050"": 1, ""mxbai"": 1, ""qwen3"": 9}"	"{""bm25"": 1.0, ""eos_compact_q4_fp16_o200"": 0.8503449055347547, ""eos_dense"": 0.8503449055347547, ""hybrid_minmax_blend_a050"": 1.0, ""mxbai"": 1.0, ""qwen3"": 0.1845756967795682}"	"{""bm25"": 1.0, ""eos_compact_q4_fp16_o200"": 1.0, ""eos_dense"": 1.0, ""hybrid_minmax_blend_a050"": 1.0, ""mxbai"": 1.0, ""qwen3"": 1.0}"	"{""bm25"": ""5956380"", ""eos_compact_q4_fp16_o200"": ""5956380"", ""eos_dense"": ""5956380"", ""hybrid_minmax_blend_a050"": ""5956380"", ""mxbai"": ""5956380"", ""qwen3"": ""23985464""}"
scifact	72	1	False	True	False	False	"{""bm25"": 6, ""eos_compact_q4_fp16_o200"": 1, ""eos_dense"": 1, ""hybrid_minmax_blend_a050"": 1, ""mxbai"": 2, ""qwen3"": 3}"	"{""bm25"": 0.3562071871080222, ""eos_compact_q4_fp16_o200"": 1.0, ""eos_dense"": 1.0, ""hybrid_minmax_blend_a050"": 1.0, ""mxbai"": 0.6309297535714574, ""qwen3"": 0.5}"	"{""bm25"": 1.0, ""eos_compact_q4_fp16_o200"": 1.0, ""eos_dense"": 1.0, ""hybrid_minmax_blend_a050"": 1.0, ""mxbai"": 1.0, ""qwen3"": 1.0}"	"{""bm25"": ""18895793"", ""eos_compact_q4_fp16_o200"": ""6076903"", ""eos_dense"": ""6076903"", ""hybrid_minmax_blend_a050"": ""6076903"", ""mxbai"": ""8997410"", ""qwen3"": ""3825472""}"
scifact	75	1	False	True	True	True	"{""bm25"": 1, ""eos_compact_q4_fp16_o200"": 1, ""eos_dense"": 1, ""hybrid_minmax_blend_a050"": 1, ""mxbai"": 1, ""qwen3"": 1}"	"{""bm25"": 1.0, ""eos_compact_q4_fp16_o200"": 1.0, ""eos_dense"": 1.0, ""hybrid_minmax_blend_a050"": 1.0, ""mxbai"": 1.0, ""qwen3"": 1.0}"	"{""bm25"": 1.0, ""eos_compact_q4_fp16_o200"": 1.0, ""eos_dense"": 1.0, ""hybrid_minmax_blend_a050"": 1.0, ""mxbai"": 1.0, ""qwen3"": 1.0}"	"{""bm25"": ""4387784"", ""eos_compact_q4_fp16_o200"": ""4387784"", ""eos_dense"": ""4387784"", ""hybrid_minmax_blend_a050"": ""4387784"", ""mxbai"": ""4387784"", ""qwen3"": ""4387784""}"
scifact	94	1	True	False	False	False	"{""bm25"": 1, ""eos_compact_q4_fp16_o200"": 39, ""eos_dense"": 39, ""hybrid_minmax_blend_a050"": 1, ""mxbai"": 1, ""qwen3"": 12}"	"{""bm25"": 1.0, ""eos_compact_q4_fp16_o200"": 0.0, ""eos_dense"": 0.0, ""hybrid_minmax_blend_a050"": 1.0, ""mxbai"": 1.0, ""qwen3"": 0.0}"	"{""bm25"": 1.0, ""eos_compact_q4_fp16_o200"": 1.0, ""eos_dense"": 1.0, ""hybrid_minmax_blend_a050"": 1.0, ""mxbai"": 1.0, ""qwen3"": 1.0}"	"{""bm25"": ""1215116"", ""eos_compact_q4_fp16_o200"": ""2356950"", ""eos_dense"": ""2356950"", ""hybrid_minmax_blend_a050"": ""1215116"", ""mxbai"": ""1215116"", ""qwen3"": ""9110810""}"
scifact	99	1	False	True	False	False	"{""bm25"": 1, ""eos_compact_q4_fp16_o200"": 4, ""eos_dense"": 4, ""hybrid_minmax_blend_a050"": 1, ""mxbai"": 1, ""qwen3"": 2}"	"{""bm25"": 1.0, ""eos_compact_q4_fp16_o200"": 0.43067655807339306, ""eos_dense"": 0.43067655807339306, ""hybrid_minmax_blend_a050"": 1.0, ""mxbai"": 1.0, ""qwen3"": 0.6309297535714574}"	"{""bm25"": 1.0, ""eos_compact_q4_fp16_o200"": 1.0, ""eos_dense"": 1.0, ""hybrid_minmax_blend_a050"": 1.0, ""mxbai"": 1.0, ""qwen3"": 1.0}"	"{""bm25"": ""18810195"", ""eos_compact_q4_fp16_o200"": ""25373397"", ""eos_dense"": ""25373397"", ""hybrid_minmax_blend_a050"": ""18810195"", ""mxbai"": ""18810195"", ""qwen3"": ""10247314""}"
scifact	100	1	True	True	True	True	"{""bm25"": 1, ""eos_compact_q4_fp16_o200"": 38, ""eos_dense"": 38, ""hybrid_minmax_blend_a050"": 1, ""mxbai"": 1, ""qwen3"": 1}"	"{""bm25"": 1.0, ""eos_compact_q4_fp16_o200"": 0.0, ""eos_dense"": 0.0, ""hybrid_minmax_blend_a050"": 1.0, ""mxbai"": 1.0, ""qwen3"": 1.0}"	"{""bm25"": 1.0, ""eos_compact_q4_fp16_o200"": 1.0, ""eos_dense"": 1.0, ""hybrid_minmax_blend_a050"": 1.0, ""mxbai"": 1.0, ""qwen3"": 1.0}"	"{""bm25"": ""4381486"", ""eos_compact_q4_fp16_o200"": ""35684881"", ""eos_dense"": ""35684881"", ""hybrid_minmax_blend_a050"": ""4381486"", ""mxbai"": ""4381486"", ""qwen3"": ""4381486""}"
scifact	113	1	False	True	True	True	"{""bm25"": 1, ""eos_compact_q4_fp16_o200"": 1, ""eos_dense"": 1, ""hybrid_minmax_blend_a050"": 1, ""mxbai"": 1, ""qwen3"": 1}"	"{""bm25"": 1.0, ""eos_compact_q4_fp16_o200"": 1.0, ""eos_dense"": 1.0, ""hybrid_minmax_blend_a050"": 1.0, ""mxbai"": 1.0, ""qwen3"": 1.0}"	"{""bm25"": 1.0, ""eos_compact_q4_fp16_o200"": 1.0, ""eos_dense"": 1.0, ""hybrid_minmax_blend_a050"": 1.0, ""mxbai"": 1.0, ""qwen3"": 1.0}"	"{""bm25"": ""6157837"", ""eos_compact_q4_fp16_o200"": ""6157837"", ""eos_dense"": ""6157837"", ""hybrid_minmax_blend_a050"": ""6157837"", ""mxbai"": ""6157837"", ""qwen3"": ""6157837""}"
scifact	115	1	False	True	True	True	"{""bm25"": 1, ""eos_compact_q4_fp16_o200"": 8, ""eos_dense"": 8, ""hybrid_minmax_blend_a050"": 1, ""mxbai"": 1, ""qwen3"": 1}"	"{""bm25"": 1.0, ""eos_compact_q4_fp16_o200"": 0.3154648767857287, ""eos_dense"": 0.3154648767857287, ""hybrid_minmax_blend_a050"": 1.0, ""mxbai"": 1.0, ""qwen3"": 1.0}"	"{""bm25"": 1.0, ""eos_compact_q4_fp16_o200"": 1.0, ""eos_dense"": 1.0, ""hybrid_minmax_blend_a050"": 1.0, ""mxbai"": 1.0, ""qwen3"": 1.0}"	"{""bm25"": ""33872649"", ""eos_compact_q4_fp16_o200"": ""3619372"", ""eos_dense"": ""3619372"", ""hybrid_minmax_blend_a050"": ""33872649"", ""mxbai"": ""33872649"", ""qwen3"": ""33872649""}"
scifact	118	1	False	True	True	True	"{""bm25"": 1, ""eos_compact_q4_fp16_o200"": 1, ""eos_dense"": 1, ""hybrid_minmax_blend_a050"": 1, ""mxbai"": 1, ""qwen3"": 1}"	"{""bm25"": 1.0, ""eos_compact_q4_fp16_o200"": 1.0, ""eos_dense"": 1.0, ""hybrid_minmax_blend_a050"": 1.0, ""mxbai"": 1.0, ""qwen3"": 1.0}"	"{""bm25"": 1.0, ""eos_compact_q4_fp16_o200"": 1.0, ""eos_dense"": 1.0, ""hybrid_minmax_blend_a050"": 1.0, ""mxbai"": 1.0, ""qwen3"": 1.0}"	"{""bm25"": ""6372244"", ""eos_compact_q4_fp16_o200"": ""6372244"", ""eos_dense"": ""6372244"", ""hybrid_minmax_blend_a050"": ""6372244"", ""mxbai"": ""6372244"", ""qwen3"": ""6372244""}"
scifact	124	1	False	True	True	True	"{""bm25"": 1, ""eos_compact_q4_fp16_o200"": 1, ""eos_dense"": 1, ""hybrid_minmax_blend_a050"": 1, ""mxbai"": 1, ""qwen3"": 1}"	"{""bm25"": 1.0, ""eos_compact_q4_fp16_o200"": 1.0, ""eos_dense"": 1.0, ""hybrid_minmax_blend_a050"": 1.0, ""mxbai"": 1.0, ""qwen3"": 1.0}"	"{""bm25"": 1.0, ""eos_compact_q4_fp16_o200"": 1.0, ""eos_dense"": 1.0, ""hybrid_minmax_blend_a050"": 1.0, ""mxbai"": 1.0, ""qwen3"": 1.0}"	"{""bm25"": ""4883040"", ""eos_compact_q4_fp16_o200"": ""4883040"", ""eos_dense"": ""4883040"", ""hybrid_minmax_blend_a050"": ""4883040"", ""mxbai"": ""4883040"", ""qwen3"": ""4883040""}"
scifact	127	1	True	True	True	True	"{""bm25"": 3, ""eos_compact_q4_fp16_o200"": 20, ""eos_dense"": 20, ""hybrid_minmax_blend_a050"": 2, ""mxbai"": 1, ""qwen3"": 1}"	"{""bm25"": 0.5, ""eos_compact_q4_fp16_o200"": 0.0, ""eos_dense"": 0.0, ""hybrid_minmax_blend_a050"": 0.6309297535714574, ""mxbai"": 1.0, ""qwen3"": 1.0}"	"{""bm25"": 1.0, ""eos_compact_q4_fp16_o200"": 1.0, ""eos_dense"": 1.0, ""hybrid_minmax_blend_a050"": 1.0, ""mxbai"": 1.0, ""qwen3"": 1.0}"	"{""bm25"": ""35231675"", ""eos_compact_q4_fp16_o200"": ""3765739"", ""eos_dense"": ""3765739"", ""hybrid_minmax_blend_a050"": ""293661"", ""mxbai"": ""21598000"", ""qwen3"": ""21598000""}"
scifact	128	1	False	False	False	False	"{""bm25"": 3, ""eos_compact_q4_fp16_o200"": 1, ""eos_dense"": 1, ""hybrid_minmax_blend_a050"": 1, ""mxbai"": 92, ""qwen3"": 0}"	"{""bm25"": 0.5, ""eos_compact_q4_fp16_o200"": 1.0, ""eos_dense"": 1.0, ""hybrid_minmax_blend_a050"": 1.0, ""mxbai"": 0.0, ""qwen3"": 0.0}"	"{""bm25"": 1.0, ""eos_compact_q4_fp16_o200"": 1.0, ""eos_dense"": 1.0, ""hybrid_minmax_blend_a050"": 1.0, ""mxbai"": 1.0, ""qwen3"": 0.0}"	"{""bm25"": ""23513718"", ""eos_compact_q4_fp16_o200"": ""8290953"", ""eos_dense"": ""8290953"", ""hybrid_minmax_blend_a050"": ""8290953"", ""mxbai"": ""12549585"", ""qwen3"": ""25175997""}"
scifact	129	1	False	True	True	True	"{""bm25"": 1, ""eos_compact_q4_fp16_o200"": 7, ""eos_dense"": 7, ""hybrid_minmax_blend_a050"": 1, ""mxbai"": 1, ""qwen3"": 1}"	"{""bm25"": 1.0, ""eos_compact_q4_fp16_o200"": 0.3333333333333333, ""eos_dense"": 0.3333333333333333, ""hybrid_minmax_blend_a050"": 1.0, ""mxbai"": 1.0, ""qwen3"": 1.0}"	"{""bm25"": 1.0, ""eos_compact_q4_fp16_o200"": 1.0, ""eos_dense"": 1.0, ""hybrid_minmax_blend_a050"": 1.0, ""mxbai"": 1.0, ""qwen3"": 1.0}"	"{""bm25"": ""27768226"", ""eos_compact_q4_fp16_o200"": ""2762601"", ""eos_dense"": ""2762601"", ""hybrid_minmax_blend_a050"": ""27768226"", ""mxbai"": ""27768226"", ""qwen3"": ""27768226""}"
scifact	130	1	False	True	True	True	"{""bm25"": 1, ""eos_compact_q4_fp16_o200"": 3, ""eos_dense"": 3, ""hybrid_minmax_blend_a050"": 1, ""mxbai"": 1, ""qwen3"": 1}"	"{""bm25"": 1.0, ""eos_compact_q4_fp16_o200"": 0.5, ""eos_dense"": 0.5, ""hybrid_minmax_blend_a050"": 1.0, ""mxbai"": 1.0, ""qwen3"": 1.0}"	"{""bm25"": 1.0, ""eos_compact_q4_fp16_o200"": 1.0, ""eos_dense"": 1.0, ""hybrid_minmax_blend_a050"": 1.0, ""mxbai"": 1.0, ""qwen3"": 1.0}"	"{""bm25"": ""27768226"", ""eos_compact_q4_fp16_o200"": ""2762601"", ""eos_dense"": ""2762601"", ""hybrid_minmax_blend_a050"": ""27768226"", ""mxbai"": ""27768226"", ""qwen3"": ""27768226""}"
scifact	132	1	True	False	False	True	"{""bm25"": 0, ""eos_compact_q4_fp16_o200"": 0, ""eos_dense"": 0, ""hybrid_minmax_blend_a050"": 0, ""mxbai"": 12, ""qwen3"": 0}"	"{""bm25"": 0.0, ""eos_compact_q4_fp16_o200"": 0.0, ""eos_dense"": 0.0, ""hybrid_minmax_blend_a050"": 0.0, ""mxbai"": 0.0, ""qwen3"": 0.0}"	"{""bm25"": 0.0, ""eos_compact_q4_fp16_o200"": 0.0, ""eos_dense"": 0.0, ""hybrid_minmax_blend_a050"": 0.0, ""mxbai"": 1.0, ""qwen3"": 0.0}"	"{""bm25"": ""21181273"", ""eos_compact_q4_fp16_o200"": ""195352"", ""eos_dense"": ""195352"", ""hybrid_minmax_blend_a050"": ""39903312"", ""mxbai"": ""3866315"", ""qwen3"": ""3866315""}"
scifact	133	5	False	True	False	False	"{""bm25"": 2, ""eos_compact_q4_fp16_o200"": 2, ""eos_dense"": 2, ""hybrid_minmax_blend_a050"": 1, ""mxbai"": 2, ""qwen3"": 1}"	"{""bm25"": 0.21398626473452756, ""eos_compact_q4_fp16_o200"": 0.21398626473452756, ""eos_dense"": 0.21398626473452756, ""hybrid_minmax_blend_a050"": 0.4852285551163227, ""mxbai"": 0.7738931964842559, ""qwen3"": 0.943473299121064}"	"{""bm25"": 0.8, ""eos_compact_q4_fp16_o200"": 0.6, ""eos_dense"": 0.6, ""hybrid_minmax_blend_a050"": 0.8, ""mxbai"": 1.0, ""qwen3"": 1.0}"	"{""bm25"": ""19752008"", ""eos_compact_q4_fp16_o200"": ""16686383"", ""eos_dense"": ""16686383"", ""hybrid_minmax_blend_a050"": ""6969753"", ""mxbai"": ""86694016"", ""qwen3"": ""16280642""}"
scifact	137	1	False	True	True	True	"{""bm25"": 1, ""eos_compact_q4_fp16_o200"": 1, ""eos_dense"": 1, ""hybrid_minmax_blend_a050"": 1, ""mxbai"": 1, ""qwen3"": 1}"	"{""bm25"": 1.0, ""eos_compact_q4_fp16_o200"": 1.0, ""eos_dense"": 1.0, ""hybrid_minmax_blend_a050"": 1.0, ""mxbai"": 1.0, ""qwen3"": 1.0}"	"{""bm25"": 1.0, ""eos_compact_q4_fp16_o200"": 1.0, ""eos_dense"": 1.0, ""hybrid_minmax_blend_a050"": 1.0, ""mxbai"": 1.0, ""qwen3"": 1.0}"	"{""bm25"": ""26016929"", ""eos_compact_q4_fp16_o200"": ""26016929"", ""eos_dense"": ""26016929"", ""hybrid_minmax_blend_a050"": ""26016929"", ""mxbai"": ""26016929"", ""qwen3"": ""26016929""}"
scifact	141	2	False	True	True	True	"{""bm25"": 1, ""eos_compact_q4_fp16_o200"": 2, ""eos_dense"": 2, ""hybrid_minmax_blend_a050"": 1, ""mxbai"": 1, ""qwen3"": 1}"	"{""bm25"": 1.0, ""eos_compact_q4_fp16_o200"": 0.6509209298071325, ""eos_dense"": 0.6509209298071325, ""hybrid_minmax_blend_a050"": 0.9197207891481877, ""mxbai"": 0.8772153153380494, ""qwen3"": 1.0}"	"{""bm25"": 1.0, ""eos_compact_q4_fp16_o200"": 1.0, ""eos_dense"": 1.0, ""hybrid_minmax_blend_a050"": 1.0, ""mxbai"": 1.0, ""qwen3"": 1.0}"	"{""bm25"": ""14437255"", ""eos_compact_q4_fp16_o200"": ""41182002"", ""eos_dense"": ""41182002"", ""hybrid_minmax_blend_a050"": ""14437255"", ""mxbai"": ""14437255"", ""qwen3"": ""14437255""}"
scifact	142	1	False	True	True	True	"{""bm25"": 1, ""eos_compact_q4_fp16_o200"": 2, ""eos_dense"": 2, ""hybrid_minmax_blend_a050"": 1, ""mxbai"": 1, ""qwen3"": 1}"	"{""bm25"": 1.0, ""eos_compact_q4_fp16_o200"": 0.6309297535714574, ""eos_dense"": 0.6309297535714574, ""hybrid_minmax_blend_a050"": 1.0, ""mxbai"": 1.0, ""qwen3"": 1.0}"	"{""bm25"": 1.0, ""eos_compact_q4_fp16_o200"": 1.0, ""eos_dense"": 1.0, ""hybrid_minmax_blend_a050"": 1.0, ""mxbai"": 1.0, ""qwen3"": 1.0}"	"{""bm25"": ""10582939"", ""eos_compact_q4_fp16_o200"": ""4417177"", ""eos_dense"": ""4417177"", ""hybrid_minmax_blend_a050"": ""10582939"", ""mxbai"": ""10582939"", ""qwen3"": ""10582939""}"
scifact	143	1	False	True	True	True	"{""bm25"": 1, ""eos_compact_q4_fp16_o200"": 1, ""eos_dense"": 1, ""hybrid_minmax_blend_a050"": 1, ""mxbai"": 1, ""qwen3"": 1}"	"{""bm25"": 1.0, ""eos_compact_q4_fp16_o200"": 1.0, ""eos_dense"": 1.0, ""hybrid_minmax_blend_a050"": 1.0, ""mxbai"": 1.0, ""qwen3"": 1.0}"	"{""bm25"": 1.0, ""eos_compact_q4_fp16_o200"": 1.0, ""eos_dense"": 1.0, ""hybrid_minmax_blend_a050"": 1.0, ""mxbai"": 1.0, ""qwen3"": 1.0}"	"{""bm25"": ""10582939"", ""eos_compact_q4_fp16_o200"": ""10582939"", ""eos_dense"": ""10582939"", ""hybrid_minmax_blend_a050"": ""10582939"", ""mxbai"": ""10582939"", ""qwen3"": ""10582939""}"
scifact	146	1	False	True	True	True	"{""bm25"": 1, ""eos_compact_q4_fp16_o200"": 2, ""eos_dense"": 2, ""hybrid_minmax_blend_a050"": 1, ""mxbai"": 1, ""qwen3"": 1}"	"{""bm25"": 1.0, ""eos_compact_q4_fp16_o200"": 0.6309297535714574, ""eos_dense"": 0.6309297535714574, ""hybrid_minmax_blend_a050"": 1.0, ""mxbai"": 1.0, ""qwen3"": 1.0}"	"{""bm25"": 1.0, ""eos_compact_q4_fp16_o200"": 1.0, ""eos_dense"": 1.0, ""hybrid_minmax_blend_a050"": 1.0, ""mxbai"": 1.0, ""qwen3"": 1.0}"	"{""bm25"": ""10582939"", ""eos_compact_q4_fp16_o200"": ""2053540"", ""eos_dense"": ""2053540"", ""hybrid_minmax_blend_a050"": ""10582939"", ""mxbai"": ""10582939"", ""qwen3"": ""10582939""}"
scifact	148	1	False	True	False	False	"{""bm25"": 1, ""eos_compact_q4_fp16_o200"": 1, ""eos_dense"": 1, ""hybrid_minmax_blend_a050"": 1, ""mxbai"": 1, ""qwen3"": 2}"	"{""bm25"": 1.0, ""eos_compact_q4_fp16_o200"": 1.0, ""eos_dense"": 1.0, ""hybrid_minmax_blend_a050"": 1.0, ""mxbai"": 1.0, ""qwen3"": 0.6309297535714574}"	"{""bm25"": 1.0, ""eos_compact_q4_fp16_o200"": 1.0, ""eos_dense"": 1.0, ""hybrid_minmax_blend_a050"": 1.0, ""mxbai"": 1.0, ""qwen3"": 1.0}"	"{""bm25"": ""1084345"", ""eos_compact_q4_fp16_o200"": ""1084345"", ""eos_dense"": ""1084345"", ""hybrid_minmax_blend_a050"": ""1084345"", ""mxbai"": ""1084345"", ""qwen3"": ""56528795""}"
scifact	163	1	False	True	True	True	"{""bm25"": 1, ""eos_compact_q4_fp16_o200"": 1, ""eos_dense"": 1, ""hybrid_minmax_blend_a050"": 1, ""mxbai"": 1, ""qwen3"": 1}"	"{""bm25"": 1.0, ""eos_compact_q4_fp16_o200"": 1.0, ""eos_dense"": 1.0, ""hybrid_minmax_blend_a050"": 1.0, ""mxbai"": 1.0, ""qwen3"": 1.0}"	"{""bm25"": 1.0, ""eos_compact_q4_fp16_o200"": 1.0, ""eos_dense"": 1.0, ""hybrid_minmax_blend_a050"": 1.0, ""mxbai"": 1.0, ""qwen3"": 1.0}"	"{""bm25"": ""18872233"", ""eos_compact_q4_fp16_o200"": ""18872233"", ""eos_dense"": ""18872233"", ""hybrid_minmax_blend_a050"": ""18872233"", ""mxbai"": ""18872233"", ""qwen3"": ""18872233""}"
scifact	171	1	False	True	True	True	"{""bm25"": 1, ""eos_compact_q4_fp16_o200"": 1, ""eos_dense"": 1, ""hybrid_minmax_blend_a050"": 1, ""mxbai"": 1, ""qwen3"": 1}"	"{""bm25"": 1.0, ""eos_compact_q4_fp16_o200"": 1.0, ""eos_dense"": 1.0, ""hybrid_minmax_blend_a050"": 1.0, ""mxbai"": 1.0, ""qwen3"": 1.0}"	"{""bm25"": 1.0, ""eos_compact_q4_fp16_o200"": 1.0, ""eos_dense"": 1.0, ""hybrid_minmax_blend_a050"": 1.0, ""mxbai"": 1.0, ""qwen3"": 1.0}"	"{""bm25"": ""12670680"", ""eos_compact_q4_fp16_o200"": ""12670680"", ""eos_dense"": ""12670680"", ""hybrid_minmax_blend_a050"": ""12670680"", ""mxbai"": ""12670680"", ""qwen3"": ""12670680""}"
scifact	179	4	False	True	True	False	"{""bm25"": 1, ""eos_compact_q4_fp16_o200"": 1, ""eos_dense"": 1, ""hybrid_minmax_blend_a050"": 1, ""mxbai"": 1, ""qwen3"": 1}"	"{""bm25"": 0.5855700749881526, ""eos_compact_q4_fp16_o200"": 0.9828920819566879, ""eos_dense"": 0.9828920819566879, ""hybrid_minmax_blend_a050"": 0.9178287402913377, ""mxbai"": 0.9709286432396583, ""qwen3"": 0.9828920819566879}"	"{""bm25"": 1.0, ""eos_compact_q4_fp16_o200"": 1.0, ""eos_dense"": 1.0, ""hybrid_minmax_blend_a050"": 1.0, ""mxbai"": 1.0, ""qwen3"": 1.0}"	"{""bm25"": ""16322674"", ""eos_compact_q4_fp16_o200"": ""27123743"", ""eos_dense"": ""27123743"", ""hybrid_minmax_blend_a050"": ""16322674"", ""mxbai"": ""16322674"", ""qwen3"": ""27123743""}"
scifact	180	1	False	True	True	True	"{""bm25"": 1, ""eos_compact_q4_fp16_o200"": 1, ""eos_dense"": 1, ""hybrid_minmax_blend_a050"": 1, ""mxbai"": 1, ""qwen3"": 1}"	"{""bm25"": 1.0, ""eos_compact_q4_fp16_o200"": 1.0, ""eos_dense"": 1.0, ""hybrid_minmax_blend_a050"": 1.0, ""mxbai"": 1.0, ""qwen3"": 1.0}"	"{""bm25"": 1.0, ""eos_compact_q4_fp16_o200"": 1.0, ""eos_dense"": 1.0, ""hybrid_minmax_blend_a050"": 1.0, ""mxbai"": 1.0, ""qwen3"": 1.0}"	"{""bm25"": ""16966326"", ""eos_compact_q4_fp16_o200"": ""16966326"", ""eos_dense"": ""16966326"", ""hybrid_minmax_blend_a050"": ""16966326"", ""mxbai"": ""16966326"", ""qwen3"": ""16966326""}"
scifact	183	1	False	True	False	False	"{""bm25"": 9, ""eos_compact_q4_fp16_o200"": 1, ""eos_dense"": 1, ""hybrid_minmax_blend_a050"": 2, ""mxbai"": 1, ""qwen3"": 2}"	"{""bm25"": 0.3010299956639812, ""eos_compact_q4_fp16_o200"": 1.0, ""eos_dense"": 1.0, ""hybrid_minmax_blend_a050"": 0.6309297535714574, ""mxbai"": 1.0, ""qwen3"": 0.6309297535714574}"	"{""bm25"": 1.0, ""eos_compact_q4_fp16_o200"": 1.0, ""eos_dense"": 1.0, ""hybrid_minmax_blend_a050"": 1.0, ""mxbai"": 1.0, ""qwen3"": 1.0}"	"{""bm25"": ""8137081"", ""eos_compact_q4_fp16_o200"": ""12827098"", ""eos_dense"": ""12827098"", ""hybrid_minmax_blend_a050"": ""10078024"", ""mxbai"": ""12827098"", ""qwen3"": ""7521113""}"
scifact	185	1	True	True	True	True	"{""bm25"": 1, ""eos_compact_q4_fp16_o200"": 57, ""eos_dense"": 57, ""hybrid_minmax_blend_a050"": 4, ""mxbai"": 1, ""qwen3"": 1}"	"{""bm25"": 1.0, ""eos_compact_q4_fp16_o200"": 0.0, ""eos_dense"": 0.0, ""hybrid_minmax_blend_a050"": 0.43067655807339306, ""mxbai"": 1.0, ""qwen3"": 1.0}"	"{""bm25"": 1.0, ""eos_compact_q4_fp16_o200"": 1.0, ""eos_dense"": 1.0, ""hybrid_minmax_blend_a050"": 1.0, ""mxbai"": 1.0, ""qwen3"": 1.0}"	"{""bm25"": ""18340282"", ""eos_compact_q4_fp16_o200"": ""20333864"", ""eos_dense"": ""20333864"", ""hybrid_minmax_blend_a050"": ""21874312"", ""mxbai"": ""18340282"", ""qwen3"": ""18340282""}"
scifact	198	1	False	False	False	False	"{""bm25"": 2, ""eos_compact_q4_fp16_o200"": 1, ""eos_dense"": 1, ""hybrid_minmax_blend_a050"": 1, ""mxbai"": 6, ""qwen3"": 17}"	"{""bm25"": 0.6309297535714574, ""eos_compact_q4_fp16_o200"": 1.0, ""eos_dense"": 1.0, ""hybrid_minmax_blend_a050"": 1.0, ""mxbai"": 0.3562071871080222, ""qwen3"": 0.0}"	"{""bm25"": 1.0, ""eos_compact_q4_fp16_o200"": 1.0, ""eos_dense"": 1.0, ""hybrid_minmax_blend_a050"": 1.0, ""mxbai"": 1.0, ""qwen3"": 1.0}"	"{""bm25"": ""40590358"", ""eos_compact_q4_fp16_o200"": ""2177022"", ""eos_dense"": ""2177022"", ""hybrid_minmax_blend_a050"": ""2177022"", ""mxbai"": ""27602752"", ""qwen3"": ""2248870""}"
scifact	208	1	False	True	True	True	"{""bm25"": 1, ""eos_compact_q4_fp16_o200"": 1, ""eos_dense"": 1, ""hybrid_minmax_blend_a050"": 1, ""mxbai"": 1, ""qwen3"": 1}"	"{""bm25"": 1.0, ""eos_compact_q4_fp16_o200"": 1.0, ""eos_dense"": 1.0, ""hybrid_minmax_blend_a050"": 1.0, ""mxbai"": 1.0, ""qwen3"": 1.0}"	"{""bm25"": 1.0, ""eos_compact_q4_fp16_o200"": 1.0, ""eos_dense"": 1.0, ""hybrid_minmax_blend_a050"": 1.0, ""mxbai"": 1.0, ""qwen3"": 1.0}"	"{""bm25"": ""13519661"", ""eos_compact_q4_fp16_o200"": ""13519661"", ""eos_dense"": ""13519661"", ""hybrid_minmax_blend_a050"": ""13519661"", ""mxbai"": ""13519661"", ""qwen3"": ""13519661""}"
scifact	212	1	False	True	False	False	"{""bm25"": 6, ""eos_compact_q4_fp16_o200"": 10, ""eos_dense"": 10, ""hybrid_minmax_blend_a050"": 5, ""mxbai"": 4, ""qwen3"": 5}"	"{""bm25"": 0.3562071871080222, ""eos_compact_q4_fp16_o200"": 0.2890648263178879, ""eos_dense"": 0.2890648263178879, ""hybrid_minmax_blend_a050"": 0.38685280723454163, ""mxbai"": 0.43067655807339306, ""qwen3"": 0.38685280723454163}"	"{""bm25"": 1.0, ""eos_compact_q4_fp16_o200"": 1.0, ""eos_dense"": 1.0, ""hybrid_minmax_blend_a050"": 1.0, ""mxbai"": 1.0, ""qwen3"": 1.0}"	"{""bm25"": ""23017040"", ""eos_compact_q4_fp16_o200"": ""663464"", ""eos_dense"": ""663464"", ""hybrid_minmax_blend_a050"": ""663464"", ""mxbai"": ""9291668"", ""qwen3"": ""7808055""}"
scifact	213	1	False	True	False	False	"{""bm25"": 6, ""eos_compact_q4_fp16_o200"": 1, ""eos_dense"": 1, ""hybrid_minmax_blend_a050"": 1, ""mxbai"": 6, ""qwen3"": 5}"	"{""bm25"": 0.3562071871080222, ""eos_compact_q4_fp16_o200"": 1.0, ""eos_dense"": 1.0, ""hybrid_minmax_blend_a050"": 1.0, ""mxbai"": 0.3562071871080222, ""qwen3"": 0.38685280723454163}"	"{""bm25"": 1.0, ""eos_compact_q4_fp16_o200"": 1.0, ""eos_dense"": 1.0, ""hybrid_minmax_blend_a050"": 1.0, ""mxbai"": 1.0, ""qwen3"": 1.0}"	"{""bm25"": ""27054878"", ""eos_compact_q4_fp16_o200"": ""13625993"", ""eos_dense"": ""13625993"", ""hybrid_minmax_blend_a050"": ""13625993"", ""mxbai"": ""20887554"", ""qwen3"": ""27054878""}"
scifact	216	1	False	True	True	True	"{""bm25"": 1, ""eos_compact_q4_fp16_o200"": 1, ""eos_dense"": 1, ""hybrid_minmax_blend_a050"": 1, ""mxbai"": 1, ""qwen3"": 1}"	"{""bm25"": 1.0, ""eos_compact_q4_fp16_o200"": 1.0, ""eos_dense"": 1.0, ""hybrid_minmax_blend_a050"": 1.0, ""mxbai"": 1.0, ""qwen3"": 1.0}"	"{""bm25"": 1.0, ""eos_compact_q4_fp16_o200"": 1.0, ""eos_dense"": 1.0, ""hybrid_minmax_blend_a050"": 1.0, ""mxbai"": 1.0, ""qwen3"": 1.0}"	"{""bm25"": ""21366394"", ""eos_compact_q4_fp16_o200"": ""21366394"", ""eos_dense"": ""21366394"", ""hybrid_minmax_blend_a050"": ""21366394"", ""mxbai"": ""21366394"", ""qwen3"": ""21366394""}"
scifact	217	1	False	True	True	True	"{""bm25"": 1, ""eos_compact_q4_fp16_o200"": 1, ""eos_dense"": 1, ""hybrid_minmax_blend_a050"": 1, ""mxbai"": 1, ""qwen3"": 1}"	"{""bm25"": 1.0, ""eos_compact_q4_fp16_o200"": 1.0, ""eos_dense"": 1.0, ""hybrid_minmax_blend_a050"": 1.0, ""mxbai"": 1.0, ""qwen3"": 1.0}"	"{""bm25"": 1.0, ""eos_compact_q4_fp16_o200"": 1.0, ""eos_dense"": 1.0, ""hybrid_minmax_blend_a050"": 1.0, ""mxbai"": 1.0, ""qwen3"": 1.0}"	"{""bm25"": ""21366394"", ""eos_compact_q4_fp16_o200"": ""21366394"", ""eos_dense"": ""21366394"", ""hybrid_minmax_blend_a050"": ""21366394"", ""mxbai"": ""21366394"", ""qwen3"": ""21366394""}"
scifact	218	1	False	True	True	True	"{""bm25"": 1, ""eos_compact_q4_fp16_o200"": 1, ""eos_dense"": 1, ""hybrid_minmax_blend_a050"": 1, ""mxbai"": 1, ""qwen3"": 1}"	"{""bm25"": 1.0, ""eos_compact_q4_fp16_o200"": 1.0, ""eos_dense"": 1.0, ""hybrid_minmax_blend_a050"": 1.0, ""mxbai"": 1.0, ""qwen3"": 1.0}"	"{""bm25"": 1.0, ""eos_compact_q4_fp16_o200"": 1.0, ""eos_dense"": 1.0, ""hybrid_minmax_blend_a050"": 1.0, ""mxbai"": 1.0, ""qwen3"": 1.0}"	"{""bm25"": ""21366394"", ""eos_compact_q4_fp16_o200"": ""21366394"", ""eos_dense"": ""21366394"", ""hybrid_minmax_blend_a050"": ""21366394"", ""mxbai"": ""21366394"", ""qwen3"": ""21366394""}"
scifact	219	1	False	True	True	True	"{""bm25"": 1, ""eos_compact_q4_fp16_o200"": 1, ""eos_dense"": 1, ""hybrid_minmax_blend_a050"": 1, ""mxbai"": 1, ""qwen3"": 1}"	"{""bm25"": 1.0, ""eos_compact_q4_fp16_o200"": 1.0, ""eos_dense"": 1.0, ""hybrid_minmax_blend_a050"": 1.0, ""mxbai"": 1.0, ""qwen3"": 1.0}"	"{""bm25"": 1.0, ""eos_compact_q4_fp16_o200"": 1.0, ""eos_dense"": 1.0, ""hybrid_minmax_blend_a050"": 1.0, ""mxbai"": 1.0, ""qwen3"": 1.0}"	"{""bm25"": ""21366394"", ""eos_compact_q4_fp16_o200"": ""21366394"", ""eos_dense"": ""21366394"", ""hybrid_minmax_blend_a050"": ""21366394"", ""mxbai"": ""21366394"", ""qwen3"": ""21366394""}"
scifact	230	1	True	True	True	True	"{""bm25"": 1, ""eos_compact_q4_fp16_o200"": 0, ""eos_dense"": 0, ""hybrid_minmax_blend_a050"": 2, ""mxbai"": 1, ""qwen3"": 1}"	"{""bm25"": 1.0, ""eos_compact_q4_fp16_o200"": 0.0, ""eos_dense"": 0.0, ""hybrid_minmax_blend_a050"": 0.6309297535714574, ""mxbai"": 1.0, ""qwen3"": 1.0}"	"{""bm25"": 1.0, ""eos_compact_q4_fp16_o200"": 0.0, ""eos_dense"": 0.0, ""hybrid_minmax_blend_a050"": 1.0, ""mxbai"": 1.0, ""qwen3"": 1.0}"	"{""bm25"": ""3067015"", ""eos_compact_q4_fp16_o200"": ""32001951"", ""eos_dense"": ""32001951"", ""hybrid_minmax_blend_a050"": ""32001951"", ""mxbai"": ""3067015"", ""qwen3"": ""3067015""}"
scifact	232	1	False	True	False	False	"{""bm25"": 3, ""eos_compact_q4_fp16_o200"": 1, ""eos_dense"": 1, ""hybrid_minmax_blend_a050"": 1, ""mxbai"": 1, ""qwen3"": 3}"	"{""bm25"": 0.5, ""eos_compact_q4_fp16_o200"": 1.0, ""eos_dense"": 1.0, ""hybrid_minmax_blend_a050"": 1.0, ""mxbai"": 1.0, ""qwen3"": 0.5}"	"{""bm25"": 1.0, ""eos_compact_q4_fp16_o200"": 1.0, ""eos_dense"": 1.0, ""hybrid_minmax_blend_a050"": 1.0, ""mxbai"": 1.0, ""qwen3"": 1.0}"	"{""bm25"": ""7655029"", ""eos_compact_q4_fp16_o200"": ""10536636"", ""eos_dense"": ""10536636"", ""hybrid_minmax_blend_a050"": ""10536636"", ""mxbai"": ""10536636"", ""qwen3"": ""7655029""}"
scifact	233	1	False	True	True	True	"{""bm25"": 1, ""eos_compact_q4_fp16_o200"": 1, ""eos_dense"": 1, ""hybrid_minmax_blend_a050"": 1, ""mxbai"": 1, ""qwen3"": 1}"	"{""bm25"": 1.0, ""eos_compact_q4_fp16_o200"": 1.0, ""eos_dense"": 1.0, ""hybrid_minmax_blend_a050"": 1.0, ""mxbai"": 1.0, ""qwen3"": 1.0}"	"{""bm25"": 1.0, ""eos_compact_q4_fp16_o200"": 1.0, ""eos_dense"": 1.0, ""hybrid_minmax_blend_a050"": 1.0, ""mxbai"": 1.0, ""qwen3"": 1.0}"	"{""bm25"": ""4388470"", ""eos_compact_q4_fp16_o200"": ""4388470"", ""eos_dense"": ""4388470"", ""hybrid_minmax_blend_a050"": ""4388470"", ""mxbai"": ""4388470"", ""qwen3"": ""4388470""}"
scifact	236	1	False	True	True	True	"{""bm25"": 1, ""eos_compact_q4_fp16_o200"": 1, ""eos_dense"": 1, ""hybrid_minmax_blend_a050"": 1, ""mxbai"": 1, ""qwen3"": 1}"	"{""bm25"": 1.0, ""eos_compact_q4_fp16_o200"": 1.0, ""eos_dense"": 1.0, ""hybrid_minmax_blend_a050"": 1.0, ""mxbai"": 1.0, ""qwen3"": 1.0}"	"{""bm25"": 1.0, ""eos_compact_q4_fp16_o200"": 1.0, ""eos_dense"": 1.0, ""hybrid_minmax_blend_a050"": 1.0, ""mxbai"": 1.0, ""qwen3"": 1.0}"	"{""bm25"": ""4388470"", ""eos_compact_q4_fp16_o200"": ""4388470"", ""eos_dense"": ""4388470"", ""hybrid_minmax_blend_a050"": ""4388470"", ""mxbai"": ""4388470"", ""qwen3"": ""4388470""}"
scifact	237	1	False	True	False	True	"{""bm25"": 1, ""eos_compact_q4_fp16_o200"": 2, ""eos_dense"": 2, ""hybrid_minmax_blend_a050"": 1, ""mxbai"": 2, ""qwen3"": 2}"	"{""bm25"": 1.0, ""eos_compact_q4_fp16_o200"": 0.6309297535714574, ""eos_dense"": 0.6309297535714574, ""hybrid_minmax_blend_a050"": 1.0, ""mxbai"": 0.6309297535714574, ""qwen3"": 0.6309297535714574}"	"{""bm25"": 1.0, ""eos_compact_q4_fp16_o200"": 1.0, ""eos_dense"": 1.0, ""hybrid_minmax_blend_a050"": 1.0, ""mxbai"": 1.0, ""qwen3"": 1.0}"	"{""bm25"": ""4942718"", ""eos_compact_q4_fp16_o200"": ""18670"", ""eos_dense"": ""18670"", ""hybrid_minmax_blend_a050"": ""4942718"", ""mxbai"": ""12881593"", ""qwen3"": ""12881593""}"
scifact	238	1	True	False	False	False	"{""bm25"": 36, ""eos_compact_q4_fp16_o200"": 0, ""eos_dense"": 0, ""hybrid_minmax_blend_a050"": 89, ""mxbai"": 27, ""qwen3"": 15}"	"{""bm25"": 0.0, ""eos_compact_q4_fp16_o200"": 0.0, ""eos_dense"": 0.0, ""hybrid_minmax_blend_a050"": 0.0, ""mxbai"": 0.0, ""qwen3"": 0.0}"	"{""bm25"": 1.0, ""eos_compact_q4_fp16_o200"": 0.0, ""eos_dense"": 0.0, ""hybrid_minmax_blend_a050"": 1.0, ""mxbai"": 1.0, ""qwen3"": 1.0}"	"{""bm25"": ""4463811"", ""eos_compact_q4_fp16_o200"": ""2543135"", ""eos_dense"": ""2543135"", ""hybrid_minmax_blend_a050"": ""4463811"", ""mxbai"": ""2000038"", ""qwen3"": ""28704738""}"
scifact	239	1	True	False	False	True	"{""bm25"": 0, ""eos_compact_q4_fp16_o200"": 68, ""eos_dense"": 68, ""hybrid_minmax_blend_a050"": 0, ""mxbai"": 31, ""qwen3"": 6}"	"{""bm25"": 0.0, ""eos_compact_q4_fp16_o200"": 0.0, ""eos_dense"": 0.0, ""hybrid_minmax_blend_a050"": 0.0, ""mxbai"": 0.0, ""qwen3"": 0.3562071871080222}"	"{""bm25"": 0.0, ""eos_compact_q4_fp16_o200"": 1.0, ""eos_dense"": 1.0, ""hybrid_minmax_blend_a050"": 0.0, ""mxbai"": 1.0, ""qwen3"": 1.0}"	"{""bm25"": ""7042304"", ""eos_compact_q4_fp16_o200"": ""31554917"", ""eos_dense"": ""31554917"", ""hybrid_minmax_blend_a050"": ""615047"", ""mxbai"": ""3230557"", ""qwen3"": ""3230557""}"
scifact	248	1	False	True	True	True	"{""bm25"": 1, ""eos_compact_q4_fp16_o200"": 1, ""eos_dense"": 1, ""hybrid_minmax_blend_a050"": 1, ""mxbai"": 1, ""qwen3"": 1}"	"{""bm25"": 1.0, ""eos_compact_q4_fp16_o200"": 1.0, ""eos_dense"": 1.0, ""hybrid_minmax_blend_a050"": 1.0, ""mxbai"": 1.0, ""qwen3"": 1.0}"	"{""bm25"": 1.0, ""eos_compact_q4_fp16_o200"": 1.0, ""eos_dense"": 1.0, ""hybrid_minmax_blend_a050"": 1.0, ""mxbai"": 1.0, ""qwen3"": 1.0}"	"{""bm25"": ""1568684"", ""eos_compact_q4_fp16_o200"": ""1568684"", ""eos_dense"": ""1568684"", ""hybrid_minmax_blend_a050"": ""1568684"", ""mxbai"": ""1568684"", ""qwen3"": ""1568684""}"
scifact	249	1	False	True	True	True	"{""bm25"": 2, ""eos_compact_q4_fp16_o200"": 1, ""eos_dense"": 1, ""hybrid_minmax_blend_a050"": 1, ""mxbai"": 1, ""qwen3"": 1}"	"{""bm25"": 0.6309297535714574, ""eos_compact_q4_fp16_o200"": 1.0, ""eos_dense"": 1.0, ""hybrid_minmax_blend_a050"": 1.0, ""mxbai"": 1.0, ""qwen3"": 1.0}"	"{""bm25"": 1.0, ""eos_compact_q4_fp16_o200"": 1.0, ""eos_dense"": 1.0, ""hybrid_minmax_blend_a050"": 1.0, ""mxbai"": 1.0, ""qwen3"": 1.0}"	"{""bm25"": ""25050364"", ""eos_compact_q4_fp16_o200"": ""1568684"", ""eos_dense"": ""1568684"", ""hybrid_minmax_blend_a050"": ""1568684"", ""mxbai"": ""1568684"", ""qwen3"": ""1568684""}"
scifact	261	2	True	True	False	True	"{""bm25"": 5, ""eos_compact_q4_fp16_o200"": 30, ""eos_dense"": 30, ""hybrid_minmax_blend_a050"": 4, ""mxbai"": 4, ""qwen3"": 4}"	"{""bm25"": 0.23719771276929624, ""eos_compact_q4_fp16_o200"": 0.0, ""eos_dense"": 0.0, ""hybrid_minmax_blend_a050"": 0.2640681225725909, ""mxbai"": 0.4574945261898617, ""qwen3"": 0.5012658353418872}"	"{""bm25"": 0.5, ""eos_compact_q4_fp16_o200"": 0.5, ""eos_dense"": 0.5, ""hybrid_minmax_blend_a050"": 0.5, ""mxbai"": 1.0, ""qwen3"": 1.0}"	"{""bm25"": ""35271381"", ""eos_compact_q4_fp16_o200"": ""32322418"", ""eos_dense"": ""32322418"", ""hybrid_minmax_blend_a050"": ""32322418"", ""mxbai"": ""25822299"", ""qwen3"": ""25822299""}"
scifact	268	1	False	False	False	False	"{""bm25"": 2, ""eos_compact_q4_fp16_o200"": 6, ""eos_dense"": 6, ""hybrid_minmax_blend_a050"": 1, ""mxbai"": 11, ""qwen3"": 5}"	"{""bm25"": 0.6309297535714574, ""eos_compact_q4_fp16_o200"": 0.3562071871080222, ""eos_dense"": 0.3562071871080222, ""hybrid_minmax_blend_a050"": 1.0, ""mxbai"": 0.0, ""qwen3"": 0.38685280723454163}"	"{""bm25"": 1.0, ""eos_compact_q4_fp16_o200"": 1.0, ""eos_dense"": 1.0, ""hybrid_minmax_blend_a050"": 1.0, ""mxbai"": 1.0, ""qwen3"": 1.0}"	"{""bm25"": ""36838958"", ""eos_compact_q4_fp16_o200"": ""10359591"", ""eos_dense"": ""10359591"", ""hybrid_minmax_blend_a050"": ""970012"", ""mxbai"": ""25308734"", ""qwen3"": ""34582256""}"
scifact	269	1	False	False	False	False	"{""bm25"": 2, ""eos_compact_q4_fp16_o200"": 10, ""eos_dense"": 10, ""hybrid_minmax_blend_a050"": 2, ""mxbai"": 12, ""qwen3"": 5}"	"{""bm25"": 0.6309297535714574, ""eos_compact_q4_fp16_o200"": 0.2890648263178879, ""eos_dense"": 0.2890648263178879, ""hybrid_minmax_blend_a050"": 0.6309297535714574, ""mxbai"": 0.0, ""qwen3"": 0.38685280723454163}"	"{""bm25"": 1.0, ""eos_compact_q4_fp16_o200"": 1.0, ""eos_dense"": 1.0, ""hybrid_minmax_blend_a050"": 1.0, ""mxbai"": 1.0, ""qwen3"": 1.0}"	"{""bm25"": ""36838958"", ""eos_compact_q4_fp16_o200"": ""10359591"", ""eos_dense"": ""10359591"", ""hybrid_minmax_blend_a050"": ""36838958"", ""mxbai"": ""25308734"", ""qwen3"": ""34582256""}"
scifact	274	1	False	True	True	True	"{""bm25"": 1, ""eos_compact_q4_fp16_o200"": 1, ""eos_dense"": 1, ""hybrid_minmax_blend_a050"": 1, ""mxbai"": 1, ""qwen3"": 1}"	"{""bm25"": 1.0, ""eos_compact_q4_fp16_o200"": 1.0, ""eos_dense"": 1.0, ""hybrid_minmax_blend_a050"": 1.0, ""mxbai"": 1.0, ""qwen3"": 1.0}"	"{""bm25"": 1.0, ""eos_compact_q4_fp16_o200"": 1.0, ""eos_dense"": 1.0, ""hybrid_minmax_blend_a050"": 1.0, ""mxbai"": 1.0, ""qwen3"": 1.0}"	"{""bm25"": ""11614737"", ""eos_compact_q4_fp16_o200"": ""11614737"", ""eos_dense"": ""11614737"", ""hybrid_minmax_blend_a050"": ""11614737"", ""mxbai"": ""11614737"", ""qwen3"": ""11614737""}"
scifact	275	3	True	True	True	True	"{""bm25"": 1, ""eos_compact_q4_fp16_o200"": 0, ""eos_dense"": 0, ""hybrid_minmax_blend_a050"": 4, ""mxbai"": 1, ""qwen3"": 1}"	"{""bm25"": 0.46927872602275655, ""eos_compact_q4_fp16_o200"": 0.0, ""eos_dense"": 0.0, ""hybrid_minmax_blend_a050"": 0.20210734650054762, ""mxbai"": 0.7039180890341348, ""qwen3"": 0.8395700624665826}"	"{""bm25"": 0.6666666666666666, ""eos_compact_q4_fp16_o200"": 0.0, ""eos_dense"": 0.0, ""hybrid_minmax_blend_a050"": 0.6666666666666666, ""mxbai"": 1.0, ""qwen3"": 1.0}"	"{""bm25"": ""4961038"", ""eos_compact_q4_fp16_o200"": ""18037805"", ""eos_dense"": ""18037805"", ""hybrid_minmax_blend_a050"": ""4920376"", ""mxbai"": ""4961038"", ""qwen3"": ""4961038""}"
scifact	279	1	False	True	True	True	"{""bm25"": 1, ""eos_compact_q4_fp16_o200"": 1, ""eos_dense"": 1, ""hybrid_minmax_blend_a050"": 1, ""mxbai"": 1, ""qwen3"": 1}"	"{""bm25"": 1.0, ""eos_compact_q4_fp16_o200"": 1.0, ""eos_dense"": 1.0, ""hybrid_minmax_blend_a050"": 1.0, ""mxbai"": 1.0, ""qwen3"": 1.0}"	"{""bm25"": 1.0, ""eos_compact_q4_fp16_o200"": 1.0, ""eos_dense"": 1.0, ""hybrid_minmax_blend_a050"": 1.0, ""mxbai"": 1.0, ""qwen3"": 1.0}"	"{""bm25"": ""14376683"", ""eos_compact_q4_fp16_o200"": ""14376683"", ""eos_dense"": ""14376683"", ""hybrid_minmax_blend_a050"": ""14376683"", ""mxbai"": ""14376683"", ""qwen3"": ""14376683""}"
scifact	294	1	False	False	False	False	"{""bm25"": 1, ""eos_compact_q4_fp16_o200"": 1, ""eos_dense"": 1, ""hybrid_minmax_blend_a050"": 1, ""mxbai"": 9, ""qwen3"": 20}"	"{""bm25"": 1.0, ""eos_compact_q4_fp16_o200"": 1.0, ""eos_dense"": 1.0, ""hybrid_minmax_blend_a050"": 1.0, ""mxbai"": 0.3010299956639812, ""qwen3"": 0.0}"	"{""bm25"": 1.0, ""eos_compact_q4_fp16_o200"": 1.0, ""eos_dense"": 1.0, ""hybrid_minmax_blend_a050"": 1.0, ""mxbai"": 1.0, ""qwen3"": 1.0}"	"{""bm25"": ""10874408"", ""eos_compact_q4_fp16_o200"": ""10874408"", ""eos_dense"": ""10874408"", ""hybrid_minmax_blend_a050"": ""10874408"", ""mxbai"": ""25462689"", ""qwen3"": ""17240457""}"
scifact	295	1	True	True	False	True	"{""bm25"": 1, ""eos_compact_q4_fp16_o200"": 13, ""eos_dense"": 13, ""hybrid_minmax_blend_a050"": 1, ""mxbai"": 2, ""qwen3"": 2}"	"{""bm25"": 1.0, ""eos_compact_q4_fp16_o200"": 0.0, ""eos_dense"": 0.0, ""hybrid_minmax_blend_a050"": 1.0, ""mxbai"": 0.6309297535714574, ""qwen3"": 0.6309297535714574}"	"{""bm25"": 1.0, ""eos_compact_q4_fp16_o200"": 1.0, ""eos_dense"": 1.0, ""hybrid_minmax_blend_a050"": 1.0, ""mxbai"": 1.0, ""qwen3"": 1.0}"	"{""bm25"": ""20310709"", ""eos_compact_q4_fp16_o200"": ""15462523"", ""eos_dense"": ""15462523"", ""hybrid_minmax_blend_a050"": ""20310709"", ""mxbai"": ""29423324"", ""qwen3"": ""29423324""}"
scifact	298	1	False	True	True	True	"{""bm25"": 1, ""eos_compact_q4_fp16_o200"": 1, ""eos_dense"": 1, ""hybrid_minmax_blend_a050"": 1, ""mxbai"": 1, ""qwen3"": 1}"	"{""bm25"": 1.0, ""eos_compact_q4_fp16_o200"": 1.0, ""eos_dense"": 1.0, ""hybrid_minmax_blend_a050"": 1.0, ""mxbai"": 1.0, ""qwen3"": 1.0}"	"{""bm25"": 1.0, ""eos_compact_q4_fp16_o200"": 1.0, ""eos_dense"": 1.0, ""hybrid_minmax_blend_a050"": 1.0, ""mxbai"": 1.0, ""qwen3"": 1.0}"	"{""bm25"": ""39381118"", ""eos_compact_q4_fp16_o200"": ""39381118"", ""eos_dense"": ""39381118"", ""hybrid_minmax_blend_a050"": ""39381118"", ""mxbai"": ""39381118"", ""qwen3"": ""39381118""}"
scifact	300	1	False	False	False	True	"{""bm25"": 4, ""eos_compact_q4_fp16_o200"": 1, ""eos_dense"": 1, ""hybrid_minmax_blend_a050"": 2, ""mxbai"": 2, ""qwen3"": 17}"	"{""bm25"": 0.43067655807339306, ""eos_compact_q4_fp16_o200"": 1.0, ""eos_dense"": 1.0, ""hybrid_minmax_blend_a050"": 0.6309297535714574, ""mxbai"": 0.6309297535714574, ""qwen3"": 0.0}"	"{""bm25"": 1.0, ""eos_compact_q4_fp16_o200"": 1.0, ""eos_dense"": 1.0, ""hybrid_minmax_blend_a050"": 1.0, ""mxbai"": 1.0, ""qwen3"": 1.0}"	"{""bm25"": ""16120395"", ""eos_compact_q4_fp16_o200"": ""3553087"", ""eos_dense"": ""3553087"", ""hybrid_minmax_blend_a050"": ""16120395"", ""mxbai"": ""16120395"", ""qwen3"": ""16120395""}"
scifact	303	1	True	False	False	True	"{""bm25"": 2, ""eos_compact_q4_fp16_o200"": 0, ""eos_dense"": 0, ""hybrid_minmax_blend_a050"": 19, ""mxbai"": 6, ""qwen3"": 12}"	"{""bm25"": 0.6309297535714574, ""eos_compact_q4_fp16_o200"": 0.0, ""eos_dense"": 0.0, ""hybrid_minmax_blend_a050"": 0.0, ""mxbai"": 0.3562071871080222, ""qwen3"": 0.0}"	"{""bm25"": 1.0, ""eos_compact_q4_fp16_o200"": 0.0, ""eos_dense"": 0.0, ""hybrid_minmax_blend_a050"": 1.0, ""mxbai"": 1.0, ""qwen3"": 1.0}"	"{""bm25"": ""4085204"", ""eos_compact_q4_fp16_o200"": ""4085204"", ""eos_dense"": ""4085204"", ""hybrid_minmax_blend_a050"": ""4085204"", ""mxbai"": ""4085204"", ""qwen3"": ""4085204""}"
scifact	312	1	False	False	False	False	"{""bm25"": 3, ""eos_compact_q4_fp16_o200"": 1, ""eos_dense"": 1, ""hybrid_minmax_blend_a050"": 1, ""mxbai"": 15, ""qwen3"": 39}"	"{""bm25"": 0.5, ""eos_compact_q4_fp16_o200"": 1.0, ""eos_dense"": 1.0, ""hybrid_minmax_blend_a050"": 1.0, ""mxbai"": 0.0, ""qwen3"": 0.0}"	"{""bm25"": 1.0, ""eos_compact_q4_fp16_o200"": 1.0, ""eos_dense"": 1.0, ""hybrid_minmax_blend_a050"": 1.0, ""mxbai"": 1.0, ""qwen3"": 1.0}"	"{""bm25"": ""14185503"", ""eos_compact_q4_fp16_o200"": ""6173523"", ""eos_dense"": ""6173523"", ""hybrid_minmax_blend_a050"": ""6173523"", ""mxbai"": ""14464451"", ""qwen3"": ""32770503""}"
scifact	314	1	False	True	False	True	"{""bm25"": 3, ""eos_compact_q4_fp16_o200"": 1, ""eos_dense"": 1, ""hybrid_minmax_blend_a050"": 1, ""mxbai"": 3, ""qwen3"": 3}"	"{""bm25"": 0.5, ""eos_compact_q4_fp16_o200"": 1.0, ""eos_dense"": 1.0, ""hybrid_minmax_blend_a050"": 1.0, ""mxbai"": 0.5, ""qwen3"": 0.5}"	"{""bm25"": 1.0, ""eos_compact_q4_fp16_o200"": 1.0, ""eos_dense"": 1.0, ""hybrid_minmax_blend_a050"": 1.0, ""mxbai"": 1.0, ""qwen3"": 1.0}"	"{""bm25"": ""544971"", ""eos_compact_q4_fp16_o200"": ""4347374"", ""eos_dense"": ""4347374"", ""hybrid_minmax_blend_a050"": ""4347374"", ""mxbai"": ""2638387"", ""qwen3"": ""2638387""}"
scifact	324	1	False	False	False	True	"{""bm25"": 6, ""eos_compact_q4_fp16_o200"": 3, ""eos_dense"": 3, ""hybrid_minmax_blend_a050"": 1, ""mxbai"": 11, ""qwen3"": 84}"	"{""bm25"": 0.3562071871080222, ""eos_compact_q4_fp16_o200"": 0.5, ""eos_dense"": 0.5, ""hybrid_minmax_blend_a050"": 1.0, ""mxbai"": 0.0, ""qwen3"": 0.0}"	"{""bm25"": 1.0, ""eos_compact_q4_fp16_o200"": 1.0, ""eos_dense"": 1.0, ""hybrid_minmax_blend_a050"": 1.0, ""mxbai"": 1.0, ""qwen3"": 1.0}"	"{""bm25"": ""46565020"", ""eos_compact_q4_fp16_o200"": ""3464191"", ""eos_dense"": ""3464191"", ""hybrid_minmax_blend_a050"": ""2014909"", ""mxbai"": ""24612804"", ""qwen3"": ""24612804""}"
scifact	327	1	True	True	False	False	"{""bm25"": 1, ""eos_compact_q4_fp16_o200"": 0, ""eos_dense"": 0, ""hybrid_minmax_blend_a050"": 2, ""mxbai"": 2, ""qwen3"": 1}"	"{""bm25"": 1.0, ""eos_compact_q4_fp16_o200"": 0.0, ""eos_dense"": 0.0, ""hybrid_minmax_blend_a050"": 0.6309297535714574, ""mxbai"": 0.6309297535714574, ""qwen3"": 1.0}"	"{""bm25"": 1.0, ""eos_compact_q4_fp16_o200"": 0.0, ""eos_dense"": 0.0, ""hybrid_minmax_blend_a050"": 1.0, ""mxbai"": 1.0, ""qwen3"": 1.0}"	"{""bm25"": ""17997584"", ""eos_compact_q4_fp16_o200"": ""2844490"", ""eos_dense"": ""2844490"", ""hybrid_minmax_blend_a050"": ""2844490"", ""mxbai"": ""23912923"", ""qwen3"": ""17997584""}"
scifact	338	1	False	True	True	True	"{""bm25"": 1, ""eos_compact_q4_fp16_o200"": 1, ""eos_dense"": 1, ""hybrid_minmax_blend_a050"": 1, ""mxbai"": 1, ""qwen3"": 1}"	"{""bm25"": 1.0, ""eos_compact_q4_fp16_o200"": 1.0, ""eos_dense"": 1.0, ""hybrid_minmax_blend_a050"": 1.0, ""mxbai"": 1.0, ""qwen3"": 1.0}"	"{""bm25"": 1.0, ""eos_compact_q4_fp16_o200"": 1.0, ""eos_dense"": 1.0, ""hybrid_minmax_blend_a050"": 1.0, ""mxbai"": 1.0, ""qwen3"": 1.0}"	"{""bm25"": ""23349986"", ""eos_compact_q4_fp16_o200"": ""23349986"", ""eos_dense"": ""23349986"", ""hybrid_minmax_blend_a050"": ""23349986"", ""mxbai"": ""23349986"", ""qwen3"": ""23349986""}"
scifact	343	2	False	True	False	False	"{""bm25"": 2, ""eos_compact_q4_fp16_o200"": 1, ""eos_dense"": 1, ""hybrid_minmax_blend_a050"": 1, ""mxbai"": 1, ""qwen3"": 2}"	"{""bm25"": 0.6240505200038378, ""eos_compact_q4_fp16_o200"": 1.0, ""eos_dense"": 1.0, ""hybrid_minmax_blend_a050"": 1.0, ""mxbai"": 0.9197207891481877, ""qwen3"": 0.6052602440527058}"	"{""bm25"": 1.0, ""eos_compact_q4_fp16_o200"": 1.0, ""eos_dense"": 1.0, ""hybrid_minmax_blend_a050"": 1.0, ""mxbai"": 1.0, ""qwen3"": 1.0}"	"{""bm25"": ""19308127"", ""eos_compact_q4_fp16_o200"": ""5884524"", ""eos_dense"": ""5884524"", ""hybrid_minmax_blend_a050"": ""5884524"", ""mxbai"": ""7873737"", ""qwen3"": ""23783727""}"
scifact	350	1	False	True	True	True	"{""bm25"": 1, ""eos_compact_q4_fp16_o200"": 1, ""eos_dense"": 1, ""hybrid_minmax_blend_a050"": 1, ""mxbai"": 1, ""qwen3"": 1}"	"{""bm25"": 1.0, ""eos_compact_q4_fp16_o200"": 1.0, ""eos_dense"": 1.0, ""hybrid_minmax_blend_a050"": 1.0, ""mxbai"": 1.0, ""qwen3"": 1.0}"	"{""bm25"": 1.0, ""eos_compact_q4_fp16_o200"": 1.0, ""eos_dense"": 1.0, ""hybrid_minmax_blend_a050"": 1.0, ""mxbai"": 1.0, ""qwen3"": 1.0}"	"{""bm25"": ""16927286"", ""eos_compact_q4_fp16_o200"": ""16927286"", ""eos_dense"": ""16927286"", ""hybrid_minmax_blend_a050"": ""16927286"", ""mxbai"": ""16927286"", ""qwen3"": ""16927286""}"
scifact	354	1	False	True	True	True	"{""bm25"": 1, ""eos_compact_q4_fp16_o200"": 1, ""eos_dense"": 1, ""hybrid_minmax_blend_a050"": 1, ""mxbai"": 1, ""qwen3"": 1}"	"{""bm25"": 1.0, ""eos_compact_q4_fp16_o200"": 1.0, ""eos_dense"": 1.0, ""hybrid_minmax_blend_a050"": 1.0, ""mxbai"": 1.0, ""qwen3"": 1.0}"	"{""bm25"": 1.0, ""eos_compact_q4_fp16_o200"": 1.0, ""eos_dense"": 1.0, ""hybrid_minmax_blend_a050"": 1.0, ""mxbai"": 1.0, ""qwen3"": 1.0}"	"{""bm25"": ""8774475"", ""eos_compact_q4_fp16_o200"": ""8774475"", ""eos_dense"": ""8774475"", ""hybrid_minmax_blend_a050"": ""8774475"", ""mxbai"": ""8774475"", ""qwen3"": ""8774475""}"
scifact	362	1	False	True	True	True	"{""bm25"": 1, ""eos_compact_q4_fp16_o200"": 6, ""eos_dense"": 6, ""hybrid_minmax_blend_a050"": 1, ""mxbai"": 1, ""qwen3"": 1}"	"{""bm25"": 1.0, ""eos_compact_q4_fp16_o200"": 0.3562071871080222, ""eos_dense"": 0.3562071871080222, ""hybrid_minmax_blend_a050"": 1.0, ""mxbai"": 1.0, ""qwen3"": 1.0}"	"{""bm25"": 1.0, ""eos_compact_q4_fp16_o200"": 1.0, ""eos_dense"": 1.0, ""hybrid_minmax_blend_a050"": 1.0, ""mxbai"": 1.0, ""qwen3"": 1.0}"	"{""bm25"": ""38587347"", ""eos_compact_q4_fp16_o200"": ""16494316"", ""eos_dense"": ""16494316"", ""hybrid_minmax_blend_a050"": ""38587347"", ""mxbai"": ""38587347"", ""qwen3"": ""38587347""}"
scifact	380	1	False	True	True	True	"{""bm25"": 1, ""eos_compact_q4_fp16_o200"": 1, ""eos_dense"": 1, ""hybrid_minmax_blend_a050"": 1, ""mxbai"": 1, ""qwen3"": 1}"	"{""bm25"": 1.0, ""eos_compact_q4_fp16_o200"": 1.0, ""eos_dense"": 1.0, ""hybrid_minmax_blend_a050"": 1.0, ""mxbai"": 1.0, ""qwen3"": 1.0}"	"{""bm25"": 1.0, ""eos_compact_q4_fp16_o200"": 1.0, ""eos_dense"": 1.0, ""hybrid_minmax_blend_a050"": 1.0, ""mxbai"": 1.0, ""qwen3"": 1.0}"	"{""bm25"": ""19005293"", ""eos_compact_q4_fp16_o200"": ""19005293"", ""eos_dense"": ""19005293"", ""hybrid_minmax_blend_a050"": ""19005293"", ""mxbai"": ""19005293"", ""qwen3"": ""19005293""}"
scifact	384	1	False	True	False	False	"{""bm25"": 12, ""eos_compact_q4_fp16_o200"": 1, ""eos_dense"": 1, ""hybrid_minmax_blend_a050"": 1, ""mxbai"": 3, ""qwen3"": 7}"	"{""bm25"": 0.0, ""eos_compact_q4_fp16_o200"": 1.0, ""eos_dense"": 1.0, ""hybrid_minmax_blend_a050"": 1.0, ""mxbai"": 0.5, ""qwen3"": 0.3333333333333333}"	"{""bm25"": 1.0, ""eos_compact_q4_fp16_o200"": 1.0, ""eos_dense"": 1.0, ""hybrid_minmax_blend_a050"": 1.0, ""mxbai"": 1.0, ""qwen3"": 1.0}"	"{""bm25"": ""51972698"", ""eos_compact_q4_fp16_o200"": ""13770184"", ""eos_dense"": ""13770184"", ""hybrid_minmax_blend_a050"": ""13770184"", ""mxbai"": ""25451374"", ""qwen3"": ""51972698""}"
scifact	385	2	True	True	False	True	"{""bm25"": 3, ""eos_compact_q4_fp16_o200"": 0, ""eos_dense"": 0, ""hybrid_minmax_blend_a050"": 6, ""mxbai"": 2, ""qwen3"": 2}"	"{""bm25"": 0.30657359638272924, ""eos_compact_q4_fp16_o200"": 0.0, ""eos_dense"": 0.0, ""hybrid_minmax_blend_a050"": 0.2184074368181642, ""mxbai"": 0.6934264036172708, ""qwen3"": 0.6052602440527058}"	"{""bm25"": 1.0, ""eos_compact_q4_fp16_o200"": 0.0, ""eos_dense"": 0.0, ""hybrid_minmax_blend_a050"": 1.0, ""mxbai"": 1.0, ""qwen3"": 1.0}"	"{""bm25"": ""1032372"", ""eos_compact_q4_fp16_o200"": ""7639744"", ""eos_dense"": ""7639744"", ""hybrid_minmax_blend_a050"": ""7639744"", ""mxbai"": ""1032372"", ""qwen3"": ""1032372""}"
scifact	386	1	False	True	True	True	"{""bm25"": 1, ""eos_compact_q4_fp16_o200"": 1, ""eos_dense"": 1, ""hybrid_minmax_blend_a050"": 1, ""mxbai"": 1, ""qwen3"": 1}"	"{""bm25"": 1.0, ""eos_compact_q4_fp16_o200"": 1.0, ""eos_dense"": 1.0, ""hybrid_minmax_blend_a050"": 1.0, ""mxbai"": 1.0, ""qwen3"": 1.0}"	"{""bm25"": 1.0, ""eos_compact_q4_fp16_o200"": 1.0, ""eos_dense"": 1.0, ""hybrid_minmax_blend_a050"": 1.0, ""mxbai"": 1.0, ""qwen3"": 1.0}"	"{""bm25"": ""16495649"", ""eos_compact_q4_fp16_o200"": ""16495649"", ""eos_dense"": ""16495649"", ""hybrid_minmax_blend_a050"": ""16495649"", ""mxbai"": ""16495649"", ""qwen3"": ""16495649""}"
scifact	388	1	False	True	True	True	"{""bm25"": 3, ""eos_compact_q4_fp16_o200"": 1, ""eos_dense"": 1, ""hybrid_minmax_blend_a050"": 1, ""mxbai"": 1, ""qwen3"": 1}"	"{""bm25"": 0.5, ""eos_compact_q4_fp16_o200"": 1.0, ""eos_dense"": 1.0, ""hybrid_minmax_blend_a050"": 1.0, ""mxbai"": 1.0, ""qwen3"": 1.0}"	"{""bm25"": 1.0, ""eos_compact_q4_fp16_o200"": 1.0, ""eos_dense"": 1.0, ""hybrid_minmax_blend_a050"": 1.0, ""mxbai"": 1.0, ""qwen3"": 1.0}"	"{""bm25"": ""21602220"", ""eos_compact_q4_fp16_o200"": ""1148122"", ""eos_dense"": ""1148122"", ""hybrid_minmax_blend_a050"": ""1148122"", ""mxbai"": ""1148122"", ""qwen3"": ""1148122""}"
scifact	399	1	False	True	True	True	"{""bm25"": 1, ""eos_compact_q4_fp16_o200"": 1, ""eos_dense"": 1, ""hybrid_minmax_blend_a050"": 1, ""mxbai"": 1, ""qwen3"": 1}"	"{""bm25"": 1.0, ""eos_compact_q4_fp16_o200"": 1.0, ""eos_dense"": 1.0, ""hybrid_minmax_blend_a050"": 1.0, ""mxbai"": 1.0, ""qwen3"": 1.0}"	"{""bm25"": 1.0, ""eos_compact_q4_fp16_o200"": 1.0, ""eos_dense"": 1.0, ""hybrid_minmax_blend_a050"": 1.0, ""mxbai"": 1.0, ""qwen3"": 1.0}"	"{""bm25"": ""791050"", ""eos_compact_q4_fp16_o200"": ""791050"", ""eos_dense"": ""791050"", ""hybrid_minmax_blend_a050"": ""791050"", ""mxbai"": ""791050"", ""qwen3"": ""791050""}"
scifact	410	1	False	True	True	True	"{""bm25"": 1, ""eos_compact_q4_fp16_o200"": 1, ""eos_dense"": 1, ""hybrid_minmax_blend_a050"": 1, ""mxbai"": 1, ""qwen3"": 1}"	"{""bm25"": 1.0, ""eos_compact_q4_fp16_o200"": 1.0, ""eos_dense"": 1.0, ""hybrid_minmax_blend_a050"": 1.0, ""mxbai"": 1.0, ""qwen3"": 1.0}"	"{""bm25"": 1.0, ""eos_compact_q4_fp16_o200"": 1.0, ""eos_dense"": 1.0, ""hybrid_minmax_blend_a050"": 1.0, ""mxbai"": 1.0, ""qwen3"": 1.0}"	"{""bm25"": ""14924526"", ""eos_compact_q4_fp16_o200"": ""14924526"", ""eos_dense"": ""14924526"", ""hybrid_minmax_blend_a050"": ""14924526"", ""mxbai"": ""14924526"", ""qwen3"": ""14924526""}"
scifact	411	1	False	True	True	True	"{""bm25"": 1, ""eos_compact_q4_fp16_o200"": 1, ""eos_dense"": 1, ""hybrid_minmax_blend_a050"": 1, ""mxbai"": 1, ""qwen3"": 1}"	"{""bm25"": 1.0, ""eos_compact_q4_fp16_o200"": 1.0, ""eos_dense"": 1.0, ""hybrid_minmax_blend_a050"": 1.0, ""mxbai"": 1.0, ""qwen3"": 1.0}"	"{""bm25"": 1.0, ""eos_compact_q4_fp16_o200"": 1.0, ""eos_dense"": 1.0, ""hybrid_minmax_blend_a050"": 1.0, ""mxbai"": 1.0, ""qwen3"": 1.0}"	"{""bm25"": ""14924526"", ""eos_compact_q4_fp16_o200"": ""14924526"", ""eos_dense"": ""14924526"", ""hybrid_minmax_blend_a050"": ""14924526"", ""mxbai"": ""14924526"", ""qwen3"": ""14924526""}"
scifact	415	1	False	True	False	False	"{""bm25"": 6, ""eos_compact_q4_fp16_o200"": 1, ""eos_dense"": 1, ""hybrid_minmax_blend_a050"": 2, ""mxbai"": 2, ""qwen3"": 4}"	"{""bm25"": 0.3562071871080222, ""eos_compact_q4_fp16_o200"": 1.0, ""eos_dense"": 1.0, ""hybrid_minmax_blend_a050"": 0.6309297535714574, ""mxbai"": 0.6309297535714574, ""qwen3"": 0.43067655807339306}"	"{""bm25"": 1.0, ""eos_compact_q4_fp16_o200"": 1.0, ""eos_dense"": 1.0, ""hybrid_minmax_blend_a050"": 1.0, ""mxbai"": 1.0, ""qwen3"": 1.0}"	"{""bm25"": ""12443371"", ""eos_compact_q4_fp16_o200"": ""6309659"", ""eos_dense"": ""6309659"", ""hybrid_minmax_blend_a050"": ""4709641"", ""mxbai"": ""51386222"", ""qwen3"": ""20937018""}"
scifact	421	1	False	False	False	True	"{""bm25"": 0, ""eos_compact_q4_fp16_o200"": 1, ""eos_dense"": 1, ""hybrid_minmax_blend_a050"": 1, ""mxbai"": 16, ""qwen3"": 74}"	"{""bm25"": 0.0, ""eos_compact_q4_fp16_o200"": 1.0, ""eos_dense"": 1.0, ""hybrid_minmax_blend_a050"": 1.0, ""mxbai"": 0.0, ""qwen3"": 0.0}"	"{""bm25"": 0.0, ""eos_compact_q4_fp16_o200"": 1.0, ""eos_dense"": 1.0, ""hybrid_minmax_blend_a050"": 1.0, ""mxbai"": 1.0, ""qwen3"": 1.0}"	"{""bm25"": ""39728826"", ""eos_compact_q4_fp16_o200"": ""11172205"", ""eos_dense"": ""11172205"", ""hybrid_minmax_blend_a050"": ""11172205"", ""mxbai"": ""1065627"", ""qwen3"": ""1065627""}"
scifact	431	1	False	False	False	False	"{""bm25"": 0, ""eos_compact_q4_fp16_o200"": 3, ""eos_dense"": 3, ""hybrid_minmax_blend_a050"": 15, ""mxbai"": 3, ""qwen3"": 25}"	"{""bm25"": 0.0, ""eos_compact_q4_fp16_o200"": 0.5, ""eos_dense"": 0.5, ""hybrid_minmax_blend_a050"": 0.0, ""mxbai"": 0.5, ""qwen3"": 0.0}"	"{""bm25"": 0.0, ""eos_compact_q4_fp16_o200"": 1.0, ""eos_dense"": 1.0, ""hybrid_minmax_blend_a050"": 1.0, ""mxbai"": 1.0, ""qwen3"": 1.0}"	"{""bm25"": ""36838958"", ""eos_compact_q4_fp16_o200"": ""17055665"", ""eos_dense"": ""17055665"", ""hybrid_minmax_blend_a050"": ""19922508"", ""mxbai"": ""14496749"", ""qwen3"": ""29429111""}"
scifact	436	1	False	True	True	True	"{""bm25"": 1, ""eos_compact_q4_fp16_o200"": 4, ""eos_dense"": 4, ""hybrid_minmax_blend_a050"": 1, ""mxbai"": 1, ""qwen3"": 1}"	"{""bm25"": 1.0, ""eos_compact_q4_fp16_o200"": 0.43067655807339306, ""eos_dense"": 0.43067655807339306, ""hybrid_minmax_blend_a050"": 1.0, ""mxbai"": 1.0, ""qwen3"": 1.0}"	"{""bm25"": 1.0, ""eos_compact_q4_fp16_o200"": 1.0, ""eos_dense"": 1.0, ""hybrid_minmax_blend_a050"": 1.0, ""mxbai"": 1.0, ""qwen3"": 1.0}"	"{""bm25"": ""14637235"", ""eos_compact_q4_fp16_o200"": ""28271439"", ""eos_dense"": ""28271439"", ""hybrid_minmax_blend_a050"": ""14637235"", ""mxbai"": ""14637235"", ""qwen3"": ""14637235""}"
scifact	437	1	True	False	False	False	"{""bm25"": 0, ""eos_compact_q4_fp16_o200"": 0, ""eos_dense"": 0, ""hybrid_minmax_blend_a050"": 0, ""mxbai"": 0, ""qwen3"": 0}"	"{""bm25"": 0.0, ""eos_compact_q4_fp16_o200"": 0.0, ""eos_dense"": 0.0, ""hybrid_minmax_blend_a050"": 0.0, ""mxbai"": 0.0, ""qwen3"": 0.0}"	"{""bm25"": 0.0, ""eos_compact_q4_fp16_o200"": 0.0, ""eos_dense"": 0.0, ""hybrid_minmax_blend_a050"": 0.0, ""mxbai"": 0.0, ""qwen3"": 0.0}"	"{""bm25"": ""39851630"", ""eos_compact_q4_fp16_o200"": ""8267678"", ""eos_dense"": ""8267678"", ""hybrid_minmax_blend_a050"": ""5765455"", ""mxbai"": ""5765455"", ""qwen3"": ""39851630""}"
scifact	439	1	True	True	True	True	"{""bm25"": 2, ""eos_compact_q4_fp16_o200"": 0, ""eos_dense"": 0, ""hybrid_minmax_blend_a050"": 7, ""mxbai"": 1, ""qwen3"": 1}"	"{""bm25"": 0.6309297535714574, ""eos_compact_q4_fp16_o200"": 0.0, ""eos_dense"": 0.0, ""hybrid_minmax_blend_a050"": 0.3333333333333333, ""mxbai"": 1.0, ""qwen3"": 1.0}"	"{""bm25"": 1.0, ""eos_compact_q4_fp16_o200"": 0.0, ""eos_dense"": 0.0, ""hybrid_minmax_blend_a050"": 1.0, ""mxbai"": 1.0, ""qwen3"": 1.0}"	"{""bm25"": ""18575183"", ""eos_compact_q4_fp16_o200"": ""7688110"", ""eos_dense"": ""7688110"", ""hybrid_minmax_blend_a050"": ""18575183"", ""mxbai"": ""4423559"", ""qwen3"": ""4423559""}"
scifact	440	1	True	True	True	True	"{""bm25"": 2, ""eos_compact_q4_fp16_o200"": 0, ""eos_dense"": 0, ""hybrid_minmax_blend_a050"": 7, ""mxbai"": 1, ""qwen3"": 1}"	"{""bm25"": 0.6309297535714574, ""eos_compact_q4_fp16_o200"": 0.0, ""eos_dense"": 0.0, ""hybrid_minmax_blend_a050"": 0.3333333333333333, ""mxbai"": 1.0, ""qwen3"": 1.0}"	"{""bm25"": 1.0, ""eos_compact_q4_fp16_o200"": 0.0, ""eos_dense"": 0.0, ""hybrid_minmax_blend_a050"": 1.0, ""mxbai"": 1.0, ""qwen3"": 1.0}"	"{""bm25"": ""18575183"", ""eos_compact_q4_fp16_o200"": ""29459383"", ""eos_dense"": ""29459383"", ""hybrid_minmax_blend_a050"": ""29459383"", ""mxbai"": ""4423559"", ""qwen3"": ""4423559""}"
scifact	443	1	False	True	True	True	"{""bm25"": 1, ""eos_compact_q4_fp16_o200"": 1, ""eos_dense"": 1, ""hybrid_minmax_blend_a050"": 1, ""mxbai"": 1, ""qwen3"": 1}"	"{""bm25"": 1.0, ""eos_compact_q4_fp16_o200"": 1.0, ""eos_dense"": 1.0, ""hybrid_minmax_blend_a050"": 1.0, ""mxbai"": 1.0, ""qwen3"": 1.0}"	"{""bm25"": 1.0, ""eos_compact_q4_fp16_o200"": 1.0, ""eos_dense"": 1.0, ""hybrid_minmax_blend_a050"": 1.0, ""mxbai"": 1.0, ""qwen3"": 1.0}"	"{""bm25"": ""10165258"", ""eos_compact_q4_fp16_o200"": ""10165258"", ""eos_dense"": ""10165258"", ""hybrid_minmax_blend_a050"": ""10165258"", ""mxbai"": ""10165258"", ""qwen3"": ""10165258""}"
scifact	452	2	True	True	False	False	"{""bm25"": 9, ""eos_compact_q4_fp16_o200"": 0, ""eos_dense"": 0, ""hybrid_minmax_blend_a050"": 12, ""mxbai"": 2, ""qwen3"": 1}"	"{""bm25"": 0.1845756967795682, ""eos_compact_q4_fp16_o200"": 0.0, ""eos_dense"": 0.0, ""hybrid_minmax_blend_a050"": 0.0, ""mxbai"": 0.38685280723454163, ""qwen3"": 0.6131471927654585}"	"{""bm25"": 0.5, ""eos_compact_q4_fp16_o200"": 0.0, ""eos_dense"": 0.0, ""hybrid_minmax_blend_a050"": 0.5, ""mxbai"": 0.5, ""qwen3"": 1.0}"	"{""bm25"": ""10666475"", ""eos_compact_q4_fp16_o200"": ""30658796"", ""eos_dense"": ""30658796"", ""hybrid_minmax_blend_a050"": ""30658796"", ""mxbai"": ""9154703"", ""qwen3"": ""12804937""}"
scifact	475	1	False	False	False	True	"{""bm25"": 20, ""eos_compact_q4_fp16_o200"": 2, ""eos_dense"": 2, ""hybrid_minmax_blend_a050"": 1, ""mxbai"": 5, ""qwen3"": 26}"	"{""bm25"": 0.0, ""eos_compact_q4_fp16_o200"": 0.6309297535714574, ""eos_dense"": 0.6309297535714574, ""hybrid_minmax_blend_a050"": 1.0, ""mxbai"": 0.38685280723454163, ""qwen3"": 0.0}"	"{""bm25"": 1.0, ""eos_compact_q4_fp16_o200"": 1.0, ""eos_dense"": 1.0, ""hybrid_minmax_blend_a050"": 1.0, ""mxbai"": 1.0, ""qwen3"": 1.0}"	"{""bm25"": ""33030946"", ""eos_compact_q4_fp16_o200"": ""31154082"", ""eos_dense"": ""31154082"", ""hybrid_minmax_blend_a050"": ""18678095"", ""mxbai"": ""3468459"", ""qwen3"": ""3468459""}"
scifact	478	1	True	True	True	True	"{""bm25"": 2, ""eos_compact_q4_fp16_o200"": 0, ""eos_dense"": 0, ""hybrid_minmax_blend_a050"": 4, ""mxbai"": 1, ""qwen3"": 1}"	"{""bm25"": 0.6309297535714574, ""eos_compact_q4_fp16_o200"": 0.0, ""eos_dense"": 0.0, ""hybrid_minmax_blend_a050"": 0.43067655807339306, ""mxbai"": 1.0, ""qwen3"": 1.0}"	"{""bm25"": 1.0, ""eos_compact_q4_fp16_o200"": 0.0, ""eos_dense"": 0.0, ""hybrid_minmax_blend_a050"": 1.0, ""mxbai"": 1.0, ""qwen3"": 1.0}"	"{""bm25"": ""34854444"", ""eos_compact_q4_fp16_o200"": ""25830701"", ""eos_dense"": ""25830701"", ""hybrid_minmax_blend_a050"": ""25830701"", ""mxbai"": ""14767844"", ""qwen3"": ""14767844""}"
scifact	491	1	False	True	True	True	"{""bm25"": 1, ""eos_compact_q4_fp16_o200"": 1, ""eos_dense"": 1, ""hybrid_minmax_blend_a050"": 1, ""mxbai"": 1, ""qwen3"": 1}"	"{""bm25"": 1.0, ""eos_compact_q4_fp16_o200"": 1.0, ""eos_dense"": 1.0, ""hybrid_minmax_blend_a050"": 1.0, ""mxbai"": 1.0, ""qwen3"": 1.0}"	"{""bm25"": 1.0, ""eos_compact_q4_fp16_o200"": 1.0, ""eos_dense"": 1.0, ""hybrid_minmax_blend_a050"": 1.0, ""mxbai"": 1.0, ""qwen3"": 1.0}"	"{""bm25"": ""56893404"", ""eos_compact_q4_fp16_o200"": ""56893404"", ""eos_dense"": ""56893404"", ""hybrid_minmax_blend_a050"": ""56893404"", ""mxbai"": ""56893404"", ""qwen3"": ""56893404""}"
scifact	501	1	False	True	True	True	"{""bm25"": 1, ""eos_compact_q4_fp16_o200"": 1, ""eos_dense"": 1, ""hybrid_minmax_blend_a050"": 1, ""mxbai"": 1, ""qwen3"": 1}"	"{""bm25"": 1.0, ""eos_compact_q4_fp16_o200"": 1.0, ""eos_dense"": 1.0, ""hybrid_minmax_blend_a050"": 1.0, ""mxbai"": 1.0, ""qwen3"": 1.0}"	"{""bm25"": 1.0, ""eos_compact_q4_fp16_o200"": 1.0, ""eos_dense"": 1.0, ""hybrid_minmax_blend_a050"": 1.0, ""mxbai"": 1.0, ""qwen3"": 1.0}"	"{""bm25"": ""17930286"", ""eos_compact_q4_fp16_o200"": ""17930286"", ""eos_dense"": ""17930286"", ""hybrid_minmax_blend_a050"": ""17930286"", ""mxbai"": ""17930286"", ""qwen3"": ""17930286""}"
scifact	502	1	True	False	False	False	"{""bm25"": 54, ""eos_compact_q4_fp16_o200"": 0, ""eos_dense"": 0, ""hybrid_minmax_blend_a050"": 0, ""mxbai"": 0, ""qwen3"": 0}"	"{""bm25"": 0.0, ""eos_compact_q4_fp16_o200"": 0.0, ""eos_dense"": 0.0, ""hybrid_minmax_blend_a050"": 0.0, ""mxbai"": 0.0, ""qwen3"": 0.0}"	"{""bm25"": 1.0, ""eos_compact_q4_fp16_o200"": 0.0, ""eos_dense"": 0.0, ""hybrid_minmax_blend_a050"": 0.0, ""mxbai"": 0.0, ""qwen3"": 0.0}"	"{""bm25"": ""70516463"", ""eos_compact_q4_fp16_o200"": ""1122198"", ""eos_dense"": ""1122198"", ""hybrid_minmax_blend_a050"": ""1122198"", ""mxbai"": ""21377587"", ""qwen3"": ""21323587""}"
scifact	507	1	True	True	False	True	"{""bm25"": 1, ""eos_compact_q4_fp16_o200"": 96, ""eos_dense"": 96, ""hybrid_minmax_blend_a050"": 2, ""mxbai"": 6, ""qwen3"": 2}"	"{""bm25"": 1.0, ""eos_compact_q4_fp16_o200"": 0.0, ""eos_dense"": 0.0, ""hybrid_minmax_blend_a050"": 0.6309297535714574, ""mxbai"": 0.3562071871080222, ""qwen3"": 0.6309297535714574}"	"{""bm25"": 1.0, ""eos_compact_q4_fp16_o200"": 1.0, ""eos_dense"": 1.0, ""hybrid_minmax_blend_a050"": 1.0, ""mxbai"": 1.0, ""qwen3"": 1.0}"	"{""bm25"": ""30774694"", ""eos_compact_q4_fp16_o200"": ""7433668"", ""eos_dense"": ""7433668"", ""hybrid_minmax_blend_a050"": ""7433668"", ""mxbai"": ""7433668"", ""qwen3"": ""7433668""}"
scifact	508	1	False	True	False	True	"{""bm25"": 45, ""eos_compact_q4_fp16_o200"": 1, ""eos_dense"": 1, ""hybrid_minmax_blend_a050"": 2, ""mxbai"": 5, ""qwen3"": 7}"	"{""bm25"": 0.0, ""eos_compact_q4_fp16_o200"": 1.0, ""eos_dense"": 1.0, ""hybrid_minmax_blend_a050"": 0.6309297535714574, ""mxbai"": 0.38685280723454163, ""qwen3"": 0.3333333333333333}"	"{""bm25"": 1.0, ""eos_compact_q4_fp16_o200"": 1.0, ""eos_dense"": 1.0, ""hybrid_minmax_blend_a050"": 1.0, ""mxbai"": 1.0, ""qwen3"": 1.0}"	"{""bm25"": ""25516011"", ""eos_compact_q4_fp16_o200"": ""13980338"", ""eos_dense"": ""13980338"", ""hybrid_minmax_blend_a050"": ""25516011"", ""mxbai"": ""25516011"", ""qwen3"": ""25516011""}"
scifact	513	1	True	True	False	True	"{""bm25"": 1, ""eos_compact_q4_fp16_o200"": 0, ""eos_dense"": 0, ""hybrid_minmax_blend_a050"": 2, ""mxbai"": 2, ""qwen3"": 2}"	"{""bm25"": 1.0, ""eos_compact_q4_fp16_o200"": 0.0, ""eos_dense"": 0.0, ""hybrid_minmax_blend_a050"": 0.6309297535714574, ""mxbai"": 0.6309297535714574, ""qwen3"": 0.6309297535714574}"	"{""bm25"": 1.0, ""eos_compact_q4_fp16_o200"": 0.0, ""eos_dense"": 0.0, ""hybrid_minmax_blend_a050"": 1.0, ""mxbai"": 1.0, ""qwen3"": 1.0}"	"{""bm25"": ""13230773"", ""eos_compact_q4_fp16_o200"": ""23601616"", ""eos_dense"": ""23601616"", ""hybrid_minmax_blend_a050"": ""23601616"", ""mxbai"": ""12770738"", ""qwen3"": ""12770738""}"
scifact	514	1	True	True	True	True	"{""bm25"": 11, ""eos_compact_q4_fp16_o200"": 19, ""eos_dense"": 19, ""hybrid_minmax_blend_a050"": 12, ""mxbai"": 1, ""qwen3"": 1}"	"{""bm25"": 0.0, ""eos_compact_q4_fp16_o200"": 0.0, ""eos_dense"": 0.0, ""hybrid_minmax_blend_a050"": 0.0, ""mxbai"": 1.0, ""qwen3"": 1.0}"	"{""bm25"": 1.0, ""eos_compact_q4_fp16_o200"": 1.0, ""eos_dense"": 1.0, ""hybrid_minmax_blend_a050"": 1.0, ""mxbai"": 1.0, ""qwen3"": 1.0}"	"{""bm25"": ""4462079"", ""eos_compact_q4_fp16_o200"": ""9555784"", ""eos_dense"": ""9555784"", ""hybrid_minmax_blend_a050"": ""9555784"", ""mxbai"": ""16256507"", ""qwen3"": ""16256507""}"
scifact	516	1	False	True	True	True	"{""bm25"": 1, ""eos_compact_q4_fp16_o200"": 2, ""eos_dense"": 2, ""hybrid_minmax_blend_a050"": 1, ""mxbai"": 1, ""qwen3"": 1}"	"{""bm25"": 1.0, ""eos_compact_q4_fp16_o200"": 0.6309297535714574, ""eos_dense"": 0.6309297535714574, ""hybrid_minmax_blend_a050"": 1.0, ""mxbai"": 1.0, ""qwen3"": 1.0}"	"{""bm25"": 1.0, ""eos_compact_q4_fp16_o200"": 1.0, ""eos_dense"": 1.0, ""hybrid_minmax_blend_a050"": 1.0, ""mxbai"": 1.0, ""qwen3"": 1.0}"	"{""bm25"": ""29564505"", ""eos_compact_q4_fp16_o200"": ""18988265"", ""eos_dense"": ""18988265"", ""hybrid_minmax_blend_a050"": ""29564505"", ""mxbai"": ""29564505"", ""qwen3"": ""29564505""}"
scifact	517	1	True	False	False	False	"{""bm25"": 16, ""eos_compact_q4_fp16_o200"": 0, ""eos_dense"": 0, ""hybrid_minmax_blend_a050"": 44, ""mxbai"": 11, ""qwen3"": 8}"	"{""bm25"": 0.0, ""eos_compact_q4_fp16_o200"": 0.0, ""eos_dense"": 0.0, ""hybrid_minmax_blend_a050"": 0.0, ""mxbai"": 0.0, ""qwen3"": 0.3154648767857287}"	"{""bm25"": 1.0, ""eos_compact_q4_fp16_o200"": 0.0, ""eos_dense"": 0.0, ""hybrid_minmax_blend_a050"": 1.0, ""mxbai"": 1.0, ""qwen3"": 1.0}"	"{""bm25"": ""19658917"", ""eos_compact_q4_fp16_o200"": ""7098463"", ""eos_dense"": ""7098463"", ""hybrid_minmax_blend_a050"": ""7098463"", ""mxbai"": ""26244918"", ""qwen3"": ""19658917""}"
scifact	521	1	False	True	True	True	"{""bm25"": 1, ""eos_compact_q4_fp16_o200"": 1, ""eos_dense"": 1, ""hybrid_minmax_blend_a050"": 1, ""mxbai"": 1, ""qwen3"": 1}"	"{""bm25"": 1.0, ""eos_compact_q4_fp16_o200"": 1.0, ""eos_dense"": 1.0, ""hybrid_minmax_blend_a050"": 1.0, ""mxbai"": 1.0, ""qwen3"": 1.0}"	"{""bm25"": 1.0, ""eos_compact_q4_fp16_o200"": 1.0, ""eos_dense"": 1.0, ""hybrid_minmax_blend_a050"": 1.0, ""mxbai"": 1.0, ""qwen3"": 1.0}"	"{""bm25"": ""34873974"", ""eos_compact_q4_fp16_o200"": ""34873974"", ""eos_dense"": ""34873974"", ""hybrid_minmax_blend_a050"": ""34873974"", ""mxbai"": ""34873974"", ""qwen3"": ""34873974""}"
scifact	525	1	False	True	True	True	"{""bm25"": 1, ""eos_compact_q4_fp16_o200"": 1, ""eos_dense"": 1, ""hybrid_minmax_blend_a050"": 1, ""mxbai"": 1, ""qwen3"": 1}"	"{""bm25"": 1.0, ""eos_compact_q4_fp16_o200"": 1.0, ""eos_dense"": 1.0, ""hybrid_minmax_blend_a050"": 1.0, ""mxbai"": 1.0, ""qwen3"": 1.0}"	"{""bm25"": 1.0, ""eos_compact_q4_fp16_o200"": 1.0, ""eos_dense"": 1.0, ""hybrid_minmax_blend_a050"": 1.0, ""mxbai"": 1.0, ""qwen3"": 1.0}"	"{""bm25"": ""13639330"", ""eos_compact_q4_fp16_o200"": ""13639330"", ""eos_dense"": ""13639330"", ""hybrid_minmax_blend_a050"": ""13639330"", ""mxbai"": ""13639330"", ""qwen3"": ""13639330""}"
scifact	527	1	False	True	False	False	"{""bm25"": 2, ""eos_compact_q4_fp16_o200"": 1, ""eos_dense"": 1, ""hybrid_minmax_blend_a050"": 1, ""mxbai"": 1, ""qwen3"": 3}"	"{""bm25"": 0.6309297535714574, ""eos_compact_q4_fp16_o200"": 1.0, ""eos_dense"": 1.0, ""hybrid_minmax_blend_a050"": 1.0, ""mxbai"": 1.0, ""qwen3"": 0.5}"	"{""bm25"": 1.0, ""eos_compact_q4_fp16_o200"": 1.0, ""eos_dense"": 1.0, ""hybrid_minmax_blend_a050"": 1.0, ""mxbai"": 1.0, ""qwen3"": 1.0}"	"{""bm25"": ""1617327"", ""eos_compact_q4_fp16_o200"": ""3863543"", ""eos_dense"": ""3863543"", ""hybrid_minmax_blend_a050"": ""3863543"", ""mxbai"": ""3863543"", ""qwen3"": ""1617327""}"
scifact	528	1	False	True	True	True	"{""bm25"": 1, ""eos_compact_q4_fp16_o200"": 1, ""eos_dense"": 1, ""hybrid_minmax_blend_a050"": 1, ""mxbai"": 1, ""qwen3"": 1}"	"{""bm25"": 1.0, ""eos_compact_q4_fp16_o200"": 1.0, ""eos_dense"": 1.0, ""hybrid_minmax_blend_a050"": 1.0, ""mxbai"": 1.0, ""qwen3"": 1.0}"	"{""bm25"": 1.0, ""eos_compact_q4_fp16_o200"": 1.0, ""eos_dense"": 1.0, ""hybrid_minmax_blend_a050"": 1.0, ""mxbai"": 1.0, ""qwen3"": 1.0}"	"{""bm25"": ""5476778"", ""eos_compact_q4_fp16_o200"": ""5476778"", ""eos_dense"": ""5476778"", ""hybrid_minmax_blend_a050"": ""5476778"", ""mxbai"": ""5476778"", ""qwen3"": ""5476778""}"
scifact	532	1	True	True	True	True	"{""bm25"": 1, ""eos_compact_q4_fp16_o200"": 54, ""eos_dense"": 54, ""hybrid_minmax_blend_a050"": 1, ""mxbai"": 1, ""qwen3"": 1}"	"{""bm25"": 1.0, ""eos_compact_q4_fp16_o200"": 0.0, ""eos_dense"": 0.0, ""hybrid_minmax_blend_a050"": 1.0, ""mxbai"": 1.0, ""qwen3"": 1.0}"	"{""bm25"": 1.0, ""eos_compact_q4_fp16_o200"": 1.0, ""eos_dense"": 1.0, ""hybrid_minmax_blend_a050"": 1.0, ""mxbai"": 1.0, ""qwen3"": 1.0}"	"{""bm25"": ""12991445"", ""eos_compact_q4_fp16_o200"": ""28910120"", ""eos_dense"": ""28910120"", ""hybrid_minmax_blend_a050"": ""12991445"", ""mxbai"": ""12991445"", ""qwen3"": ""12991445""}"
scifact	533	1	True	True	True	True	"{""bm25"": 1, ""eos_compact_q4_fp16_o200"": 50, ""eos_dense"": 50, ""hybrid_minmax_blend_a050"": 1, ""mxbai"": 1, ""qwen3"": 1}"	"{""bm25"": 1.0, ""eos_compact_q4_fp16_o200"": 0.0, ""eos_dense"": 0.0, ""hybrid_minmax_blend_a050"": 1.0, ""mxbai"": 1.0, ""qwen3"": 1.0}"	"{""bm25"": 1.0, ""eos_compact_q4_fp16_o200"": 1.0, ""eos_dense"": 1.0, ""hybrid_minmax_blend_a050"": 1.0, ""mxbai"": 1.0, ""qwen3"": 1.0}"	"{""bm25"": ""12991445"", ""eos_compact_q4_fp16_o200"": ""26990001"", ""eos_dense"": ""26990001"", ""hybrid_minmax_blend_a050"": ""12991445"", ""mxbai"": ""12991445"", ""qwen3"": ""12991445""}"
scifact	535	1	True	False	False	True	"{""bm25"": 0, ""eos_compact_q4_fp16_o200"": 0, ""eos_dense"": 0, ""hybrid_minmax_blend_a050"": 0, ""mxbai"": 5, ""qwen3"": 11}"	"{""bm25"": 0.0, ""eos_compact_q4_fp16_o200"": 0.0, ""eos_dense"": 0.0, ""hybrid_minmax_blend_a050"": 0.0, ""mxbai"": 0.38685280723454163, ""qwen3"": 0.0}"	"{""bm25"": 0.0, ""eos_compact_q4_fp16_o200"": 0.0, ""eos_dense"": 0.0, ""hybrid_minmax_blend_a050"": 0.0, ""mxbai"": 1.0, ""qwen3"": 1.0}"	"{""bm25"": ""2138843"", ""eos_compact_q4_fp16_o200"": ""27428509"", ""eos_dense"": ""27428509"", ""hybrid_minmax_blend_a050"": ""27428509"", ""mxbai"": ""2138843"", ""qwen3"": ""2138843""}"
scifact	536	1	False	True	True	True	"{""bm25"": 1, ""eos_compact_q4_fp16_o200"": 1, ""eos_dense"": 1, ""hybrid_minmax_blend_a050"": 1, ""mxbai"": 1, ""qwen3"": 1}"	"{""bm25"": 1.0, ""eos_compact_q4_fp16_o200"": 1.0, ""eos_dense"": 1.0, ""hybrid_minmax_blend_a050"": 1.0, ""mxbai"": 1.0, ""qwen3"": 1.0}"	"{""bm25"": 1.0, ""eos_compact_q4_fp16_o200"": 1.0, ""eos_dense"": 1.0, ""hybrid_minmax_blend_a050"": 1.0, ""mxbai"": 1.0, ""qwen3"": 1.0}"	"{""bm25"": ""16056514"", ""eos_compact_q4_fp16_o200"": ""16056514"", ""eos_dense"": ""16056514"", ""hybrid_minmax_blend_a050"": ""16056514"", ""mxbai"": ""16056514"", ""qwen3"": ""16056514""}"
scifact	539	1	True	True	True	True	"{""bm25"": 1, ""eos_compact_q4_fp16_o200"": 14, ""eos_dense"": 14, ""hybrid_minmax_blend_a050"": 2, ""mxbai"": 1, ""qwen3"": 1}"	"{""bm25"": 1.0, ""eos_compact_q4_fp16_o200"": 0.0, ""eos_dense"": 0.0, ""hybrid_minmax_blend_a050"": 0.6309297535714574, ""mxbai"": 1.0, ""qwen3"": 1.0}"	"{""bm25"": 1.0, ""eos_compact_q4_fp16_o200"": 1.0, ""eos_dense"": 1.0, ""hybrid_minmax_blend_a050"": 1.0, ""mxbai"": 1.0, ""qwen3"": 1.0}"	"{""bm25"": ""13282296"", ""eos_compact_q4_fp16_o200"": ""11953232"", ""eos_dense"": ""11953232"", ""hybrid_minmax_blend_a050"": ""11953232"", ""mxbai"": ""13282296"", ""qwen3"": ""13282296""}"
scifact	540	2	False	True	False	False	"{""bm25"": 7, ""eos_compact_q4_fp16_o200"": 1, ""eos_dense"": 1, ""hybrid_minmax_blend_a050"": 2, ""mxbai"": 2, ""qwen3"": 1}"	"{""bm25"": 0.20438239758848614, ""eos_compact_q4_fp16_o200"": 1.0, ""eos_dense"": 1.0, ""hybrid_minmax_blend_a050"": 0.6509209298071325, ""mxbai"": 0.5640920940185894, ""qwen3"": 0.6131471927654585}"	"{""bm25"": 1.0, ""eos_compact_q4_fp16_o200"": 1.0, ""eos_dense"": 1.0, ""hybrid_minmax_blend_a050"": 1.0, ""mxbai"": 1.0, ""qwen3"": 1.0}"	"{""bm25"": ""17150648"", ""eos_compact_q4_fp16_o200"": ""25007443"", ""eos_dense"": ""25007443"", ""hybrid_minmax_blend_a050"": ""17150648"", ""mxbai"": ""46451940"", ""qwen3"": ""11886686""}"
scifact	544	1	False	True	False	False	"{""bm25"": 19, ""eos_compact_q4_fp16_o200"": 6, ""eos_dense"": 6, ""hybrid_minmax_blend_a050"": 3, ""mxbai"": 5, ""qwen3"": 2}"	"{""bm25"": 0.0, ""eos_compact_q4_fp16_o200"": 0.3562071871080222, ""eos_dense"": 0.3562071871080222, ""hybrid_minmax_blend_a050"": 0.5, ""mxbai"": 0.38685280723454163, ""qwen3"": 0.6309297535714574}"	"{""bm25"": 1.0, ""eos_compact_q4_fp16_o200"": 1.0, ""eos_dense"": 1.0, ""hybrid_minmax_blend_a050"": 1.0, ""mxbai"": 1.0, ""qwen3"": 1.0}"	"{""bm25"": ""10559501"", ""eos_compact_q4_fp16_o200"": ""5956380"", ""eos_dense"": ""5956380"", ""hybrid_minmax_blend_a050"": ""6820680"", ""mxbai"": ""11784947"", ""qwen3"": ""6820680""}"
scifact	549	1	True	True	False	False	"{""bm25"": 1, ""eos_compact_q4_fp16_o200"": 0, ""eos_dense"": 0, ""hybrid_minmax_blend_a050"": 2, ""mxbai"": 1, ""qwen3"": 3}"	"{""bm25"": 1.0, ""eos_compact_q4_fp16_o200"": 0.0, ""eos_dense"": 0.0, ""hybrid_minmax_blend_a050"": 0.6309297535714574, ""mxbai"": 1.0, ""qwen3"": 0.5}"	"{""bm25"": 1.0, ""eos_compact_q4_fp16_o200"": 0.0, ""eos_dense"": 0.0, ""hybrid_minmax_blend_a050"": 1.0, ""mxbai"": 1.0, ""qwen3"": 1.0}"	"{""bm25"": ""9433958"", ""eos_compact_q4_fp16_o200"": ""18025240"", ""eos_dense"": ""18025240"", ""hybrid_minmax_blend_a050"": ""18025240"", ""mxbai"": ""9433958"", ""qwen3"": ""2274272""}"
scifact	551	1	False	True	False	True	"{""bm25"": 9, ""eos_compact_q4_fp16_o200"": 1, ""eos_dense"": 1, ""hybrid_minmax_blend_a050"": 1, ""mxbai"": 7, ""qwen3"": 10}"	"{""bm25"": 0.3010299956639812, ""eos_compact_q4_fp16_o200"": 1.0, ""eos_dense"": 1.0, ""hybrid_minmax_blend_a050"": 1.0, ""mxbai"": 0.3333333333333333, ""qwen3"": 0.2890648263178879}"	"{""bm25"": 1.0, ""eos_compact_q4_fp16_o200"": 1.0, ""eos_dense"": 1.0, ""hybrid_minmax_blend_a050"": 1.0, ""mxbai"": 1.0, ""qwen3"": 1.0}"	"{""bm25"": ""8903143"", ""eos_compact_q4_fp16_o200"": ""33499189"", ""eos_dense"": ""33499189"", ""hybrid_minmax_blend_a050"": ""33499189"", ""mxbai"": ""8903143"", ""qwen3"": ""8903143""}"
scifact	552	1	True	True	True	True	"{""bm25"": 1, ""eos_compact_q4_fp16_o200"": 27, ""eos_dense"": 27, ""hybrid_minmax_blend_a050"": 2, ""mxbai"": 1, ""qwen3"": 1}"	"{""bm25"": 1.0, ""eos_compact_q4_fp16_o200"": 0.0, ""eos_dense"": 0.0, ""hybrid_minmax_blend_a050"": 0.6309297535714574, ""mxbai"": 1.0, ""qwen3"": 1.0}"	"{""bm25"": 1.0, ""eos_compact_q4_fp16_o200"": 1.0, ""eos_dense"": 1.0, ""hybrid_minmax_blend_a050"": 1.0, ""mxbai"": 1.0, ""qwen3"": 1.0}"	"{""bm25"": ""1471041"", ""eos_compact_q4_fp16_o200"": ""14340571"", ""eos_dense"": ""14340571"", ""hybrid_minmax_blend_a050"": ""14340571"", ""mxbai"": ""1471041"", ""qwen3"": ""1471041""}"
scifact	554	1	False	False	False	False	"{""bm25"": 8, ""eos_compact_q4_fp16_o200"": 5, ""eos_dense"": 5, ""hybrid_minmax_blend_a050"": 4, ""mxbai"": 11, ""qwen3"": 15}"	"{""bm25"": 0.3154648767857287, ""eos_compact_q4_fp16_o200"": 0.38685280723454163, ""eos_dense"": 0.38685280723454163, ""hybrid_minmax_blend_a050"": 0.43067655807339306, ""mxbai"": 0.0, ""qwen3"": 0.0}"	"{""bm25"": 1.0, ""eos_compact_q4_fp16_o200"": 1.0, ""eos_dense"": 1.0, ""hybrid_minmax_blend_a050"": 1.0, ""mxbai"": 1.0, ""qwen3"": 1.0}"	"{""bm25"": ""52925737"", ""eos_compact_q4_fp16_o200"": ""7869794"", ""eos_dense"": ""7869794"", ""hybrid_minmax_blend_a050"": ""52925737"", ""mxbai"": ""9225850"", ""qwen3"": ""52925737""}"
scifact	560	1	True	False	False	False	"{""bm25"": 0, ""eos_compact_q4_fp16_o200"": 0, ""eos_dense"": 0, ""hybrid_minmax_blend_a050"": 0, ""mxbai"": 0, ""qwen3"": 0}"	"{""bm25"": 0.0, ""eos_compact_q4_fp16_o200"": 0.0, ""eos_dense"": 0.0, ""hybrid_minmax_blend_a050"": 0.0, ""mxbai"": 0.0, ""qwen3"": 0.0}"	"{""bm25"": 0.0, ""eos_compact_q4_fp16_o200"": 0.0, ""eos_dense"": 0.0, ""hybrid_minmax_blend_a050"": 0.0, ""mxbai"": 0.0, ""qwen3"": 0.0}"	"{""bm25"": ""22517564"", ""eos_compact_q4_fp16_o200"": ""2506153"", ""eos_dense"": ""2506153"", ""hybrid_minmax_blend_a050"": ""2844490"", ""mxbai"": ""13798951"", ""qwen3"": ""11233339""}"
scifact	569	1	True	True	False	False	"{""bm25"": 1, ""eos_compact_q4_fp16_o200"": 16, ""eos_dense"": 16, ""hybrid_minmax_blend_a050"": 2, ""mxbai"": 1, ""qwen3"": 5}"	"{""bm25"": 1.0, ""eos_compact_q4_fp16_o200"": 0.0, ""eos_dense"": 0.0, ""hybrid_minmax_blend_a050"": 0.6309297535714574, ""mxbai"": 1.0, ""qwen3"": 0.38685280723454163}"	"{""bm25"": 1.0, ""eos_compact_q4_fp16_o200"": 1.0, ""eos_dense"": 1.0, ""hybrid_minmax_blend_a050"": 1.0, ""mxbai"": 1.0, ""qwen3"": 1.0}"	"{""bm25"": ""23460562"", ""eos_compact_q4_fp16_o200"": ""21320417"", ""eos_dense"": ""21320417"", ""hybrid_minmax_blend_a050"": ""21320417"", ""mxbai"": ""23460562"", ""qwen3"": ""37311371""}"
scifact	575	1	True	True	False	False	"{""bm25"": 17, ""eos_compact_q4_fp16_o200"": 17, ""eos_dense"": 17, ""hybrid_minmax_blend_a050"": 9, ""mxbai"": 2, ""qwen3"": 1}"	"{""bm25"": 0.0, ""eos_compact_q4_fp16_o200"": 0.0, ""eos_dense"": 0.0, ""hybrid_minmax_blend_a050"": 0.3010299956639812, ""mxbai"": 0.6309297535714574, ""qwen3"": 1.0}"	"{""bm25"": 1.0, ""eos_compact_q4_fp16_o200"": 1.0, ""eos_dense"": 1.0, ""hybrid_minmax_blend_a050"": 1.0, ""mxbai"": 1.0, ""qwen3"": 1.0}"	"{""bm25"": ""16686383"", ""eos_compact_q4_fp16_o200"": ""8250852"", ""eos_dense"": ""8250852"", ""hybrid_minmax_blend_a050"": ""8250852"", ""mxbai"": ""4421746"", ""qwen3"": ""10300888""}"
scifact	577	1	True	True	False	False	"{""bm25"": 0, ""eos_compact_q4_fp16_o200"": 0, ""eos_dense"": 0, ""hybrid_minmax_blend_a050"": 0, ""mxbai"": 5, ""qwen3"": 2}"	"{""bm25"": 0.0, ""eos_compact_q4_fp16_o200"": 0.0, ""eos_dense"": 0.0, ""hybrid_minmax_blend_a050"": 0.0, ""mxbai"": 0.38685280723454163, ""qwen3"": 0.6309297535714574}"	"{""bm25"": 0.0, ""eos_compact_q4_fp16_o200"": 0.0, ""eos_dense"": 0.0, ""hybrid_minmax_blend_a050"": 0.0, ""mxbai"": 1.0, ""qwen3"": 1.0}"	"{""bm25"": ""23777820"", ""eos_compact_q4_fp16_o200"": ""2665425"", ""eos_dense"": ""2665425"", ""hybrid_minmax_blend_a050"": ""2665425"", ""mxbai"": ""21392703"", ""qwen3"": ""8133050""}"
scifact	578	1	False	True	True	True	"{""bm25"": 1, ""eos_compact_q4_fp16_o200"": 2, ""eos_dense"": 2, ""hybrid_minmax_blend_a050"": 1, ""mxbai"": 1, ""qwen3"": 1}"	"{""bm25"": 1.0, ""eos_compact_q4_fp16_o200"": 0.6309297535714574, ""eos_dense"": 0.6309297535714574, ""hybrid_minmax_blend_a050"": 1.0, ""mxbai"": 1.0, ""qwen3"": 1.0}"	"{""bm25"": 1.0, ""eos_compact_q4_fp16_o200"": 1.0, ""eos_dense"": 1.0, ""hybrid_minmax_blend_a050"": 1.0, ""mxbai"": 1.0, ""qwen3"": 1.0}"	"{""bm25"": ""8764879"", ""eos_compact_q4_fp16_o200"": ""25238950"", ""eos_dense"": ""25238950"", ""hybrid_minmax_blend_a050"": ""8764879"", ""mxbai"": ""8764879"", ""qwen3"": ""8764879""}"
scifact	587	1	False	True	False	True	"{""bm25"": 6, ""eos_compact_q4_fp16_o200"": 3, ""eos_dense"": 3, ""hybrid_minmax_blend_a050"": 1, ""mxbai"": 3, ""qwen3"": 2}"	"{""bm25"": 0.3562071871080222, ""eos_compact_q4_fp16_o200"": 0.5, ""eos_dense"": 0.5, ""hybrid_minmax_blend_a050"": 1.0, ""mxbai"": 0.5, ""qwen3"": 0.6309297535714574}"	"{""bm25"": 1.0, ""eos_compact_q4_fp16_o200"": 1.0, ""eos_dense"": 1.0, ""hybrid_minmax_blend_a050"": 1.0, ""mxbai"": 1.0, ""qwen3"": 1.0}"	"{""bm25"": ""2559303"", ""eos_compact_q4_fp16_o200"": ""6163801"", ""eos_dense"": ""6163801"", ""hybrid_minmax_blend_a050"": ""16999023"", ""mxbai"": ""7142113"", ""qwen3"": ""7142113""}"
scifact	589	1	False	True	True	True	"{""bm25"": 1, ""eos_compact_q4_fp16_o200"": 1, ""eos_dense"": 1, ""hybrid_minmax_blend_a050"": 1, ""mxbai"": 1, ""qwen3"": 1}"	"{""bm25"": 1.0, ""eos_compact_q4_fp16_o200"": 1.0, ""eos_dense"": 1.0, ""hybrid_minmax_blend_a050"": 1.0, ""mxbai"": 1.0, ""qwen3"": 1.0}"	"{""bm25"": 1.0, ""eos_compact_q4_fp16_o200"": 1.0, ""eos_dense"": 1.0, ""hybrid_minmax_blend_a050"": 1.0, ""mxbai"": 1.0, ""qwen3"": 1.0}"	"{""bm25"": ""10984005"", ""eos_compact_q4_fp16_o200"": ""10984005"", ""eos_dense"": ""10984005"", ""hybrid_minmax_blend_a050"": ""10984005"", ""mxbai"": ""10984005"", ""qwen3"": ""10984005""}"
scifact	593	1	False	True	True	True	"{""bm25"": 1, ""eos_compact_q4_fp16_o200"": 1, ""eos_dense"": 1, ""hybrid_minmax_blend_a050"": 1, ""mxbai"": 1, ""qwen3"": 1}"	"{""bm25"": 1.0, ""eos_compact_q4_fp16_o200"": 1.0, ""eos_dense"": 1.0, ""hybrid_minmax_blend_a050"": 1.0, ""mxbai"": 1.0, ""qwen3"": 1.0}"	"{""bm25"": 1.0, ""eos_compact_q4_fp16_o200"": 1.0, ""eos_dense"": 1.0, ""hybrid_minmax_blend_a050"": 1.0, ""mxbai"": 1.0, ""qwen3"": 1.0}"	"{""bm25"": ""19675911"", ""eos_compact_q4_fp16_o200"": ""19675911"", ""eos_dense"": ""19675911"", ""hybrid_minmax_blend_a050"": ""19675911"", ""mxbai"": ""19675911"", ""qwen3"": ""19675911""}"
scifact	597	3	True	True	True	True	"{""bm25"": 1, ""eos_compact_q4_fp16_o200"": 32, ""eos_dense"": 32, ""hybrid_minmax_blend_a050"": 9, ""mxbai"": 1, ""qwen3"": 1}"	"{""bm25"": 0.9134015924715544, ""eos_compact_q4_fp16_o200"": 0.0, ""eos_dense"": 0.0, ""hybrid_minmax_blend_a050"": 0.27691894629227687, ""mxbai"": 0.9674679834891693, ""qwen3"": 1.0}"	"{""bm25"": 1.0, ""eos_compact_q4_fp16_o200"": 0.6666666666666666, ""eos_dense"": 0.6666666666666666, ""hybrid_minmax_blend_a050"": 1.0, ""mxbai"": 1.0, ""qwen3"": 1.0}"	"{""bm25"": ""25742130"", ""eos_compact_q4_fp16_o200"": ""27446873"", ""eos_dense"": ""27446873"", ""hybrid_minmax_blend_a050"": ""46695481"", ""mxbai"": ""36355784"", ""qwen3"": ""36355784""}"
scifact	598	1	True	True	False	False	"{""bm25"": 8, ""eos_compact_q4_fp16_o200"": 28, ""eos_dense"": 28, ""hybrid_minmax_blend_a050"": 14, ""mxbai"": 9, ""qwen3"": 3}"	"{""bm25"": 0.3154648767857287, ""eos_compact_q4_fp16_o200"": 0.0, ""eos_dense"": 0.0, ""hybrid_minmax_blend_a050"": 0.0, ""mxbai"": 0.3010299956639812, ""qwen3"": 0.5}"	"{""bm25"": 1.0, ""eos_compact_q4_fp16_o200"": 1.0, ""eos_dense"": 1.0, ""hybrid_minmax_blend_a050"": 1.0, ""mxbai"": 1.0, ""qwen3"": 1.0}"	"{""bm25"": ""6561200"", ""eos_compact_q4_fp16_o200"": ""27446873"", ""eos_dense"": ""27446873"", ""hybrid_minmax_blend_a050"": ""27446873"", ""mxbai"": ""46695481"", ""qwen3"": ""36355784""}"
scifact	613	1	False	True	True	True	"{""bm25"": 1, ""eos_compact_q4_fp16_o200"": 1, ""eos_dense"": 1, ""hybrid_minmax_blend_a050"": 1, ""mxbai"": 1, ""qwen3"": 1}"	"{""bm25"": 1.0, ""eos_compact_q4_fp16_o200"": 1.0, ""eos_dense"": 1.0, ""hybrid_minmax_blend_a050"": 1.0, ""mxbai"": 1.0, ""qwen3"": 1.0}"	"{""bm25"": 1.0, ""eos_compact_q4_fp16_o200"": 1.0, ""eos_dense"": 1.0, ""hybrid_minmax_blend_a050"": 1.0, ""mxbai"": 1.0, ""qwen3"": 1.0}"	"{""bm25"": ""9638032"", ""eos_compact_q4_fp16_o200"": ""9638032"", ""eos_dense"": ""9638032"", ""hybrid_minmax_blend_a050"": ""9638032"", ""mxbai"": ""9638032"", ""qwen3"": ""9638032""}"
scifact	619	2	False	True	False	False	"{""bm25"": 7, ""eos_compact_q4_fp16_o200"": 1, ""eos_dense"": 1, ""hybrid_minmax_blend_a050"": 2, ""mxbai"": 7, ""qwen3"": 10}"	"{""bm25"": 0.20438239758848614, ""eos_compact_q4_fp16_o200"": 0.7977228895450267, ""eos_dense"": 0.7977228895450267, ""hybrid_minmax_blend_a050"": 0.6934264036172708, ""mxbai"": 0.38895809436805434, ""qwen3"": 0.17723928678404777}"	"{""bm25"": 0.5, ""eos_compact_q4_fp16_o200"": 1.0, ""eos_dense"": 1.0, ""hybrid_minmax_blend_a050"": 1.0, ""mxbai"": 1.0, ""qwen3"": 1.0}"	"{""bm25"": ""6673421"", ""eos_compact_q4_fp16_o200"": ""2565138"", ""eos_dense"": ""2565138"", ""hybrid_minmax_blend_a050"": ""6673421"", ""mxbai"": ""1171121"", ""qwen3"": ""5254741""}"
scifact	623	1	False	True	False	True	"{""bm25"": 26, ""eos_compact_q4_fp16_o200"": 6, ""eos_dense"": 6, ""hybrid_minmax_blend_a050"": 10, ""mxbai"": 2, ""qwen3"": 2}"	"{""bm25"": 0.0, ""eos_compact_q4_fp16_o200"": 0.3562071871080222, ""eos_dense"": 0.3562071871080222, ""hybrid_minmax_blend_a050"": 0.2890648263178879, ""mxbai"": 0.6309297535714574, ""qwen3"": 0.6309297535714574}"	"{""bm25"": 1.0, ""eos_compact_q4_fp16_o200"": 1.0, ""eos_dense"": 1.0, ""hybrid_minmax_blend_a050"": 1.0, ""mxbai"": 1.0, ""qwen3"": 1.0}"	"{""bm25"": ""25599283"", ""eos_compact_q4_fp16_o200"": ""4462079"", ""eos_dense"": ""4462079"", ""hybrid_minmax_blend_a050"": ""4462079"", ""mxbai"": ""22843838"", ""qwen3"": ""22843838""}"
scifact	628	1	True	True	False	False	"{""bm25"": 3, ""eos_compact_q4_fp16_o200"": 17, ""eos_dense"": 17, ""hybrid_minmax_blend_a050"": 2, ""mxbai"": 1, ""qwen3"": 2}"	"{""bm25"": 0.5, ""eos_compact_q4_fp16_o200"": 0.0, ""eos_dense"": 0.0, ""hybrid_minmax_blend_a050"": 0.6309297535714574, ""mxbai"": 1.0, ""qwen3"": 0.6309297535714574}"	"{""bm25"": 1.0, ""eos_compact_q4_fp16_o200"": 1.0, ""eos_dense"": 1.0, ""hybrid_minmax_blend_a050"": 1.0, ""mxbai"": 1.0, ""qwen3"": 1.0}"	"{""bm25"": ""5735492"", ""eos_compact_q4_fp16_o200"": ""2947124"", ""eos_dense"": ""2947124"", ""hybrid_minmax_blend_a050"": ""23915841"", ""mxbai"": ""24512064"", ""qwen3"": ""28738741""}"
scifact	636	1	True	True	True	True	"{""bm25"": 3, ""eos_compact_q4_fp16_o200"": 17, ""eos_dense"": 17, ""hybrid_minmax_blend_a050"": 3, ""mxbai"": 1, ""qwen3"": 1}"	"{""bm25"": 0.5, ""eos_compact_q4_fp16_o200"": 0.0, ""eos_dense"": 0.0, ""hybrid_minmax_blend_a050"": 0.5, ""mxbai"": 1.0, ""qwen3"": 1.0}"	"{""bm25"": 1.0, ""eos_compact_q4_fp16_o200"": 1.0, ""eos_dense"": 1.0, ""hybrid_minmax_blend_a050"": 1.0, ""mxbai"": 1.0, ""qwen3"": 1.0}"	"{""bm25"": ""42708716"", ""eos_compact_q4_fp16_o200"": ""42708716"", ""eos_dense"": ""42708716"", ""hybrid_minmax_blend_a050"": ""42708716"", ""mxbai"": ""24294572"", ""qwen3"": ""24294572""}"
scifact	637	1	False	True	False	True	"{""bm25"": 7, ""eos_compact_q4_fp16_o200"": 1, ""eos_dense"": 1, ""hybrid_minmax_blend_a050"": 2, ""mxbai"": 2, ""qwen3"": 2}"	"{""bm25"": 0.3333333333333333, ""eos_compact_q4_fp16_o200"": 1.0, ""eos_dense"": 1.0, ""hybrid_minmax_blend_a050"": 0.6309297535714574, ""mxbai"": 0.6309297535714574, ""qwen3"": 0.6309297535714574}"	"{""bm25"": 1.0, ""eos_compact_q4_fp16_o200"": 1.0, ""eos_dense"": 1.0, ""hybrid_minmax_blend_a050"": 1.0, ""mxbai"": 1.0, ""qwen3"": 1.0}"	"{""bm25"": ""73473433"", ""eos_compact_q4_fp16_o200"": ""25649714"", ""eos_dense"": ""25649714"", ""hybrid_minmax_blend_a050"": ""73473433"", ""mxbai"": ""6129301"", ""qwen3"": ""6129301""}"
scifact	641	2	False	True	True	True	"{""bm25"": 1, ""eos_compact_q4_fp16_o200"": 1, ""eos_dense"": 1, ""hybrid_minmax_blend_a050"": 1, ""mxbai"": 1, ""qwen3"": 1}"	"{""bm25"": 0.6131471927654585, ""eos_compact_q4_fp16_o200"": 0.6131471927654585, ""eos_dense"": 0.6131471927654585, ""hybrid_minmax_blend_a050"": 0.6131471927654585, ""mxbai"": 0.8175295903539446, ""qwen3"": 0.8315546295836226}"	"{""bm25"": 1.0, ""eos_compact_q4_fp16_o200"": 1.0, ""eos_dense"": 1.0, ""hybrid_minmax_blend_a050"": 1.0, ""mxbai"": 1.0, ""qwen3"": 1.0}"	"{""bm25"": ""5912283"", ""eos_compact_q4_fp16_o200"": ""5912283"", ""eos_dense"": ""5912283"", ""hybrid_minmax_blend_a050"": ""5912283"", ""mxbai"": ""5912283"", ""qwen3"": ""5912283""}"
scifact	644	1	False	True	False	False	"{""bm25"": 1, ""eos_compact_q4_fp16_o200"": 1, ""eos_dense"": 1, ""hybrid_minmax_blend_a050"": 1, ""mxbai"": 1, ""qwen3"": 3}"	"{""bm25"": 1.0, ""eos_compact_q4_fp16_o200"": 1.0, ""eos_dense"": 1.0, ""hybrid_minmax_blend_a050"": 1.0, ""mxbai"": 1.0, ""qwen3"": 0.5}"	"{""bm25"": 1.0, ""eos_compact_q4_fp16_o200"": 1.0, ""eos_dense"": 1.0, ""hybrid_minmax_blend_a050"": 1.0, ""mxbai"": 1.0, ""qwen3"": 1.0}"	"{""bm25"": ""13619127"", ""eos_compact_q4_fp16_o200"": ""13619127"", ""eos_dense"": ""13619127"", ""hybrid_minmax_blend_a050"": ""13619127"", ""mxbai"": ""13619127"", ""qwen3"": ""356218""}"
scifact	649	1	False	True	True	True	"{""bm25"": 2, ""eos_compact_q4_fp16_o200"": 3, ""eos_dense"": 3, ""hybrid_minmax_blend_a050"": 1, ""mxbai"": 1, ""qwen3"": 1}"	"{""bm25"": 0.6309297535714574, ""eos_compact_q4_fp16_o200"": 0.5, ""eos_dense"": 0.5, ""hybrid_minmax_blend_a050"": 1.0, ""mxbai"": 1.0, ""qwen3"": 1.0}"	"{""bm25"": 1.0, ""eos_compact_q4_fp16_o200"": 1.0, ""eos_dense"": 1.0, ""hybrid_minmax_blend_a050"": 1.0, ""mxbai"": 1.0, ""qwen3"": 1.0}"	"{""bm25"": ""24159217"", ""eos_compact_q4_fp16_o200"": ""43156471"", ""eos_dense"": ""43156471"", ""hybrid_minmax_blend_a050"": ""12789595"", ""mxbai"": ""12789595"", ""qwen3"": ""12789595""}"
scifact	659	1	True	False	False	False	"{""bm25"": 1, ""eos_compact_q4_fp16_o200"": 0, ""eos_dense"": 0, ""hybrid_minmax_blend_a050"": 3, ""mxbai"": 12, ""qwen3"": 9}"	"{""bm25"": 1.0, ""eos_compact_q4_fp16_o200"": 0.0, ""eos_dense"": 0.0, ""hybrid_minmax_blend_a050"": 0.5, ""mxbai"": 0.0, ""qwen3"": 0.3010299956639812}"	"{""bm25"": 1.0, ""eos_compact_q4_fp16_o200"": 0.0, ""eos_dense"": 0.0, ""hybrid_minmax_blend_a050"": 1.0, ""mxbai"": 1.0, ""qwen3"": 1.0}"	"{""bm25"": ""1215116"", ""eos_compact_q4_fp16_o200"": ""16939583"", ""eos_dense"": ""16939583"", ""hybrid_minmax_blend_a050"": ""17327939"", ""mxbai"": ""12409683"", ""qwen3"": ""9110810""}"
scifact	660	1	True	False	False	False	"{""bm25"": 1, ""eos_compact_q4_fp16_o200"": 0, ""eos_dense"": 0, ""hybrid_minmax_blend_a050"": 2, ""mxbai"": 25, ""qwen3"": 13}"	"{""bm25"": 1.0, ""eos_compact_q4_fp16_o200"": 0.0, ""eos_dense"": 0.0, ""hybrid_minmax_blend_a050"": 0.6309297535714574, ""mxbai"": 0.0, ""qwen3"": 0.0}"	"{""bm25"": 1.0, ""eos_compact_q4_fp16_o200"": 0.0, ""eos_dense"": 0.0, ""hybrid_minmax_blend_a050"": 1.0, ""mxbai"": 1.0, ""qwen3"": 1.0}"	"{""bm25"": ""1215116"", ""eos_compact_q4_fp16_o200"": ""41294031"", ""eos_dense"": ""41294031"", ""hybrid_minmax_blend_a050"": ""41294031"", ""mxbai"": ""18025240"", ""qwen3"": ""9110810""}"
scifact	674	1	False	True	False	True	"{""bm25"": 1, ""eos_compact_q4_fp16_o200"": 2, ""eos_dense"": 2, ""hybrid_minmax_blend_a050"": 1, ""mxbai"": 7, ""qwen3"": 3}"	"{""bm25"": 1.0, ""eos_compact_q4_fp16_o200"": 0.6309297535714574, ""eos_dense"": 0.6309297535714574, ""hybrid_minmax_blend_a050"": 1.0, ""mxbai"": 0.3333333333333333, ""qwen3"": 0.5}"	"{""bm25"": 1.0, ""eos_compact_q4_fp16_o200"": 1.0, ""eos_dense"": 1.0, ""hybrid_minmax_blend_a050"": 1.0, ""mxbai"": 1.0, ""qwen3"": 1.0}"	"{""bm25"": ""2095573"", ""eos_compact_q4_fp16_o200"": ""72933407"", ""eos_dense"": ""72933407"", ""hybrid_minmax_blend_a050"": ""2095573"", ""mxbai"": ""7662206"", ""qwen3"": ""7662206""}"
scifact	684	1	False	True	False	True	"{""bm25"": 1, ""eos_compact_q4_fp16_o200"": 1, ""eos_dense"": 1, ""hybrid_minmax_blend_a050"": 1, ""mxbai"": 2, ""qwen3"": 2}"	"{""bm25"": 1.0, ""eos_compact_q4_fp16_o200"": 1.0, ""eos_dense"": 1.0, ""hybrid_minmax_blend_a050"": 1.0, ""mxbai"": 0.6309297535714574, ""qwen3"": 0.6309297535714574}"	"{""bm25"": 1.0, ""eos_compact_q4_fp16_o200"": 1.0, ""eos_dense"": 1.0, ""hybrid_minmax_blend_a050"": 1.0, ""mxbai"": 1.0, ""qwen3"": 1.0}"	"{""bm25"": ""4942718"", ""eos_compact_q4_fp16_o200"": ""4942718"", ""eos_dense"": ""4942718"", ""hybrid_minmax_blend_a050"": ""4942718"", ""mxbai"": ""12881593"", ""qwen3"": ""12881593""}"
scifact	690	1	False	False	False	True	"{""bm25"": 21, ""eos_compact_q4_fp16_o200"": 1, ""eos_dense"": 1, ""hybrid_minmax_blend_a050"": 1, ""mxbai"": 3, ""qwen3"": 96}"	"{""bm25"": 0.0, ""eos_compact_q4_fp16_o200"": 1.0, ""eos_dense"": 1.0, ""hybrid_minmax_blend_a050"": 1.0, ""mxbai"": 0.5, ""qwen3"": 0.0}"	"{""bm25"": 1.0, ""eos_compact_q4_fp16_o200"": 1.0, ""eos_dense"": 1.0, ""hybrid_minmax_blend_a050"": 1.0, ""mxbai"": 1.0, ""qwen3"": 1.0}"	"{""bm25"": ""18174210"", ""eos_compact_q4_fp16_o200"": ""18750453"", ""eos_dense"": ""18750453"", ""hybrid_minmax_blend_a050"": ""18750453"", ""mxbai"": ""19487477"", ""qwen3"": ""19487477""}"
scifact	691	1	True	True	False	False	"{""bm25"": 1, ""eos_compact_q4_fp16_o200"": 0, ""eos_dense"": 0, ""hybrid_minmax_blend_a050"": 2, ""mxbai"": 2, ""qwen3"": 3}"	"{""bm25"": 1.0, ""eos_compact_q4_fp16_o200"": 0.0, ""eos_dense"": 0.0, ""hybrid_minmax_blend_a050"": 0.6309297535714574, ""mxbai"": 0.6309297535714574, ""qwen3"": 0.5}"	"{""bm25"": 1.0, ""eos_compact_q4_fp16_o200"": 0.0, ""eos_dense"": 0.0, ""hybrid_minmax_blend_a050"": 1.0, ""mxbai"": 1.0, ""qwen3"": 1.0}"	"{""bm25"": ""10991183"", ""eos_compact_q4_fp16_o200"": ""24550453"", ""eos_dense"": ""24550453"", ""hybrid_minmax_blend_a050"": ""24550453"", ""mxbai"": ""33076846"", ""qwen3"": ""28195565""}"
scifact	692	1	True	True	True	True	"{""bm25"": 1, ""eos_compact_q4_fp16_o200"": 0, ""eos_dense"": 0, ""hybrid_minmax_blend_a050"": 5, ""mxbai"": 1, ""qwen3"": 1}"	"{""bm25"": 1.0, ""eos_compact_q4_fp16_o200"": 0.0, ""eos_dense"": 0.0, ""hybrid_minmax_blend_a050"": 0.38685280723454163, ""mxbai"": 1.0, ""qwen3"": 1.0}"	"{""bm25"": 1.0, ""eos_compact_q4_fp16_o200"": 0.0, ""eos_dense"": 0.0, ""hybrid_minmax_blend_a050"": 1.0, ""mxbai"": 1.0, ""qwen3"": 1.0}"	"{""bm25"": ""24088502"", ""eos_compact_q4_fp16_o200"": ""36642096"", ""eos_dense"": ""36642096"", ""hybrid_minmax_blend_a050"": ""23203102"", ""mxbai"": ""24088502"", ""qwen3"": ""24088502""}"
scifact	693	1	True	True	True	True	"{""bm25"": 1, ""eos_compact_q4_fp16_o200"": 0, ""eos_dense"": 0, ""hybrid_minmax_blend_a050"": 2, ""mxbai"": 1, ""qwen3"": 1}"	"{""bm25"": 1.0, ""eos_compact_q4_fp16_o200"": 0.0, ""eos_dense"": 0.0, ""hybrid_minmax_blend_a050"": 0.6309297535714574, ""mxbai"": 1.0, ""qwen3"": 1.0}"	"{""bm25"": 1.0, ""eos_compact_q4_fp16_o200"": 0.0, ""eos_dense"": 0.0, ""hybrid_minmax_blend_a050"": 1.0, ""mxbai"": 1.0, ""qwen3"": 1.0}"	"{""bm25"": ""24088502"", ""eos_compact_q4_fp16_o200"": ""2533768"", ""eos_dense"": ""2533768"", ""hybrid_minmax_blend_a050"": ""2533768"", ""mxbai"": ""24088502"", ""qwen3"": ""24088502""}"
scifact	700	1	False	True	True	True	"{""bm25"": 2, ""eos_compact_q4_fp16_o200"": 1, ""eos_dense"": 1, ""hybrid_minmax_blend_a050"": 1, ""mxbai"": 1, ""qwen3"": 1}"	"{""bm25"": 0.6309297535714574, ""eos_compact_q4_fp16_o200"": 1.0, ""eos_dense"": 1.0, ""hybrid_minmax_blend_a050"": 1.0, ""mxbai"": 1.0, ""qwen3"": 1.0}"	"{""bm25"": 1.0, ""eos_compact_q4_fp16_o200"": 1.0, ""eos_dense"": 1.0, ""hybrid_minmax_blend_a050"": 1.0, ""mxbai"": 1.0, ""qwen3"": 1.0}"	"{""bm25"": ""16557565"", ""eos_compact_q4_fp16_o200"": ""4350400"", ""eos_dense"": ""4350400"", ""hybrid_minmax_blend_a050"": ""4350400"", ""mxbai"": ""4350400"", ""qwen3"": ""4350400""}"
scifact	702	1	False	True	True	True	"{""bm25"": 3, ""eos_compact_q4_fp16_o200"": 1, ""eos_dense"": 1, ""hybrid_minmax_blend_a050"": 2, ""mxbai"": 1, ""qwen3"": 1}"	"{""bm25"": 0.5, ""eos_compact_q4_fp16_o200"": 1.0, ""eos_dense"": 1.0, ""hybrid_minmax_blend_a050"": 0.6309297535714574, ""mxbai"": 1.0, ""qwen3"": 1.0}"	"{""bm25"": 1.0, ""eos_compact_q4_fp16_o200"": 1.0, ""eos_dense"": 1.0, ""hybrid_minmax_blend_a050"": 1.0, ""mxbai"": 1.0, ""qwen3"": 1.0}"	"{""bm25"": ""16557565"", ""eos_compact_q4_fp16_o200"": ""4350400"", ""eos_dense"": ""4350400"", ""hybrid_minmax_blend_a050"": ""16557565"", ""mxbai"": ""4350400"", ""qwen3"": ""4350400""}"
scifact	715	1	False	False	False	False	"{""bm25"": 58, ""eos_compact_q4_fp16_o200"": 1, ""eos_dense"": 1, ""hybrid_minmax_blend_a050"": 3, ""mxbai"": 14, ""qwen3"": 39}"	"{""bm25"": 0.0, ""eos_compact_q4_fp16_o200"": 1.0, ""eos_dense"": 1.0, ""hybrid_minmax_blend_a050"": 0.5, ""mxbai"": 0.0, ""qwen3"": 0.0}"	"{""bm25"": 1.0, ""eos_compact_q4_fp16_o200"": 1.0, ""eos_dense"": 1.0, ""hybrid_minmax_blend_a050"": 1.0, ""mxbai"": 1.0, ""qwen3"": 1.0}"	"{""bm25"": ""16550075"", ""eos_compact_q4_fp16_o200"": ""18421962"", ""eos_dense"": ""18421962"", ""hybrid_minmax_blend_a050"": ""37438296"", ""mxbai"": ""5409325"", ""qwen3"": ""13290521""}"
scifact	716	1	False	False	False	True	"{""bm25"": 0, ""eos_compact_q4_fp16_o200"": 4, ""eos_dense"": 4, ""hybrid_minmax_blend_a050"": 9, ""mxbai"": 81, ""qwen3"": 0}"	"{""bm25"": 0.0, ""eos_compact_q4_fp16_o200"": 0.43067655807339306, ""eos_dense"": 0.43067655807339306, ""hybrid_minmax_blend_a050"": 0.3010299956639812, ""mxbai"": 0.0, ""qwen3"": 0.0}"	"{""bm25"": 0.0, ""eos_compact_q4_fp16_o200"": 1.0, ""eos_dense"": 1.0, ""hybrid_minmax_blend_a050"": 1.0, ""mxbai"": 1.0, ""qwen3"": 0.0}"	"{""bm25"": ""23581096"", ""eos_compact_q4_fp16_o200"": ""37438296"", ""eos_dense"": ""37438296"", ""hybrid_minmax_blend_a050"": ""37438296"", ""mxbai"": ""13290521"", ""qwen3"": ""13290521""}"
scifact	718	1	True	True	True	True	"{""bm25"": 4, ""eos_compact_q4_fp16_o200"": 17, ""eos_dense"": 17, ""hybrid_minmax_blend_a050"": 1, ""mxbai"": 1, ""qwen3"": 1}"	"{""bm25"": 0.43067655807339306, ""eos_compact_q4_fp16_o200"": 0.0, ""eos_dense"": 0.0, ""hybrid_minmax_blend_a050"": 1.0, ""mxbai"": 1.0, ""qwen3"": 1.0}"	"{""bm25"": 1.0, ""eos_compact_q4_fp16_o200"": 1.0, ""eos_dense"": 1.0, ""hybrid_minmax_blend_a050"": 1.0, ""mxbai"": 1.0, ""qwen3"": 1.0}"	"{""bm25"": ""7808055"", ""eos_compact_q4_fp16_o200"": ""29134911"", ""eos_dense"": ""29134911"", ""hybrid_minmax_blend_a050"": ""17587795"", ""mxbai"": ""17587795"", ""qwen3"": ""17587795""}"
scifact	721	1	False	True	True	True	"{""bm25"": 1, ""eos_compact_q4_fp16_o200"": 1, ""eos_dense"": 1, ""hybrid_minmax_blend_a050"": 1, ""mxbai"": 1, ""qwen3"": 1}"	"{""bm25"": 1.0, ""eos_compact_q4_fp16_o200"": 1.0, ""eos_dense"": 1.0, ""hybrid_minmax_blend_a050"": 1.0, ""mxbai"": 1.0, ""qwen3"": 1.0}"	"{""bm25"": 1.0, ""eos_compact_q4_fp16_o200"": 1.0, ""eos_dense"": 1.0, ""hybrid_minmax_blend_a050"": 1.0, ""mxbai"": 1.0, ""qwen3"": 1.0}"	"{""bm25"": ""1834762"", ""eos_compact_q4_fp16_o200"": ""1834762"", ""eos_dense"": ""1834762"", ""hybrid_minmax_blend_a050"": ""1834762"", ""mxbai"": ""1834762"", ""qwen3"": ""1834762""}"
scifact	723	1	False	True	True	True	"{""bm25"": 1, ""eos_compact_q4_fp16_o200"": 1, ""eos_dense"": 1, ""hybrid_minmax_blend_a050"": 1, ""mxbai"": 1, ""qwen3"": 1}"	"{""bm25"": 1.0, ""eos_compact_q4_fp16_o200"": 1.0, ""eos_dense"": 1.0, ""hybrid_minmax_blend_a050"": 1.0, ""mxbai"": 1.0, ""qwen3"": 1.0}"	"{""bm25"": 1.0, ""eos_compact_q4_fp16_o200"": 1.0, ""eos_dense"": 1.0, ""hybrid_minmax_blend_a050"": 1.0, ""mxbai"": 1.0, ""qwen3"": 1.0}"	"{""bm25"": ""5531479"", ""eos_compact_q4_fp16_o200"": ""5531479"", ""eos_dense"": ""5531479"", ""hybrid_minmax_blend_a050"": ""5531479"", ""mxbai"": ""5531479"", ""qwen3"": ""5531479""}"
scifact	727	1	False	True	False	True	"{""bm25"": 2, ""eos_compact_q4_fp16_o200"": 2, ""eos_dense"": 2, ""hybrid_minmax_blend_a050"": 1, ""mxbai"": 6, ""qwen3"": 4}"	"{""bm25"": 0.6309297535714574, ""eos_compact_q4_fp16_o200"": 0.6309297535714574, ""eos_dense"": 0.6309297535714574, ""hybrid_minmax_blend_a050"": 1.0, ""mxbai"": 0.3562071871080222, ""qwen3"": 0.43067655807339306}"	"{""bm25"": 1.0, ""eos_compact_q4_fp16_o200"": 1.0, ""eos_dense"": 1.0, ""hybrid_minmax_blend_a050"": 1.0, ""mxbai"": 1.0, ""qwen3"": 1.0}"	"{""bm25"": ""22406695"", ""eos_compact_q4_fp16_o200"": ""36444198"", ""eos_dense"": ""36444198"", ""hybrid_minmax_blend_a050"": ""7521113"", ""mxbai"": ""36444198"", ""qwen3"": ""36444198""}"
scifact	728	2	False	True	True	True	"{""bm25"": 2, ""eos_compact_q4_fp16_o200"": 1, ""eos_dense"": 1, ""hybrid_minmax_blend_a050"": 1, ""mxbai"": 1, ""qwen3"": 1}"	"{""bm25"": 0.6052602440527058, ""eos_compact_q4_fp16_o200"": 0.9197207891481877, ""eos_dense"": 0.9197207891481877, ""hybrid_minmax_blend_a050"": 0.9197207891481877, ""mxbai"": 0.8503449055347547, ""qwen3"": 0.8772153153380494}"	"{""bm25"": 1.0, ""eos_compact_q4_fp16_o200"": 1.0, ""eos_dense"": 1.0, ""hybrid_minmax_blend_a050"": 1.0, ""mxbai"": 1.0, ""qwen3"": 1.0}"	"{""bm25"": ""22406695"", ""eos_compact_q4_fp16_o200"": ""36444198"", ""eos_dense"": ""36444198"", ""hybrid_minmax_blend_a050"": ""7521113"", ""mxbai"": ""36444198"", ""qwen3"": ""36444198""}"
scifact	729	1	True	True	True	True	"{""bm25"": 2, ""eos_compact_q4_fp16_o200"": 0, ""eos_dense"": 0, ""hybrid_minmax_blend_a050"": 11, ""mxbai"": 1, ""qwen3"": 1}"	"{""bm25"": 0.6309297535714574, ""eos_compact_q4_fp16_o200"": 0.0, ""eos_dense"": 0.0, ""hybrid_minmax_blend_a050"": 0.0, ""mxbai"": 1.0, ""qwen3"": 1.0}"	"{""bm25"": 1.0, ""eos_compact_q4_fp16_o200"": 0.0, ""eos_dense"": 0.0, ""hybrid_minmax_blend_a050"": 1.0, ""mxbai"": 1.0, ""qwen3"": 1.0}"	"{""bm25"": ""18038250"", ""eos_compact_q4_fp16_o200"": ""12922760"", ""eos_dense"": ""12922760"", ""hybrid_minmax_blend_a050"": ""12922760"", ""mxbai"": ""26851674"", ""qwen3"": ""26851674""}"
scifact	742	1	False	True	False	False	"{""bm25"": 1, ""eos_compact_q4_fp16_o200"": 2, ""eos_dense"": 2, ""hybrid_minmax_blend_a050"": 1, ""mxbai"": 1, ""qwen3"": 2}"	"{""bm25"": 1.0, ""eos_compact_q4_fp16_o200"": 0.6309297535714574, ""eos_dense"": 0.6309297535714574, ""hybrid_minmax_blend_a050"": 1.0, ""mxbai"": 1.0, ""qwen3"": 0.6309297535714574}"	"{""bm25"": 1.0, ""eos_compact_q4_fp16_o200"": 1.0, ""eos_dense"": 1.0, ""hybrid_minmax_blend_a050"": 1.0, ""mxbai"": 1.0, ""qwen3"": 1.0}"	"{""bm25"": ""32159283"", ""eos_compact_q4_fp16_o200"": ""167469018"", ""eos_dense"": ""167469018"", ""hybrid_minmax_blend_a050"": ""32159283"", ""mxbai"": ""32159283"", ""qwen3"": ""21239672""}"
scifact	743	1	False	True	False	False	"{""bm25"": 1, ""eos_compact_q4_fp16_o200"": 1, ""eos_dense"": 1, ""hybrid_minmax_blend_a050"": 1, ""mxbai"": 1, ""qwen3"": 2}"	"{""bm25"": 1.0, ""eos_compact_q4_fp16_o200"": 1.0, ""eos_dense"": 1.0, ""hybrid_minmax_blend_a050"": 1.0, ""mxbai"": 1.0, ""qwen3"": 0.6309297535714574}"	"{""bm25"": 1.0, ""eos_compact_q4_fp16_o200"": 1.0, ""eos_dense"": 1.0, ""hybrid_minmax_blend_a050"": 1.0, ""mxbai"": 1.0, ""qwen3"": 1.0}"	"{""bm25"": ""32159283"", ""eos_compact_q4_fp16_o200"": ""32159283"", ""eos_dense"": ""32159283"", ""hybrid_minmax_blend_a050"": ""32159283"", ""mxbai"": ""32159283"", ""qwen3"": ""21239672""}"
scifact	744	1	False	True	False	False	"{""bm25"": 2, ""eos_compact_q4_fp16_o200"": 9, ""eos_dense"": 9, ""hybrid_minmax_blend_a050"": 2, ""mxbai"": 3, ""qwen3"": 3}"	"{""bm25"": 0.6309297535714574, ""eos_compact_q4_fp16_o200"": 0.3010299956639812, ""eos_dense"": 0.3010299956639812, ""hybrid_minmax_blend_a050"": 0.6309297535714574, ""mxbai"": 0.5, ""qwen3"": 0.5}"	"{""bm25"": 1.0, ""eos_compact_q4_fp16_o200"": 1.0, ""eos_dense"": 1.0, ""hybrid_minmax_blend_a050"": 1.0, ""mxbai"": 1.0, ""qwen3"": 1.0}"	"{""bm25"": ""4138659"", ""eos_compact_q4_fp16_o200"": ""11738716"", ""eos_dense"": ""11738716"", ""hybrid_minmax_blend_a050"": ""4138659"", ""mxbai"": ""4138659"", ""qwen3"": ""6454371""}"
scifact	756	1	False	True	False	True	"{""bm25"": 12, ""eos_compact_q4_fp16_o200"": 2, ""eos_dense"": 2, ""hybrid_minmax_blend_a050"": 3, ""mxbai"": 3, ""qwen3"": 2}"	"{""bm25"": 0.0, ""eos_compact_q4_fp16_o200"": 0.6309297535714574, ""eos_dense"": 0.6309297535714574, ""hybrid_minmax_blend_a050"": 0.5, ""mxbai"": 0.5, ""qwen3"": 0.6309297535714574}"	"{""bm25"": 1.0, ""eos_compact_q4_fp16_o200"": 1.0, ""eos_dense"": 1.0, ""hybrid_minmax_blend_a050"": 1.0, ""mxbai"": 1.0, ""qwen3"": 1.0}"	"{""bm25"": ""17919731"", ""eos_compact_q4_fp16_o200"": ""17919731"", ""eos_dense"": ""17919731"", ""hybrid_minmax_blend_a050"": ""17919731"", ""mxbai"": ""27134527"", ""qwen3"": ""27134527""}"
scifact	759	1	False	True	False	False	"{""bm25"": 1, ""eos_compact_q4_fp16_o200"": 2, ""eos_dense"": 2, ""hybrid_minmax_blend_a050"": 1, ""mxbai"": 1, ""qwen3"": 2}"	"{""bm25"": 1.0, ""eos_compact_q4_fp16_o200"": 0.6309297535714574, ""eos_dense"": 0.6309297535714574, ""hybrid_minmax_blend_a050"": 1.0, ""mxbai"": 1.0, ""qwen3"": 0.6309297535714574}"	"{""bm25"": 1.0, ""eos_compact_q4_fp16_o200"": 1.0, ""eos_dense"": 1.0, ""hybrid_minmax_blend_a050"": 1.0, ""mxbai"": 1.0, ""qwen3"": 1.0}"	"{""bm25"": ""1805641"", ""eos_compact_q4_fp16_o200"": ""469066"", ""eos_dense"": ""469066"", ""hybrid_minmax_blend_a050"": ""1805641"", ""mxbai"": ""1805641"", ""qwen3"": ""12409683""}"
scifact	768	1	True	False	False	True	"{""bm25"": 4, ""eos_compact_q4_fp16_o200"": 0, ""eos_dense"": 0, ""hybrid_minmax_blend_a050"": 55, ""mxbai"": 3, ""qwen3"": 37}"	"{""bm25"": 0.43067655807339306, ""eos_compact_q4_fp16_o200"": 0.0, ""eos_dense"": 0.0, ""hybrid_minmax_blend_a050"": 0.0, ""mxbai"": 0.5, ""qwen3"": 0.0}"	"{""bm25"": 1.0, ""eos_compact_q4_fp16_o200"": 0.0, ""eos_dense"": 0.0, ""hybrid_minmax_blend_a050"": 1.0, ""mxbai"": 1.0, ""qwen3"": 1.0}"	"{""bm25"": ""1373287"", ""eos_compact_q4_fp16_o200"": ""32001951"", ""eos_dense"": ""32001951"", ""hybrid_minmax_blend_a050"": ""32001951"", ""mxbai"": ""19497526"", ""qwen3"": ""19497526""}"
scifact	770	1	False	True	True	True	"{""bm25"": 1, ""eos_compact_q4_fp16_o200"": 1, ""eos_dense"": 1, ""hybrid_minmax_blend_a050"": 1, ""mxbai"": 1, ""qwen3"": 1}"	"{""bm25"": 1.0, ""eos_compact_q4_fp16_o200"": 1.0, ""eos_dense"": 1.0, ""hybrid_minmax_blend_a050"": 1.0, ""mxbai"": 1.0, ""qwen3"": 1.0}"	"{""bm25"": 1.0, ""eos_compact_q4_fp16_o200"": 1.0, ""eos_dense"": 1.0, ""hybrid_minmax_blend_a050"": 1.0, ""mxbai"": 1.0, ""qwen3"": 1.0}"	"{""bm25"": ""15476777"", ""eos_compact_q4_fp16_o200"": ""15476777"", ""eos_dense"": ""15476777"", ""hybrid_minmax_blend_a050"": ""15476777"", ""mxbai"": ""15476777"", ""qwen3"": ""15476777""}"
scifact	775	1	False	False	False	True	"{""bm25"": 0, ""eos_compact_q4_fp16_o200"": 1, ""eos_dense"": 1, ""hybrid_minmax_blend_a050"": 2, ""mxbai"": 8, ""qwen3"": 29}"	"{""bm25"": 0.0, ""eos_compact_q4_fp16_o200"": 1.0, ""eos_dense"": 1.0, ""hybrid_minmax_blend_a050"": 0.6309297535714574, ""mxbai"": 0.3154648767857287, ""qwen3"": 0.0}"	"{""bm25"": 0.0, ""eos_compact_q4_fp16_o200"": 1.0, ""eos_dense"": 1.0, ""hybrid_minmax_blend_a050"": 1.0, ""mxbai"": 1.0, ""qwen3"": 1.0}"	"{""bm25"": ""11569583"", ""eos_compact_q4_fp16_o200"": ""32275758"", ""eos_dense"": ""32275758"", ""hybrid_minmax_blend_a050"": ""11569583"", ""mxbai"": ""11569583"", ""qwen3"": ""11569583""}"
scifact	781	1	False	True	True	True	"{""bm25"": 2, ""eos_compact_q4_fp16_o200"": 2, ""eos_dense"": 2, ""hybrid_minmax_blend_a050"": 2, ""mxbai"": 1, ""qwen3"": 1}"	"{""bm25"": 0.6309297535714574, ""eos_compact_q4_fp16_o200"": 0.6309297535714574, ""eos_dense"": 0.6309297535714574, ""hybrid_minmax_blend_a050"": 0.6309297535714574, ""mxbai"": 1.0, ""qwen3"": 1.0}"	"{""bm25"": 1.0, ""eos_compact_q4_fp16_o200"": 1.0, ""eos_dense"": 1.0, ""hybrid_minmax_blend_a050"": 1.0, ""mxbai"": 1.0, ""qwen3"": 1.0}"	"{""bm25"": ""8246922"", ""eos_compact_q4_fp16_o200"": ""8246922"", ""eos_dense"": ""8246922"", ""hybrid_minmax_blend_a050"": ""8246922"", ""mxbai"": ""24338780"", ""qwen3"": ""24338780""}"
scifact	783	1	True	False	False	False	"{""bm25"": 72, ""eos_compact_q4_fp16_o200"": 16, ""eos_dense"": 16, ""hybrid_minmax_blend_a050"": 16, ""mxbai"": 7, ""qwen3"": 11}"	"{""bm25"": 0.0, ""eos_compact_q4_fp16_o200"": 0.0, ""eos_dense"": 0.0, ""hybrid_minmax_blend_a050"": 0.0, ""mxbai"": 0.3333333333333333, ""qwen3"": 0.0}"	"{""bm25"": 1.0, ""eos_compact_q4_fp16_o200"": 1.0, ""eos_dense"": 1.0, ""hybrid_minmax_blend_a050"": 1.0, ""mxbai"": 1.0, ""qwen3"": 1.0}"	"{""bm25"": ""39084565"", ""eos_compact_q4_fp16_o200"": ""8246922"", ""eos_dense"": ""8246922"", ""hybrid_minmax_blend_a050"": ""8246922"", ""mxbai"": ""8246922"", ""qwen3"": ""39084565""}"
scifact	784	1	True	True	False	False	"{""bm25"": 3, ""eos_compact_q4_fp16_o200"": 0, ""eos_dense"": 0, ""hybrid_minmax_blend_a050"": 6, ""mxbai"": 4, ""qwen3"": 1}"	"{""bm25"": 0.5, ""eos_compact_q4_fp16_o200"": 0.0, ""eos_dense"": 0.0, ""hybrid_minmax_blend_a050"": 0.3562071871080222, ""mxbai"": 0.43067655807339306, ""qwen3"": 1.0}"	"{""bm25"": 1.0, ""eos_compact_q4_fp16_o200"": 0.0, ""eos_dense"": 0.0, ""hybrid_minmax_blend_a050"": 1.0, ""mxbai"": 1.0, ""qwen3"": 1.0}"	"{""bm25"": ""23535770"", ""eos_compact_q4_fp16_o200"": ""13509809"", ""eos_dense"": ""13509809"", ""hybrid_minmax_blend_a050"": ""16999023"", ""mxbai"": ""28704738"", ""qwen3"": ""2356950""}"
scifact	785	1	True	True	False	True	"{""bm25"": 1, ""eos_compact_q4_fp16_o200"": 0, ""eos_dense"": 0, ""hybrid_minmax_blend_a050"": 2, ""mxbai"": 6, ""qwen3"": 2}"	"{""bm25"": 1.0, ""eos_compact_q4_fp16_o200"": 0.0, ""eos_dense"": 0.0, ""hybrid_minmax_blend_a050"": 0.6309297535714574, ""mxbai"": 0.3562071871080222, ""qwen3"": 0.6309297535714574}"	"{""bm25"": 1.0, ""eos_compact_q4_fp16_o200"": 0.0, ""eos_dense"": 0.0, ""hybrid_minmax_blend_a050"": 1.0, ""mxbai"": 1.0, ""qwen3"": 1.0}"	"{""bm25"": ""12471115"", ""eos_compact_q4_fp16_o200"": ""2566674"", ""eos_dense"": ""2566674"", ""hybrid_minmax_blend_a050"": ""2566674"", ""mxbai"": ""54440"", ""qwen3"": ""54440""}"
scifact	793	1	False	True	False	True	"{""bm25"": 1, ""eos_compact_q4_fp16_o200"": 1, ""eos_dense"": 1, ""hybrid_minmax_blend_a050"": 1, ""mxbai"": 6, ""qwen3"": 4}"	"{""bm25"": 1.0, ""eos_compact_q4_fp16_o200"": 1.0, ""eos_dense"": 1.0, ""hybrid_minmax_blend_a050"": 1.0, ""mxbai"": 0.3562071871080222, ""qwen3"": 0.43067655807339306}"	"{""bm25"": 1.0, ""eos_compact_q4_fp16_o200"": 1.0, ""eos_dense"": 1.0, ""hybrid_minmax_blend_a050"": 1.0, ""mxbai"": 1.0, ""qwen3"": 1.0}"	"{""bm25"": ""8551160"", ""eos_compact_q4_fp16_o200"": ""8551160"", ""eos_dense"": ""8551160"", ""hybrid_minmax_blend_a050"": ""8551160"", ""mxbai"": ""23403754"", ""qwen3"": ""23403754""}"
scifact	800	1	True	True	False	False	"{""bm25"": 0, ""eos_compact_q4_fp16_o200"": 0, ""eos_dense"": 0, ""hybrid_minmax_blend_a050"": 0, ""mxbai"": 4, ""qwen3"": 1}"	"{""bm25"": 0.0, ""eos_compact_q4_fp16_o200"": 0.0, ""eos_dense"": 0.0, ""hybrid_minmax_blend_a050"": 0.0, ""mxbai"": 0.43067655807339306, ""qwen3"": 1.0}"	"{""bm25"": 0.0, ""eos_compact_q4_fp16_o200"": 0.0, ""eos_dense"": 0.0, ""hybrid_minmax_blend_a050"": 0.0, ""mxbai"": 1.0, ""qwen3"": 1.0}"	"{""bm25"": ""9291668"", ""eos_compact_q4_fp16_o200"": ""16098747"", ""eos_dense"": ""16098747"", ""hybrid_minmax_blend_a050"": ""9291668"", ""mxbai"": ""9291668"", ""qwen3"": ""22543403""}"
scifact	805	1	False	True	True	True	"{""bm25"": 1, ""eos_compact_q4_fp16_o200"": 1, ""eos_dense"": 1, ""hybrid_minmax_blend_a050"": 1, ""mxbai"": 1, ""qwen3"": 1}"	"{""bm25"": 1.0, ""eos_compact_q4_fp16_o200"": 1.0, ""eos_dense"": 1.0, ""hybrid_minmax_blend_a050"": 1.0, ""mxbai"": 1.0, ""qwen3"": 1.0}"	"{""bm25"": 1.0, ""eos_compact_q4_fp16_o200"": 1.0, ""eos_dense"": 1.0, ""hybrid_minmax_blend_a050"": 1.0, ""mxbai"": 1.0, ""qwen3"": 1.0}"	"{""bm25"": ""22180793"", ""eos_compact_q4_fp16_o200"": ""22180793"", ""eos_dense"": ""22180793"", ""hybrid_minmax_blend_a050"": ""22180793"", ""mxbai"": ""22180793"", ""qwen3"": ""22180793""}"
scifact	808	1	False	True	True	True	"{""bm25"": 1, ""eos_compact_q4_fp16_o200"": 1, ""eos_dense"": 1, ""hybrid_minmax_blend_a050"": 1, ""mxbai"": 1, ""qwen3"": 1}"	"{""bm25"": 1.0, ""eos_compact_q4_fp16_o200"": 1.0, ""eos_dense"": 1.0, ""hybrid_minmax_blend_a050"": 1.0, ""mxbai"": 1.0, ""qwen3"": 1.0}"	"{""bm25"": 1.0, ""eos_compact_q4_fp16_o200"": 1.0, ""eos_dense"": 1.0, ""hybrid_minmax_blend_a050"": 1.0, ""mxbai"": 1.0, ""qwen3"": 1.0}"	"{""bm25"": ""36606083"", ""eos_compact_q4_fp16_o200"": ""36606083"", ""eos_dense"": ""36606083"", ""hybrid_minmax_blend_a050"": ""36606083"", ""mxbai"": ""36606083"", ""qwen3"": ""36606083""}"
scifact	811	1	False	True	True	True	"{""bm25"": 1, ""eos_compact_q4_fp16_o200"": 1, ""eos_dense"": 1, ""hybrid_minmax_blend_a050"": 1, ""mxbai"": 1, ""qwen3"": 1}"	"{""bm25"": 1.0, ""eos_compact_q4_fp16_o200"": 1.0, ""eos_dense"": 1.0, ""hybrid_minmax_blend_a050"": 1.0, ""mxbai"": 1.0, ""qwen3"": 1.0}"	"{""bm25"": 1.0, ""eos_compact_q4_fp16_o200"": 1.0, ""eos_dense"": 1.0, ""hybrid_minmax_blend_a050"": 1.0, ""mxbai"": 1.0, ""qwen3"": 1.0}"	"{""bm25"": ""19799455"", ""eos_compact_q4_fp16_o200"": ""19799455"", ""eos_dense"": ""19799455"", ""hybrid_minmax_blend_a050"": ""19799455"", ""mxbai"": ""19799455"", ""qwen3"": ""19799455""}"
scifact	814	1	False	True	True	True	"{""bm25"": 1, ""eos_compact_q4_fp16_o200"": 1, ""eos_dense"": 1, ""hybrid_minmax_blend_a050"": 1, ""mxbai"": 1, ""qwen3"": 1}"	"{""bm25"": 1.0, ""eos_compact_q4_fp16_o200"": 1.0, ""eos_dense"": 1.0, ""hybrid_minmax_blend_a050"": 1.0, ""mxbai"": 1.0, ""qwen3"": 1.0}"	"{""bm25"": 1.0, ""eos_compact_q4_fp16_o200"": 1.0, ""eos_dense"": 1.0, ""hybrid_minmax_blend_a050"": 1.0, ""mxbai"": 1.0, ""qwen3"": 1.0}"	"{""bm25"": ""33387953"", ""eos_compact_q4_fp16_o200"": ""33387953"", ""eos_dense"": ""33387953"", ""hybrid_minmax_blend_a050"": ""33387953"", ""mxbai"": ""33387953"", ""qwen3"": ""33387953""}"
scifact	820	1	True	False	False	False	"{""bm25"": 25, ""eos_compact_q4_fp16_o200"": 0, ""eos_dense"": 0, ""hybrid_minmax_blend_a050"": 39, ""mxbai"": 7, ""qwen3"": 64}"	"{""bm25"": 0.0, ""eos_compact_q4_fp16_o200"": 0.0, ""eos_dense"": 0.0, ""hybrid_minmax_blend_a050"": 0.0, ""mxbai"": 0.3333333333333333, ""qwen3"": 0.0}"	"{""bm25"": 1.0, ""eos_compact_q4_fp16_o200"": 0.0, ""eos_dense"": 0.0, ""hybrid_minmax_blend_a050"": 1.0, ""mxbai"": 1.0, ""qwen3"": 1.0}"	"{""bm25"": ""5116145"", ""eos_compact_q4_fp16_o200"": ""1546650"", ""eos_dense"": ""1546650"", ""hybrid_minmax_blend_a050"": ""5116145"", ""mxbai"": ""25799020"", ""qwen3"": ""8712839""}"
scifact	821	1	True	False	False	False	"{""bm25"": 24, ""eos_compact_q4_fp16_o200"": 0, ""eos_dense"": 0, ""hybrid_minmax_blend_a050"": 44, ""mxbai"": 9, ""qwen3"": 78}"	"{""bm25"": 0.0, ""eos_compact_q4_fp16_o200"": 0.0, ""eos_dense"": 0.0, ""hybrid_minmax_blend_a050"": 0.0, ""mxbai"": 0.3010299956639812, ""qwen3"": 0.0}"	"{""bm25"": 1.0, ""eos_compact_q4_fp16_o200"": 0.0, ""eos_dense"": 0.0, ""hybrid_minmax_blend_a050"": 1.0, ""mxbai"": 1.0, ""qwen3"": 1.0}"	"{""bm25"": ""5116145"", ""eos_compact_q4_fp16_o200"": ""15286783"", ""eos_dense"": ""15286783"", ""hybrid_minmax_blend_a050"": ""15286783"", ""mxbai"": ""25799020"", ""qwen3"": ""8712839""}"
scifact	823	1	False	True	True	True	"{""bm25"": 1, ""eos_compact_q4_fp16_o200"": 1, ""eos_dense"": 1, ""hybrid_minmax_blend_a050"": 1, ""mxbai"": 1, ""qwen3"": 1}"	"{""bm25"": 1.0, ""eos_compact_q4_fp16_o200"": 1.0, ""eos_dense"": 1.0, ""hybrid_minmax_blend_a050"": 1.0, ""mxbai"": 1.0, ""qwen3"": 1.0}"	"{""bm25"": 1.0, ""eos_compact_q4_fp16_o200"": 1.0, ""eos_dense"": 1.0, ""hybrid_minmax_blend_a050"": 1.0, ""mxbai"": 1.0, ""qwen3"": 1.0}"	"{""bm25"": ""15319019"", ""eos_compact_q4_fp16_o200"": ""15319019"", ""eos_dense"": ""15319019"", ""hybrid_minmax_blend_a050"": ""15319019"", ""mxbai"": ""15319019"", ""qwen3"": ""15319019""}"
scifact	830	1	True	True	False	True	"{""bm25"": 7, ""eos_compact_q4_fp16_o200"": 0, ""eos_dense"": 0, ""hybrid_minmax_blend_a050"": 57, ""mxbai"": 3, ""qwen3"": 2}"	"{""bm25"": 0.3333333333333333, ""eos_compact_q4_fp16_o200"": 0.0, ""eos_dense"": 0.0, ""hybrid_minmax_blend_a050"": 0.0, ""mxbai"": 0.5, ""qwen3"": 0.6309297535714574}"	"{""bm25"": 1.0, ""eos_compact_q4_fp16_o200"": 0.0, ""eos_dense"": 0.0, ""hybrid_minmax_blend_a050"": 1.0, ""mxbai"": 1.0, ""qwen3"": 1.0}"	"{""bm25"": ""52873726"", ""eos_compact_q4_fp16_o200"": ""15928989"", ""eos_dense"": ""15928989"", ""hybrid_minmax_blend_a050"": ""15928989"", ""mxbai"": ""12737132"", ""qwen3"": ""12737132""}"
scifact	831	1	True	True	False	True	"{""bm25"": 14, ""eos_compact_q4_fp16_o200"": 0, ""eos_dense"": 0, ""hybrid_minmax_blend_a050"": 51, ""mxbai"": 9, ""qwen3"": 3}"	"{""bm25"": 0.0, ""eos_compact_q4_fp16_o200"": 0.0, ""eos_dense"": 0.0, ""hybrid_minmax_blend_a050"": 0.0, ""mxbai"": 0.3010299956639812, ""qwen3"": 0.5}"	"{""bm25"": 1.0, ""eos_compact_q4_fp16_o200"": 0.0, ""eos_dense"": 0.0, ""hybrid_minmax_blend_a050"": 1.0, ""mxbai"": 1.0, ""qwen3"": 1.0}"	"{""bm25"": ""52873726"", ""eos_compact_q4_fp16_o200"": ""51817902"", ""eos_dense"": ""51817902"", ""hybrid_minmax_blend_a050"": ""51817902"", ""mxbai"": ""12737132"", ""qwen3"": ""12737132""}"
scifact	832	1	False	True	True	True	"{""bm25"": 1, ""eos_compact_q4_fp16_o200"": 2, ""eos_dense"": 2, ""hybrid_minmax_blend_a050"": 1, ""mxbai"": 1, ""qwen3"": 1}"	"{""bm25"": 1.0, ""eos_compact_q4_fp16_o200"": 0.6309297535714574, ""eos_dense"": 0.6309297535714574, ""hybrid_minmax_blend_a050"": 1.0, ""mxbai"": 1.0, ""qwen3"": 1.0}"	"{""bm25"": 1.0, ""eos_compact_q4_fp16_o200"": 1.0, ""eos_dense"": 1.0, ""hybrid_minmax_blend_a050"": 1.0, ""mxbai"": 1.0, ""qwen3"": 1.0}"	"{""bm25"": ""30303335"", ""eos_compact_q4_fp16_o200"": ""19205437"", ""eos_dense"": ""19205437"", ""hybrid_minmax_blend_a050"": ""30303335"", ""mxbai"": ""30303335"", ""qwen3"": ""30303335""}"
scifact	834	1	True	False	False	True	"{""bm25"": 32, ""eos_compact_q4_fp16_o200"": 0, ""eos_dense"": 0, ""hybrid_minmax_blend_a050"": 82, ""mxbai"": 0, ""qwen3"": 0}"	"{""bm25"": 0.0, ""eos_compact_q4_fp16_o200"": 0.0, ""eos_dense"": 0.0, ""hybrid_minmax_blend_a050"": 0.0, ""mxbai"": 0.0, ""qwen3"": 0.0}"	"{""bm25"": 1.0, ""eos_compact_q4_fp16_o200"": 0.0, ""eos_dense"": 0.0, ""hybrid_minmax_blend_a050"": 1.0, ""mxbai"": 0.0, ""qwen3"": 0.0}"	"{""bm25"": ""7155555"", ""eos_compact_q4_fp16_o200"": ""4828631"", ""eos_dense"": ""4828631"", ""hybrid_minmax_blend_a050"": ""23100962"", ""mxbai"": ""23100962"", ""qwen3"": ""23100962""}"
scifact	837	1	False	True	False	False	"{""bm25"": 1, ""eos_compact_q4_fp16_o200"": 5, ""eos_dense"": 5, ""hybrid_minmax_blend_a050"": 1, ""mxbai"": 1, ""qwen3"": 2}"	"{""bm25"": 1.0, ""eos_compact_q4_fp16_o200"": 0.38685280723454163, ""eos_dense"": 0.38685280723454163, ""hybrid_minmax_blend_a050"": 1.0, ""mxbai"": 1.0, ""qwen3"": 0.6309297535714574}"	"{""bm25"": 1.0, ""eos_compact_q4_fp16_o200"": 1.0, ""eos_dense"": 1.0, ""hybrid_minmax_blend_a050"": 1.0, ""mxbai"": 1.0, ""qwen3"": 1.0}"	"{""bm25"": ""15928989"", ""eos_compact_q4_fp16_o200"": ""2566674"", ""eos_dense"": ""2566674"", ""hybrid_minmax_blend_a050"": ""15928989"", ""mxbai"": ""15928989"", ""qwen3"": ""9239963""}"
scifact	839	1	False	True	True	True	"{""bm25"": 1, ""eos_compact_q4_fp16_o200"": 1, ""eos_dense"": 1, ""hybrid_minmax_blend_a050"": 1, ""mxbai"": 1, ""qwen3"": 1}"	"{""bm25"": 1.0, ""eos_compact_q4_fp16_o200"": 1.0, ""eos_dense"": 1.0, ""hybrid_minmax_blend_a050"": 1.0, ""mxbai"": 1.0, ""qwen3"": 1.0}"	"{""bm25"": 1.0, ""eos_compact_q4_fp16_o200"": 1.0, ""eos_dense"": 1.0, ""hybrid_minmax_blend_a050"": 1.0, ""mxbai"": 1.0, ""qwen3"": 1.0}"	"{""bm25"": ""1469751"", ""eos_compact_q4_fp16_o200"": ""1469751"", ""eos_dense"": ""1469751"", ""hybrid_minmax_blend_a050"": ""1469751"", ""mxbai"": ""1469751"", ""qwen3"": ""1469751""}"
scifact	845	1	True	True	False	False	"{""bm25"": 1, ""eos_compact_q4_fp16_o200"": 20, ""eos_dense"": 20, ""hybrid_minmax_blend_a050"": 4, ""mxbai"": 2, ""qwen3"": 1}"	"{""bm25"": 1.0, ""eos_compact_q4_fp16_o200"": 0.0, ""eos_dense"": 0.0, ""hybrid_minmax_blend_a050"": 0.43067655807339306, ""mxbai"": 0.6309297535714574, ""qwen3"": 1.0}"	"{""bm25"": 1.0, ""eos_compact_q4_fp16_o200"": 1.0, ""eos_dense"": 1.0, ""hybrid_minmax_blend_a050"": 1.0, ""mxbai"": 1.0, ""qwen3"": 1.0}"	"{""bm25"": ""17741440"", ""eos_compact_q4_fp16_o200"": ""30041340"", ""eos_dense"": ""30041340"", ""hybrid_minmax_blend_a050"": ""30041340"", ""mxbai"": ""29399239"", ""qwen3"": ""17741440""}"
scifact	847	1	True	True	True	True	"{""bm25"": 1, ""eos_compact_q4_fp16_o200"": 0, ""eos_dense"": 0, ""hybrid_minmax_blend_a050"": 2, ""mxbai"": 1, ""qwen3"": 1}"	"{""bm25"": 1.0, ""eos_compact_q4_fp16_o200"": 0.0, ""eos_dense"": 0.0, ""hybrid_minmax_blend_a050"": 0.6309297535714574, ""mxbai"": 1.0, ""qwen3"": 1.0}"	"{""bm25"": 1.0, ""eos_compact_q4_fp16_o200"": 0.0, ""eos_dense"": 0.0, ""hybrid_minmax_blend_a050"": 1.0, ""mxbai"": 1.0, ""qwen3"": 1.0}"	"{""bm25"": ""16787954"", ""eos_compact_q4_fp16_o200"": ""25597580"", ""eos_dense"": ""25597580"", ""hybrid_minmax_blend_a050"": ""25597580"", ""mxbai"": ""16787954"", ""qwen3"": ""16787954""}"
scifact	852	1	True	True	False	False	"{""bm25"": 1, ""eos_compact_q4_fp16_o200"": 0, ""eos_dense"": 0, ""hybrid_minmax_blend_a050"": 3, ""mxbai"": 1, ""qwen3"": 2}"	"{""bm25"": 1.0, ""eos_compact_q4_fp16_o200"": 0.0, ""eos_dense"": 0.0, ""hybrid_minmax_blend_a050"": 0.5, ""mxbai"": 1.0, ""qwen3"": 0.6309297535714574}"	"{""bm25"": 1.0, ""eos_compact_q4_fp16_o200"": 0.0, ""eos_dense"": 0.0, ""hybrid_minmax_blend_a050"": 1.0, ""mxbai"": 1.0, ""qwen3"": 1.0}"	"{""bm25"": ""13843341"", ""eos_compact_q4_fp16_o200"": ""4641348"", ""eos_dense"": ""4641348"", ""hybrid_minmax_blend_a050"": ""25612629"", ""mxbai"": ""13843341"", ""qwen3"": ""8190282""}"
scifact	859	1	False	True	True	True	"{""bm25"": 2, ""eos_compact_q4_fp16_o200"": 1, ""eos_dense"": 1, ""hybrid_minmax_blend_a050"": 1, ""mxbai"": 1, ""qwen3"": 1}"	"{""bm25"": 0.6309297535714574, ""eos_compact_q4_fp16_o200"": 1.0, ""eos_dense"": 1.0, ""hybrid_minmax_blend_a050"": 1.0, ""mxbai"": 1.0, ""qwen3"": 1.0}"	"{""bm25"": 1.0, ""eos_compact_q4_fp16_o200"": 1.0, ""eos_dense"": 1.0, ""hybrid_minmax_blend_a050"": 1.0, ""mxbai"": 1.0, ""qwen3"": 1.0}"	"{""bm25"": ""22049489"", ""eos_compact_q4_fp16_o200"": ""1982286"", ""eos_dense"": ""1982286"", ""hybrid_minmax_blend_a050"": ""1982286"", ""mxbai"": ""1982286"", ""qwen3"": ""1982286""}"
scifact	870	1	False	False	False	True	"{""bm25"": 0, ""eos_compact_q4_fp16_o200"": 1, ""eos_dense"": 1, ""hybrid_minmax_blend_a050"": 3, ""mxbai"": 4, ""qwen3"": 13}"	"{""bm25"": 0.0, ""eos_compact_q4_fp16_o200"": 1.0, ""eos_dense"": 1.0, ""hybrid_minmax_blend_a050"": 0.5, ""mxbai"": 0.43067655807339306, ""qwen3"": 0.0}"	"{""bm25"": 0.0, ""eos_compact_q4_fp16_o200"": 1.0, ""eos_dense"": 1.0, ""hybrid_minmax_blend_a050"": 1.0, ""mxbai"": 1.0, ""qwen3"": 1.0}"	"{""bm25"": ""43220289"", ""eos_compact_q4_fp16_o200"": ""195689316"", ""eos_dense"": ""195689316"", ""hybrid_minmax_blend_a050"": ""43220289"", ""mxbai"": ""4345757"", ""qwen3"": ""4345757""}"
scifact	873	5	True	True	True	True	"{""bm25"": 29, ""eos_compact_q4_fp16_o200"": 0, ""eos_dense"": 0, ""hybrid_minmax_blend_a050"": 77, ""mxbai"": 1, ""qwen3"": 1}"	"{""bm25"": 0.0, ""eos_compact_q4_fp16_o200"": 0.0, ""eos_dense"": 0.0, ""hybrid_minmax_blend_a050"": 0.0, ""mxbai"": 0.7185310277515761, ""qwen3"": 0.7678620595110027}"	"{""bm25"": 0.6, ""eos_compact_q4_fp16_o200"": 0.0, ""eos_dense"": 0.0, ""hybrid_minmax_blend_a050"": 0.4, ""mxbai"": 1.0, ""qwen3"": 1.0}"	"{""bm25"": ""52805891"", ""eos_compact_q4_fp16_o200"": ""667451"", ""eos_dense"": ""667451"", ""hybrid_minmax_blend_a050"": ""12658073"", ""mxbai"": ""29025270"", ""qwen3"": ""29025270""}"
scifact	879	1	False	True	True	True	"{""bm25"": 1, ""eos_compact_q4_fp16_o200"": 2, ""eos_dense"": 2, ""hybrid_minmax_blend_a050"": 1, ""mxbai"": 1, ""qwen3"": 1}"	"{""bm25"": 1.0, ""eos_compact_q4_fp16_o200"": 0.6309297535714574, ""eos_dense"": 0.6309297535714574, ""hybrid_minmax_blend_a050"": 1.0, ""mxbai"": 1.0, ""qwen3"": 1.0}"	"{""bm25"": 1.0, ""eos_compact_q4_fp16_o200"": 1.0, ""eos_dense"": 1.0, ""hybrid_minmax_blend_a050"": 1.0, ""mxbai"": 1.0, ""qwen3"": 1.0}"	"{""bm25"": ""8426046"", ""eos_compact_q4_fp16_o200"": ""30437264"", ""eos_dense"": ""30437264"", ""hybrid_minmax_blend_a050"": ""8426046"", ""mxbai"": ""8426046"", ""qwen3"": ""8426046""}"
scifact	880	1	True	True	True	True	"{""bm25"": 1, ""eos_compact_q4_fp16_o200"": 18, ""eos_dense"": 18, ""hybrid_minmax_blend_a050"": 1, ""mxbai"": 1, ""qwen3"": 1}"	"{""bm25"": 1.0, ""eos_compact_q4_fp16_o200"": 0.0, ""eos_dense"": 0.0, ""hybrid_minmax_blend_a050"": 1.0, ""mxbai"": 1.0, ""qwen3"": 1.0}"	"{""bm25"": 1.0, ""eos_compact_q4_fp16_o200"": 1.0, ""eos_dense"": 1.0, ""hybrid_minmax_blend_a050"": 1.0, ""mxbai"": 1.0, ""qwen3"": 1.0}"	"{""bm25"": ""8426046"", ""eos_compact_q4_fp16_o200"": ""30437264"", ""eos_dense"": ""30437264"", ""hybrid_minmax_blend_a050"": ""8426046"", ""mxbai"": ""8426046"", ""qwen3"": ""8426046""}"
scifact	882	1	False	True	True	True	"{""bm25"": 1, ""eos_compact_q4_fp16_o200"": 1, ""eos_dense"": 1, ""hybrid_minmax_blend_a050"": 1, ""mxbai"": 1, ""qwen3"": 1}"	"{""bm25"": 1.0, ""eos_compact_q4_fp16_o200"": 1.0, ""eos_dense"": 1.0, ""hybrid_minmax_blend_a050"": 1.0, ""mxbai"": 1.0, ""qwen3"": 1.0}"	"{""bm25"": 1.0, ""eos_compact_q4_fp16_o200"": 1.0, ""eos_dense"": 1.0, ""hybrid_minmax_blend_a050"": 1.0, ""mxbai"": 1.0, ""qwen3"": 1.0}"	"{""bm25"": ""14803797"", ""eos_compact_q4_fp16_o200"": ""14803797"", ""eos_dense"": ""14803797"", ""hybrid_minmax_blend_a050"": ""14803797"", ""mxbai"": ""14803797"", ""qwen3"": ""14803797""}"
scifact	887	1	True	False	False	False	"{""bm25"": 0, ""eos_compact_q4_fp16_o200"": 0, ""eos_dense"": 0, ""hybrid_minmax_blend_a050"": 0, ""mxbai"": 15, ""qwen3"": 27}"	"{""bm25"": 0.0, ""eos_compact_q4_fp16_o200"": 0.0, ""eos_dense"": 0.0, ""hybrid_minmax_blend_a050"": 0.0, ""mxbai"": 0.0, ""qwen3"": 0.0}"	"{""bm25"": 0.0, ""eos_compact_q4_fp16_o200"": 0.0, ""eos_dense"": 0.0, ""hybrid_minmax_blend_a050"": 0.0, ""mxbai"": 1.0, ""qwen3"": 1.0}"	"{""bm25"": ""2140513"", ""eos_compact_q4_fp16_o200"": ""1922901"", ""eos_dense"": ""1922901"", ""hybrid_minmax_blend_a050"": ""1922901"", ""mxbai"": ""7717468"", ""qwen3"": ""16712164""}"
scifact	903	1	False	True	True	True	"{""bm25"": 1, ""eos_compact_q4_fp16_o200"": 1, ""eos_dense"": 1, ""hybrid_minmax_blend_a050"": 1, ""mxbai"": 1, ""qwen3"": 1}"	"{""bm25"": 1.0, ""eos_compact_q4_fp16_o200"": 1.0, ""eos_dense"": 1.0, ""hybrid_minmax_blend_a050"": 1.0, ""mxbai"": 1.0, ""qwen3"": 1.0}"	"{""bm25"": 1.0, ""eos_compact_q4_fp16_o200"": 1.0, ""eos_dense"": 1.0, ""hybrid_minmax_blend_a050"": 1.0, ""mxbai"": 1.0, ""qwen3"": 1.0}"	"{""bm25"": ""10648422"", ""eos_compact_q4_fp16_o200"": ""10648422"", ""eos_dense"": ""10648422"", ""hybrid_minmax_blend_a050"": ""10648422"", ""mxbai"": ""10648422"", ""qwen3"": ""10648422""}"
scifact	904	1	False	True	True	True	"{""bm25"": 1, ""eos_compact_q4_fp16_o200"": 1, ""eos_dense"": 1, ""hybrid_minmax_blend_a050"": 1, ""mxbai"": 1, ""qwen3"": 1}"	"{""bm25"": 1.0, ""eos_compact_q4_fp16_o200"": 1.0, ""eos_dense"": 1.0, ""hybrid_minmax_blend_a050"": 1.0, ""mxbai"": 1.0, ""qwen3"": 1.0}"	"{""bm25"": 1.0, ""eos_compact_q4_fp16_o200"": 1.0, ""eos_dense"": 1.0, ""hybrid_minmax_blend_a050"": 1.0, ""mxbai"": 1.0, ""qwen3"": 1.0}"	"{""bm25"": ""7370282"", ""eos_compact_q4_fp16_o200"": ""7370282"", ""eos_dense"": ""7370282"", ""hybrid_minmax_blend_a050"": ""7370282"", ""mxbai"": ""7370282"", ""qwen3"": ""7370282""}"
scifact	907	1	False	True	True	True	"{""bm25"": 1, ""eos_compact_q4_fp16_o200"": 1, ""eos_dense"": 1, ""hybrid_minmax_blend_a050"": 1, ""mxbai"": 1, ""qwen3"": 1}"	"{""bm25"": 1.0, ""eos_compact_q4_fp16_o200"": 1.0, ""eos_dense"": 1.0, ""hybrid_minmax_blend_a050"": 1.0, ""mxbai"": 1.0, ""qwen3"": 1.0}"	"{""bm25"": 1.0, ""eos_compact_q4_fp16_o200"": 1.0, ""eos_dense"": 1.0, ""hybrid_minmax_blend_a050"": 1.0, ""mxbai"": 1.0, ""qwen3"": 1.0}"	"{""bm25"": ""6923961"", ""eos_compact_q4_fp16_o200"": ""6923961"", ""eos_dense"": ""6923961"", ""hybrid_minmax_blend_a050"": ""6923961"", ""mxbai"": ""6923961"", ""qwen3"": ""6923961""}"
scifact	911	1	False	True	True	True	"{""bm25"": 1, ""eos_compact_q4_fp16_o200"": 1, ""eos_dense"": 1, ""hybrid_minmax_blend_a050"": 1, ""mxbai"": 1, ""qwen3"": 1}"	"{""bm25"": 1.0, ""eos_compact_q4_fp16_o200"": 1.0, ""eos_dense"": 1.0, ""hybrid_minmax_blend_a050"": 1.0, ""mxbai"": 1.0, ""qwen3"": 1.0}"	"{""bm25"": 1.0, ""eos_compact_q4_fp16_o200"": 1.0, ""eos_dense"": 1.0, ""hybrid_minmax_blend_a050"": 1.0, ""mxbai"": 1.0, ""qwen3"": 1.0}"	"{""bm25"": ""11254556"", ""eos_compact_q4_fp16_o200"": ""11254556"", ""eos_dense"": ""11254556"", ""hybrid_minmax_blend_a050"": ""11254556"", ""mxbai"": ""11254556"", ""qwen3"": ""11254556""}"
scifact	913	1	True	False	False	False	"{""bm25"": 0, ""eos_compact_q4_fp16_o200"": 0, ""eos_dense"": 0, ""hybrid_minmax_blend_a050"": 0, ""mxbai"": 32, ""qwen3"": 17}"	"{""bm25"": 0.0, ""eos_compact_q4_fp16_o200"": 0.0, ""eos_dense"": 0.0, ""hybrid_minmax_blend_a050"": 0.0, ""mxbai"": 0.0, ""qwen3"": 0.0}"	"{""bm25"": 0.0, ""eos_compact_q4_fp16_o200"": 0.0, ""eos_dense"": 0.0, ""hybrid_minmax_blend_a050"": 0.0, ""mxbai"": 1.0, ""qwen3"": 1.0}"	"{""bm25"": ""25328476"", ""eos_compact_q4_fp16_o200"": ""23649163"", ""eos_dense"": ""23649163"", ""hybrid_minmax_blend_a050"": ""712078"", ""mxbai"": ""8458567"", ""qwen3"": ""23286603""}"
scifact	914	1	True	False	False	False	"{""bm25"": 0, ""eos_compact_q4_fp16_o200"": 0, ""eos_dense"": 0, ""hybrid_minmax_blend_a050"": 0, ""mxbai"": 19, ""qwen3"": 9}"	"{""bm25"": 0.0, ""eos_compact_q4_fp16_o200"": 0.0, ""eos_dense"": 0.0, ""hybrid_minmax_blend_a050"": 0.0, ""mxbai"": 0.0, ""qwen3"": 0.3010299956639812}"	"{""bm25"": 0.0, ""eos_compact_q4_fp16_o200"": 0.0, ""eos_dense"": 0.0, ""hybrid_minmax_blend_a050"": 0.0, ""mxbai"": 1.0, ""qwen3"": 1.0}"	"{""bm25"": ""712078"", ""eos_compact_q4_fp16_o200"": ""6076903"", ""eos_dense"": ""6076903"", ""hybrid_minmax_blend_a050"": ""712078"", ""mxbai"": ""8458567"", ""qwen3"": ""23286603""}"
scifact	921	1	False	True	True	True	"{""bm25"": 1, ""eos_compact_q4_fp16_o200"": 1, ""eos_dense"": 1, ""hybrid_minmax_blend_a050"": 1, ""mxbai"": 1, ""qwen3"": 1}"	"{""bm25"": 1.0, ""eos_compact_q4_fp16_o200"": 1.0, ""eos_dense"": 1.0, ""hybrid_minmax_blend_a050"": 1.0, ""mxbai"": 1.0, ""qwen3"": 1.0}"	"{""bm25"": 1.0, ""eos_compact_q4_fp16_o200"": 1.0, ""eos_dense"": 1.0, ""hybrid_minmax_blend_a050"": 1.0, ""mxbai"": 1.0, ""qwen3"": 1.0}"	"{""bm25"": ""1642727"", ""eos_compact_q4_fp16_o200"": ""1642727"", ""eos_dense"": ""1642727"", ""hybrid_minmax_blend_a050"": ""1642727"", ""mxbai"": ""1642727"", ""qwen3"": ""1642727""}"
scifact	922	1	False	True	True	True	"{""bm25"": 1, ""eos_compact_q4_fp16_o200"": 1, ""eos_dense"": 1, ""hybrid_minmax_blend_a050"": 1, ""mxbai"": 1, ""qwen3"": 1}"	"{""bm25"": 1.0, ""eos_compact_q4_fp16_o200"": 1.0, ""eos_dense"": 1.0, ""hybrid_minmax_blend_a050"": 1.0, ""mxbai"": 1.0, ""qwen3"": 1.0}"	"{""bm25"": 1.0, ""eos_compact_q4_fp16_o200"": 1.0, ""eos_dense"": 1.0, ""hybrid_minmax_blend_a050"": 1.0, ""mxbai"": 1.0, ""qwen3"": 1.0}"	"{""bm25"": ""17077004"", ""eos_compact_q4_fp16_o200"": ""17077004"", ""eos_dense"": ""17077004"", ""hybrid_minmax_blend_a050"": ""17077004"", ""mxbai"": ""17077004"", ""qwen3"": ""17077004""}"
scifact	936	1	False	True	True	True	"{""bm25"": 1, ""eos_compact_q4_fp16_o200"": 2, ""eos_dense"": 2, ""hybrid_minmax_blend_a050"": 1, ""mxbai"": 1, ""qwen3"": 1}"	"{""bm25"": 1.0, ""eos_compact_q4_fp16_o200"": 0.6309297535714574, ""eos_dense"": 0.6309297535714574, ""hybrid_minmax_blend_a050"": 1.0, ""mxbai"": 1.0, ""qwen3"": 1.0}"	"{""bm25"": 1.0, ""eos_compact_q4_fp16_o200"": 1.0, ""eos_dense"": 1.0, ""hybrid_minmax_blend_a050"": 1.0, ""mxbai"": 1.0, ""qwen3"": 1.0}"	"{""bm25"": ""5483793"", ""eos_compact_q4_fp16_o200"": ""10538985"", ""eos_dense"": ""10538985"", ""hybrid_minmax_blend_a050"": ""5483793"", ""mxbai"": ""5483793"", ""qwen3"": ""5483793""}"
scifact	956	1	True	True	True	True	"{""bm25"": 3, ""eos_compact_q4_fp16_o200"": 68, ""eos_dense"": 68, ""hybrid_minmax_blend_a050"": 5, ""mxbai"": 1, ""qwen3"": 1}"	"{""bm25"": 0.5, ""eos_compact_q4_fp16_o200"": 0.0, ""eos_dense"": 0.0, ""hybrid_minmax_blend_a050"": 0.38685280723454163, ""mxbai"": 1.0, ""qwen3"": 1.0}"	"{""bm25"": 1.0, ""eos_compact_q4_fp16_o200"": 1.0, ""eos_dense"": 1.0, ""hybrid_minmax_blend_a050"": 1.0, ""mxbai"": 1.0, ""qwen3"": 1.0}"	"{""bm25"": ""3127341"", ""eos_compact_q4_fp16_o200"": ""6492658"", ""eos_dense"": ""6492658"", ""hybrid_minmax_blend_a050"": ""6492658"", ""mxbai"": ""12956194"", ""qwen3"": ""12956194""}"
scifact	957	1	True	True	True	True	"{""bm25"": 2, ""eos_compact_q4_fp16_o200"": 0, ""eos_dense"": 0, ""hybrid_minmax_blend_a050"": 5, ""mxbai"": 1, ""qwen3"": 1}"	"{""bm25"": 0.6309297535714574, ""eos_compact_q4_fp16_o200"": 0.0, ""eos_dense"": 0.0, ""hybrid_minmax_blend_a050"": 0.38685280723454163, ""mxbai"": 1.0, ""qwen3"": 1.0}"	"{""bm25"": 1.0, ""eos_compact_q4_fp16_o200"": 0.0, ""eos_dense"": 0.0, ""hybrid_minmax_blend_a050"": 1.0, ""mxbai"": 1.0, ""qwen3"": 1.0}"	"{""bm25"": ""13492264"", ""eos_compact_q4_fp16_o200"": ""30639847"", ""eos_dense"": ""30639847"", ""hybrid_minmax_blend_a050"": ""13492264"", ""mxbai"": ""123859"", ""qwen3"": ""123859""}"
scifact	960	1	False	True	True	True	"{""bm25"": 1, ""eos_compact_q4_fp16_o200"": 1, ""eos_dense"": 1, ""hybrid_minmax_blend_a050"": 1, ""mxbai"": 1, ""qwen3"": 1}"	"{""bm25"": 1.0, ""eos_compact_q4_fp16_o200"": 1.0, ""eos_dense"": 1.0, ""hybrid_minmax_blend_a050"": 1.0, ""mxbai"": 1.0, ""qwen3"": 1.0}"	"{""bm25"": 1.0, ""eos_compact_q4_fp16_o200"": 1.0, ""eos_dense"": 1.0, ""hybrid_minmax_blend_a050"": 1.0, ""mxbai"": 1.0, ""qwen3"": 1.0}"	"{""bm25"": ""8780599"", ""eos_compact_q4_fp16_o200"": ""8780599"", ""eos_dense"": ""8780599"", ""hybrid_minmax_blend_a050"": ""8780599"", ""mxbai"": ""8780599"", ""qwen3"": ""8780599""}"
scifact	967	2	False	True	True	True	"{""bm25"": 1, ""eos_compact_q4_fp16_o200"": 1, ""eos_dense"": 1, ""hybrid_minmax_blend_a050"": 1, ""mxbai"": 1, ""qwen3"": 1}"	"{""bm25"": 0.9197207891481877, ""eos_compact_q4_fp16_o200"": 0.6131471927654585, ""eos_dense"": 0.6131471927654585, ""hybrid_minmax_blend_a050"": 1.0, ""mxbai"": 1.0, ""qwen3"": 1.0}"	"{""bm25"": 1.0, ""eos_compact_q4_fp16_o200"": 0.5, ""eos_dense"": 0.5, ""hybrid_minmax_blend_a050"": 1.0, ""mxbai"": 1.0, ""qwen3"": 1.0}"	"{""bm25"": ""2119889"", ""eos_compact_q4_fp16_o200"": ""8997410"", ""eos_dense"": ""8997410"", ""hybrid_minmax_blend_a050"": ""8997410"", ""mxbai"": ""8997410"", ""qwen3"": ""8997410""}"
scifact	971	4	False	True	True	True	"{""bm25"": 3, ""eos_compact_q4_fp16_o200"": 1, ""eos_dense"": 1, ""hybrid_minmax_blend_a050"": 1, ""mxbai"": 1, ""qwen3"": 1}"	"{""bm25"": 0.6533933590057492, ""eos_compact_q4_fp16_o200"": 1.0, ""eos_dense"": 1.0, ""hybrid_minmax_blend_a050"": 0.9047172294870753, ""mxbai"": 0.9709286432396583, ""qwen3"": 0.9709286432396583}"	"{""bm25"": 1.0, ""eos_compact_q4_fp16_o200"": 1.0, ""eos_dense"": 1.0, ""hybrid_minmax_blend_a050"": 1.0, ""mxbai"": 1.0, ""qwen3"": 1.0}"	"{""bm25"": ""6561200"", ""eos_compact_q4_fp16_o200"": ""9764256"", ""eos_dense"": ""9764256"", ""hybrid_minmax_blend_a050"": ""27873158"", ""mxbai"": ""46695481"", ""qwen3"": ""46695481""}"
scifact	975	1	False	False	False	False	"{""bm25"": 0, ""eos_compact_q4_fp16_o200"": 6, ""eos_dense"": 6, ""hybrid_minmax_blend_a050"": 19, ""mxbai"": 0, ""qwen3"": 84}"	"{""bm25"": 0.0, ""eos_compact_q4_fp16_o200"": 0.3562071871080222, ""eos_dense"": 0.3562071871080222, ""hybrid_minmax_blend_a050"": 0.0, ""mxbai"": 0.0, ""qwen3"": 0.0}"	"{""bm25"": 0.0, ""eos_compact_q4_fp16_o200"": 1.0, ""eos_dense"": 1.0, ""hybrid_minmax_blend_a050"": 1.0, ""mxbai"": 0.0, ""qwen3"": 1.0}"	"{""bm25"": ""343052"", ""eos_compact_q4_fp16_o200"": ""7735859"", ""eos_dense"": ""7735859"", ""hybrid_minmax_blend_a050"": ""29509926"", ""mxbai"": ""4454788"", ""qwen3"": ""2844490""}"
scifact	982	1	True	True	True	True	"{""bm25"": 1, ""eos_compact_q4_fp16_o200"": 0, ""eos_dense"": 0, ""hybrid_minmax_blend_a050"": 2, ""mxbai"": 1, ""qwen3"": 1}"	"{""bm25"": 1.0, ""eos_compact_q4_fp16_o200"": 0.0, ""eos_dense"": 0.0, ""hybrid_minmax_blend_a050"": 0.6309297535714574, ""mxbai"": 1.0, ""qwen3"": 1.0}"	"{""bm25"": 1.0, ""eos_compact_q4_fp16_o200"": 0.0, ""eos_dense"": 0.0, ""hybrid_minmax_blend_a050"": 1.0, ""mxbai"": 1.0, ""qwen3"": 1.0}"	"{""bm25"": ""2988714"", ""eos_compact_q4_fp16_o200"": ""11238951"", ""eos_dense"": ""11238951"", ""hybrid_minmax_blend_a050"": ""11238951"", ""mxbai"": ""2988714"", ""qwen3"": ""2988714""}"
scifact	985	1	False	True	True	True	"{""bm25"": 1, ""eos_compact_q4_fp16_o200"": 1, ""eos_dense"": 1, ""hybrid_minmax_blend_a050"": 1, ""mxbai"": 1, ""qwen3"": 1}"	"{""bm25"": 1.0, ""eos_compact_q4_fp16_o200"": 1.0, ""eos_dense"": 1.0, ""hybrid_minmax_blend_a050"": 1.0, ""mxbai"": 1.0, ""qwen3"": 1.0}"	"{""bm25"": 1.0, ""eos_compact_q4_fp16_o200"": 1.0, ""eos_dense"": 1.0, ""hybrid_minmax_blend_a050"": 1.0, ""mxbai"": 1.0, ""qwen3"": 1.0}"	"{""bm25"": ""6828370"", ""eos_compact_q4_fp16_o200"": ""6828370"", ""eos_dense"": ""6828370"", ""hybrid_minmax_blend_a050"": ""6828370"", ""mxbai"": ""6828370"", ""qwen3"": ""6828370""}"
scifact	993	1	False	True	False	False	"{""bm25"": 1, ""eos_compact_q4_fp16_o200"": 2, ""eos_dense"": 2, ""hybrid_minmax_blend_a050"": 1, ""mxbai"": 1, ""qwen3"": 2}"	"{""bm25"": 1.0, ""eos_compact_q4_fp16_o200"": 0.6309297535714574, ""eos_dense"": 0.6309297535714574, ""hybrid_minmax_blend_a050"": 1.0, ""mxbai"": 1.0, ""qwen3"": 0.6309297535714574}"	"{""bm25"": 1.0, ""eos_compact_q4_fp16_o200"": 1.0, ""eos_dense"": 1.0, ""hybrid_minmax_blend_a050"": 1.0, ""mxbai"": 1.0, ""qwen3"": 1.0}"	"{""bm25"": ""16472469"", ""eos_compact_q4_fp16_o200"": ""6386930"", ""eos_dense"": ""6386930"", ""hybrid_minmax_blend_a050"": ""16472469"", ""mxbai"": ""16472469"", ""qwen3"": ""26118532""}"
scifact	1012	1	False	True	True	True	"{""bm25"": 1, ""eos_compact_q4_fp16_o200"": 1, ""eos_dense"": 1, ""hybrid_minmax_blend_a050"": 1, ""mxbai"": 1, ""qwen3"": 1}"	"{""bm25"": 1.0, ""eos_compact_q4_fp16_o200"": 1.0, ""eos_dense"": 1.0, ""hybrid_minmax_blend_a050"": 1.0, ""mxbai"": 1.0, ""qwen3"": 1.0}"	"{""bm25"": 1.0, ""eos_compact_q4_fp16_o200"": 1.0, ""eos_dense"": 1.0, ""hybrid_minmax_blend_a050"": 1.0, ""mxbai"": 1.0, ""qwen3"": 1.0}"	"{""bm25"": ""9745001"", ""eos_compact_q4_fp16_o200"": ""9745001"", ""eos_dense"": ""9745001"", ""hybrid_minmax_blend_a050"": ""9745001"", ""mxbai"": ""9745001"", ""qwen3"": ""9745001""}"
scifact	1014	1	False	True	True	True	"{""bm25"": 1, ""eos_compact_q4_fp16_o200"": 1, ""eos_dense"": 1, ""hybrid_minmax_blend_a050"": 1, ""mxbai"": 1, ""qwen3"": 1}"	"{""bm25"": 1.0, ""eos_compact_q4_fp16_o200"": 1.0, ""eos_dense"": 1.0, ""hybrid_minmax_blend_a050"": 1.0, ""mxbai"": 1.0, ""qwen3"": 1.0}"	"{""bm25"": 1.0, ""eos_compact_q4_fp16_o200"": 1.0, ""eos_dense"": 1.0, ""hybrid_minmax_blend_a050"": 1.0, ""mxbai"": 1.0, ""qwen3"": 1.0}"	"{""bm25"": ""6277638"", ""eos_compact_q4_fp16_o200"": ""6277638"", ""eos_dense"": ""6277638"", ""hybrid_minmax_blend_a050"": ""6277638"", ""mxbai"": ""6277638"", ""qwen3"": ""6277638""}"
scifact	1019	1	False	True	False	False	"{""bm25"": 2, ""eos_compact_q4_fp16_o200"": 1, ""eos_dense"": 1, ""hybrid_minmax_blend_a050"": 1, ""mxbai"": 3, ""qwen3"": 1}"	"{""bm25"": 0.6309297535714574, ""eos_compact_q4_fp16_o200"": 1.0, ""eos_dense"": 1.0, ""hybrid_minmax_blend_a050"": 1.0, ""mxbai"": 0.5, ""qwen3"": 1.0}"	"{""bm25"": 1.0, ""eos_compact_q4_fp16_o200"": 1.0, ""eos_dense"": 1.0, ""hybrid_minmax_blend_a050"": 1.0, ""mxbai"": 1.0, ""qwen3"": 1.0}"	"{""bm25"": ""1225513"", ""eos_compact_q4_fp16_o200"": ""11603066"", ""eos_dense"": ""11603066"", ""hybrid_minmax_blend_a050"": ""11603066"", ""mxbai"": ""1225513"", ""qwen3"": ""11603066""}"
scifact	1020	1	True	True	False	False	"{""bm25"": 3, ""eos_compact_q4_fp16_o200"": 21, ""eos_dense"": 21, ""hybrid_minmax_blend_a050"": 3, ""mxbai"": 1, ""qwen3"": 2}"	"{""bm25"": 0.5, ""eos_compact_q4_fp16_o200"": 0.0, ""eos_dense"": 0.0, ""hybrid_minmax_blend_a050"": 0.5, ""mxbai"": 1.0, ""qwen3"": 0.6309297535714574}"	"{""bm25"": 1.0, ""eos_compact_q4_fp16_o200"": 1.0, ""eos_dense"": 1.0, ""hybrid_minmax_blend_a050"": 1.0, ""mxbai"": 1.0, ""qwen3"": 1.0}"	"{""bm25"": ""10559501"", ""eos_compact_q4_fp16_o200"": ""18924534"", ""eos_dense"": ""18924534"", ""hybrid_minmax_blend_a050"": ""18924534"", ""mxbai"": ""9433958"", ""qwen3"": ""10559501""}"
scifact	1021	1	True	True	False	False	"{""bm25"": 3, ""eos_compact_q4_fp16_o200"": 11, ""eos_dense"": 11, ""hybrid_minmax_blend_a050"": 1, ""mxbai"": 1, ""qwen3"": 2}"	"{""bm25"": 0.5, ""eos_compact_q4_fp16_o200"": 0.0, ""eos_dense"": 0.0, ""hybrid_minmax_blend_a050"": 1.0, ""mxbai"": 1.0, ""qwen3"": 0.6309297535714574}"	"{""bm25"": 1.0, ""eos_compact_q4_fp16_o200"": 1.0, ""eos_dense"": 1.0, ""hybrid_minmax_blend_a050"": 1.0, ""mxbai"": 1.0, ""qwen3"": 1.0}"	"{""bm25"": ""10559501"", ""eos_compact_q4_fp16_o200"": ""18924534"", ""eos_dense"": ""18924534"", ""hybrid_minmax_blend_a050"": ""9433958"", ""mxbai"": ""9433958"", ""qwen3"": ""10559501""}"
scifact	1024	1	True	False	False	False	"{""bm25"": 1, ""eos_compact_q4_fp16_o200"": 0, ""eos_dense"": 0, ""hybrid_minmax_blend_a050"": 3, ""mxbai"": 51, ""qwen3"": 3}"	"{""bm25"": 1.0, ""eos_compact_q4_fp16_o200"": 0.0, ""eos_dense"": 0.0, ""hybrid_minmax_blend_a050"": 0.5, ""mxbai"": 0.0, ""qwen3"": 0.5}"	"{""bm25"": 1.0, ""eos_compact_q4_fp16_o200"": 0.0, ""eos_dense"": 0.0, ""hybrid_minmax_blend_a050"": 1.0, ""mxbai"": 1.0, ""qwen3"": 1.0}"	"{""bm25"": ""5373138"", ""eos_compact_q4_fp16_o200"": ""8596357"", ""eos_dense"": ""8596357"", ""hybrid_minmax_blend_a050"": ""24995939"", ""mxbai"": ""8494570"", ""qwen3"": ""14530534""}"
scifact	1029	3	False	True	True	True	"{""bm25"": 1, ""eos_compact_q4_fp16_o200"": 1, ""eos_dense"": 1, ""hybrid_minmax_blend_a050"": 1, ""mxbai"": 1, ""qwen3"": 1}"	"{""bm25"": 0.8395700624665826, ""eos_compact_q4_fp16_o200"": 0.8854598815714875, ""eos_dense"": 0.8854598815714875, ""hybrid_minmax_blend_a050"": 0.9469024295259745, ""mxbai"": 0.9469024295259745, ""qwen3"": 0.7653606369886218}"	"{""bm25"": 1.0, ""eos_compact_q4_fp16_o200"": 1.0, ""eos_dense"": 1.0, ""hybrid_minmax_blend_a050"": 1.0, ""mxbai"": 1.0, ""qwen3"": 1.0}"	"{""bm25"": ""11899391"", ""eos_compact_q4_fp16_o200"": ""11899391"", ""eos_dense"": ""11899391"", ""hybrid_minmax_blend_a050"": ""11899391"", ""mxbai"": ""11899391"", ""qwen3"": ""11899391""}"
scifact	1041	2	False	True	False	True	"{""bm25"": 4, ""eos_compact_q4_fp16_o200"": 3, ""eos_dense"": 3, ""hybrid_minmax_blend_a050"": 4, ""mxbai"": 7, ""qwen3"": 4}"	"{""bm25"": 0.4413074093566387, ""eos_compact_q4_fp16_o200"": 0.5706417189553201, ""eos_dense"": 0.5706417189553201, ""hybrid_minmax_blend_a050"": 0.5012658353418872, ""mxbai"": 0.38895809436805434, ""qwen3"": 0.468450520161077}"	"{""bm25"": 1.0, ""eos_compact_q4_fp16_o200"": 1.0, ""eos_dense"": 1.0, ""hybrid_minmax_blend_a050"": 1.0, ""mxbai"": 1.0, ""qwen3"": 1.0}"	"{""bm25"": ""9451052"", ""eos_compact_q4_fp16_o200"": ""1259280"", ""eos_dense"": ""1259280"", ""hybrid_minmax_blend_a050"": ""9451052"", ""mxbai"": ""15778034"", ""qwen3"": ""15778034""}"
scifact	1049	1	False	True	False	True	"{""bm25"": 0, ""eos_compact_q4_fp16_o200"": 1, ""eos_dense"": 1, ""hybrid_minmax_blend_a050"": 3, ""mxbai"": 4, ""qwen3"": 6}"	"{""bm25"": 0.0, ""eos_compact_q4_fp16_o200"": 1.0, ""eos_dense"": 1.0, ""hybrid_minmax_blend_a050"": 0.5, ""mxbai"": 0.43067655807339306, ""qwen3"": 0.3562071871080222}"	"{""bm25"": 0.0, ""eos_compact_q4_fp16_o200"": 1.0, ""eos_dense"": 1.0, ""hybrid_minmax_blend_a050"": 1.0, ""mxbai"": 1.0, ""qwen3"": 1.0}"	"{""bm25"": ""24737389"", ""eos_compact_q4_fp16_o200"": ""12486491"", ""eos_dense"": ""12486491"", ""hybrid_minmax_blend_a050"": ""24737389"", ""mxbai"": ""8925851"", ""qwen3"": ""8925851""}"
scifact	1062	1	False	True	True	True	"{""bm25"": 1, ""eos_compact_q4_fp16_o200"": 1, ""eos_dense"": 1, ""hybrid_minmax_blend_a050"": 1, ""mxbai"": 1, ""qwen3"": 1}"	"{""bm25"": 1.0, ""eos_compact_q4_fp16_o200"": 1.0, ""eos_dense"": 1.0, ""hybrid_minmax_blend_a050"": 1.0, ""mxbai"": 1.0, ""qwen3"": 1.0}"	"{""bm25"": 1.0, ""eos_compact_q4_fp16_o200"": 1.0, ""eos_dense"": 1.0, ""hybrid_minmax_blend_a050"": 1.0, ""mxbai"": 1.0, ""qwen3"": 1.0}"	"{""bm25"": ""20381484"", ""eos_compact_q4_fp16_o200"": ""20381484"", ""eos_dense"": ""20381484"", ""hybrid_minmax_blend_a050"": ""20381484"", ""mxbai"": ""20381484"", ""qwen3"": ""20381484""}"
scifact	1086	1	False	True	True	True	"{""bm25"": 1, ""eos_compact_q4_fp16_o200"": 1, ""eos_dense"": 1, ""hybrid_minmax_blend_a050"": 1, ""mxbai"": 1, ""qwen3"": 1}"	"{""bm25"": 1.0, ""eos_compact_q4_fp16_o200"": 1.0, ""eos_dense"": 1.0, ""hybrid_minmax_blend_a050"": 1.0, ""mxbai"": 1.0, ""qwen3"": 1.0}"	"{""bm25"": 1.0, ""eos_compact_q4_fp16_o200"": 1.0, ""eos_dense"": 1.0, ""hybrid_minmax_blend_a050"": 1.0, ""mxbai"": 1.0, ""qwen3"": 1.0}"	"{""bm25"": ""39281140"", ""eos_compact_q4_fp16_o200"": ""39281140"", ""eos_dense"": ""39281140"", ""hybrid_minmax_blend_a050"": ""39281140"", ""mxbai"": ""39281140"", ""qwen3"": ""39281140""}"
scifact	1088	1	False	True	True	True	"{""bm25"": 0, ""eos_compact_q4_fp16_o200"": 1, ""eos_dense"": 1, ""hybrid_minmax_blend_a050"": 1, ""mxbai"": 1, ""qwen3"": 1}"	"{""bm25"": 0.0, ""eos_compact_q4_fp16_o200"": 1.0, ""eos_dense"": 1.0, ""hybrid_minmax_blend_a050"": 1.0, ""mxbai"": 1.0, ""qwen3"": 1.0}"	"{""bm25"": 0.0, ""eos_compact_q4_fp16_o200"": 1.0, ""eos_dense"": 1.0, ""hybrid_minmax_blend_a050"": 1.0, ""mxbai"": 1.0, ""qwen3"": 1.0}"	"{""bm25"": ""11915280"", ""eos_compact_q4_fp16_o200"": ""37549932"", ""eos_dense"": ""37549932"", ""hybrid_minmax_blend_a050"": ""37549932"", ""mxbai"": ""37549932"", ""qwen3"": ""37549932""}"
scifact	1089	1	False	True	True	True	"{""bm25"": 1, ""eos_compact_q4_fp16_o200"": 1, ""eos_dense"": 1, ""hybrid_minmax_blend_a050"": 1, ""mxbai"": 1, ""qwen3"": 1}"	"{""bm25"": 1.0, ""eos_compact_q4_fp16_o200"": 1.0, ""eos_dense"": 1.0, ""hybrid_minmax_blend_a050"": 1.0, ""mxbai"": 1.0, ""qwen3"": 1.0}"	"{""bm25"": 1.0, ""eos_compact_q4_fp16_o200"": 1.0, ""eos_dense"": 1.0, ""hybrid_minmax_blend_a050"": 1.0, ""mxbai"": 1.0, ""qwen3"": 1.0}"	"{""bm25"": ""17628888"", ""eos_compact_q4_fp16_o200"": ""17628888"", ""eos_dense"": ""17628888"", ""hybrid_minmax_blend_a050"": ""17628888"", ""mxbai"": ""17628888"", ""qwen3"": ""17628888""}"
scifact	1099	1	True	True	False	False	"{""bm25"": 3, ""eos_compact_q4_fp16_o200"": 0, ""eos_dense"": 0, ""hybrid_minmax_blend_a050"": 5, ""mxbai"": 9, ""qwen3"": 4}"	"{""bm25"": 0.5, ""eos_compact_q4_fp16_o200"": 0.0, ""eos_dense"": 0.0, ""hybrid_minmax_blend_a050"": 0.38685280723454163, ""mxbai"": 0.3010299956639812, ""qwen3"": 0.43067655807339306}"	"{""bm25"": 1.0, ""eos_compact_q4_fp16_o200"": 0.0, ""eos_dense"": 0.0, ""hybrid_minmax_blend_a050"": 1.0, ""mxbai"": 1.0, ""qwen3"": 1.0}"	"{""bm25"": ""22420524"", ""eos_compact_q4_fp16_o200"": ""7454794"", ""eos_dense"": ""7454794"", ""hybrid_minmax_blend_a050"": ""7454794"", ""mxbai"": ""43629704"", ""qwen3"": ""21557614""}"
scifact	1100	1	True	False	False	True	"{""bm25"": 2, ""eos_compact_q4_fp16_o200"": 0, ""eos_dense"": 0, ""hybrid_minmax_blend_a050"": 6, ""mxbai"": 15, ""qwen3"": 5}"	"{""bm25"": 0.6309297535714574, ""eos_compact_q4_fp16_o200"": 0.0, ""eos_dense"": 0.0, ""hybrid_minmax_blend_a050"": 0.3562071871080222, ""mxbai"": 0.0, ""qwen3"": 0.38685280723454163}"	"{""bm25"": 1.0, ""eos_compact_q4_fp16_o200"": 0.0, ""eos_dense"": 0.0, ""hybrid_minmax_blend_a050"": 1.0, ""mxbai"": 1.0, ""qwen3"": 1.0}"	"{""bm25"": ""21557614"", ""eos_compact_q4_fp16_o200"": ""7454794"", ""eos_dense"": ""7454794"", ""hybrid_minmax_blend_a050"": ""7454794"", ""mxbai"": ""21557614"", ""qwen3"": ""21557614""}"
scifact	1104	1	False	True	True	True	"{""bm25"": 1, ""eos_compact_q4_fp16_o200"": 1, ""eos_dense"": 1, ""hybrid_minmax_blend_a050"": 1, ""mxbai"": 1, ""qwen3"": 1}"	"{""bm25"": 1.0, ""eos_compact_q4_fp16_o200"": 1.0, ""eos_dense"": 1.0, ""hybrid_minmax_blend_a050"": 1.0, ""mxbai"": 1.0, ""qwen3"": 1.0}"	"{""bm25"": 1.0, ""eos_compact_q4_fp16_o200"": 1.0, ""eos_dense"": 1.0, ""hybrid_minmax_blend_a050"": 1.0, ""mxbai"": 1.0, ""qwen3"": 1.0}"	"{""bm25"": ""3898784"", ""eos_compact_q4_fp16_o200"": ""3898784"", ""eos_dense"": ""3898784"", ""hybrid_minmax_blend_a050"": ""3898784"", ""mxbai"": ""3898784"", ""qwen3"": ""3898784""}"
scifact	1107	1	False	True	False	False	"{""bm25"": 1, ""eos_compact_q4_fp16_o200"": 3, ""eos_dense"": 3, ""hybrid_minmax_blend_a050"": 1, ""mxbai"": 3, ""qwen3"": 2}"	"{""bm25"": 1.0, ""eos_compact_q4_fp16_o200"": 0.5, ""eos_dense"": 0.5, ""hybrid_minmax_blend_a050"": 1.0, ""mxbai"": 0.5, ""qwen3"": 0.6309297535714574}"	"{""bm25"": 1.0, ""eos_compact_q4_fp16_o200"": 1.0, ""eos_dense"": 1.0, ""hybrid_minmax_blend_a050"": 1.0, ""mxbai"": 1.0, ""qwen3"": 1.0}"	"{""bm25"": ""20532591"", ""eos_compact_q4_fp16_o200"": ""29381091"", ""eos_dense"": ""29381091"", ""hybrid_minmax_blend_a050"": ""20532591"", ""mxbai"": ""14865329"", ""qwen3"": ""29381091""}"
scifact	1110	1	True	False	False	False	"{""bm25"": 0, ""eos_compact_q4_fp16_o200"": 0, ""eos_dense"": 0, ""hybrid_minmax_blend_a050"": 0, ""mxbai"": 0, ""qwen3"": 22}"	"{""bm25"": 0.0, ""eos_compact_q4_fp16_o200"": 0.0, ""eos_dense"": 0.0, ""hybrid_minmax_blend_a050"": 0.0, ""mxbai"": 0.0, ""qwen3"": 0.0}"	"{""bm25"": 0.0, ""eos_compact_q4_fp16_o200"": 0.0, ""eos_dense"": 0.0, ""hybrid_minmax_blend_a050"": 0.0, ""mxbai"": 0.0, ""qwen3"": 1.0}"	"{""bm25"": ""756887"", ""eos_compact_q4_fp16_o200"": ""3150030"", ""eos_dense"": ""3150030"", ""hybrid_minmax_blend_a050"": ""3150030"", ""mxbai"": ""41310252"", ""qwen3"": ""8529693""}"
scifact	1121	1	True	True	True	True	"{""bm25"": 2, ""eos_compact_q4_fp16_o200"": 22, ""eos_dense"": 22, ""hybrid_minmax_blend_a050"": 2, ""mxbai"": 1, ""qwen3"": 1}"	"{""bm25"": 0.6309297535714574, ""eos_compact_q4_fp16_o200"": 0.0, ""eos_dense"": 0.0, ""hybrid_minmax_blend_a050"": 0.6309297535714574, ""mxbai"": 1.0, ""qwen3"": 1.0}"	"{""bm25"": 1.0, ""eos_compact_q4_fp16_o200"": 1.0, ""eos_dense"": 1.0, ""hybrid_minmax_blend_a050"": 1.0, ""mxbai"": 1.0, ""qwen3"": 1.0}"	"{""bm25"": ""10790846"", ""eos_compact_q4_fp16_o200"": ""3825472"", ""eos_dense"": ""3825472"", ""hybrid_minmax_blend_a050"": ""3825472"", ""mxbai"": ""4456756"", ""qwen3"": ""4456756""}"
scifact	1130	1	False	True	True	True	"{""bm25"": 1, ""eos_compact_q4_fp16_o200"": 1, ""eos_dense"": 1, ""hybrid_minmax_blend_a050"": 1, ""mxbai"": 1, ""qwen3"": 1}"	"{""bm25"": 1.0, ""eos_compact_q4_fp16_o200"": 1.0, ""eos_dense"": 1.0, ""hybrid_minmax_blend_a050"": 1.0, ""mxbai"": 1.0, ""qwen3"": 1.0}"	"{""bm25"": 1.0, ""eos_compact_q4_fp16_o200"": 1.0, ""eos_dense"": 1.0, ""hybrid_minmax_blend_a050"": 1.0, ""mxbai"": 1.0, ""qwen3"": 1.0}"	"{""bm25"": ""17997584"", ""eos_compact_q4_fp16_o200"": ""17997584"", ""eos_dense"": ""17997584"", ""hybrid_minmax_blend_a050"": ""17997584"", ""mxbai"": ""17997584"", ""qwen3"": ""17997584""}"
scifact	1132	2	False	False	False	True	"{""bm25"": 6, ""eos_compact_q4_fp16_o200"": 3, ""eos_dense"": 3, ""hybrid_minmax_blend_a050"": 1, ""mxbai"": 5, ""qwen3"": 15}"	"{""bm25"": 0.2184074368181642, ""eos_compact_q4_fp16_o200"": 0.5706417189553201, ""eos_dense"": 0.5706417189553201, ""hybrid_minmax_blend_a050"": 0.7903864795495062, ""mxbai"": 0.4556051495874604, ""qwen3"": 0.0}"	"{""bm25"": 1.0, ""eos_compact_q4_fp16_o200"": 1.0, ""eos_dense"": 1.0, ""hybrid_minmax_blend_a050"": 1.0, ""mxbai"": 1.0, ""qwen3"": 1.0}"	"{""bm25"": ""6936141"", ""eos_compact_q4_fp16_o200"": ""41982985"", ""eos_dense"": ""41982985"", ""hybrid_minmax_blend_a050"": ""33499189"", ""mxbai"": ""15972906"", ""qwen3"": ""15972906""}"
scifact	1137	1	False	True	False	False	"{""bm25"": 1, ""eos_compact_q4_fp16_o200"": 1, ""eos_dense"": 1, ""hybrid_minmax_blend_a050"": 1, ""mxbai"": 1, ""qwen3"": 2}"	"{""bm25"": 1.0, ""eos_compact_q4_fp16_o200"": 1.0, ""eos_dense"": 1.0, ""hybrid_minmax_blend_a050"": 1.0, ""mxbai"": 1.0, ""qwen3"": 0.6309297535714574}"	"{""bm25"": 1.0, ""eos_compact_q4_fp16_o200"": 1.0, ""eos_dense"": 1.0, ""hybrid_minmax_blend_a050"": 1.0, ""mxbai"": 1.0, ""qwen3"": 1.0}"	"{""bm25"": ""33370"", ""eos_compact_q4_fp16_o200"": ""33370"", ""eos_dense"": ""33370"", ""hybrid_minmax_blend_a050"": ""33370"", ""mxbai"": ""33370"", ""qwen3"": ""5123516""}"
scifact	1140	1	False	True	False	False	"{""bm25"": 7, ""eos_compact_q4_fp16_o200"": 1, ""eos_dense"": 1, ""hybrid_minmax_blend_a050"": 1, ""mxbai"": 1, ""qwen3"": 2}"	"{""bm25"": 0.3333333333333333, ""eos_compact_q4_fp16_o200"": 1.0, ""eos_dense"": 1.0, ""hybrid_minmax_blend_a050"": 1.0, ""mxbai"": 1.0, ""qwen3"": 0.6309297535714574}"	"{""bm25"": 1.0, ""eos_compact_q4_fp16_o200"": 1.0, ""eos_dense"": 1.0, ""hybrid_minmax_blend_a050"": 1.0, ""mxbai"": 1.0, ""qwen3"": 1.0}"	"{""bm25"": ""25513319"", ""eos_compact_q4_fp16_o200"": ""12009265"", ""eos_dense"": ""12009265"", ""hybrid_minmax_blend_a050"": ""12009265"", ""mxbai"": ""12009265"", ""qwen3"": ""4500832""}"
scifact	1144	1	False	True	True	True	"{""bm25"": 1, ""eos_compact_q4_fp16_o200"": 1, ""eos_dense"": 1, ""hybrid_minmax_blend_a050"": 1, ""mxbai"": 1, ""qwen3"": 1}"	"{""bm25"": 1.0, ""eos_compact_q4_fp16_o200"": 1.0, ""eos_dense"": 1.0, ""hybrid_minmax_blend_a050"": 1.0, ""mxbai"": 1.0, ""qwen3"": 1.0}"	"{""bm25"": 1.0, ""eos_compact_q4_fp16_o200"": 1.0, ""eos_dense"": 1.0, ""hybrid_minmax_blend_a050"": 1.0, ""mxbai"": 1.0, ""qwen3"": 1.0}"	"{""bm25"": ""10071552"", ""eos_compact_q4_fp16_o200"": ""10071552"", ""eos_dense"": ""10071552"", ""hybrid_minmax_blend_a050"": ""10071552"", ""mxbai"": ""10071552"", ""qwen3"": ""10071552""}"
scifact	1146	1	False	True	True	True	"{""bm25"": 1, ""eos_compact_q4_fp16_o200"": 1, ""eos_dense"": 1, ""hybrid_minmax_blend_a050"": 1, ""mxbai"": 1, ""qwen3"": 1}"	"{""bm25"": 1.0, ""eos_compact_q4_fp16_o200"": 1.0, ""eos_dense"": 1.0, ""hybrid_minmax_blend_a050"": 1.0, ""mxbai"": 1.0, ""qwen3"": 1.0}"	"{""bm25"": 1.0, ""eos_compact_q4_fp16_o200"": 1.0, ""eos_dense"": 1.0, ""hybrid_minmax_blend_a050"": 1.0, ""mxbai"": 1.0, ""qwen3"": 1.0}"	"{""bm25"": ""13906581"", ""eos_compact_q4_fp16_o200"": ""13906581"", ""eos_dense"": ""13906581"", ""hybrid_minmax_blend_a050"": ""13906581"", ""mxbai"": ""13906581"", ""qwen3"": ""13906581""}"
scifact	1150	1	False	True	True	True	"{""bm25"": 1, ""eos_compact_q4_fp16_o200"": 1, ""eos_dense"": 1, ""hybrid_minmax_blend_a050"": 1, ""mxbai"": 1, ""qwen3"": 1}"	"{""bm25"": 1.0, ""eos_compact_q4_fp16_o200"": 1.0, ""eos_dense"": 1.0, ""hybrid_minmax_blend_a050"": 1.0, ""mxbai"": 1.0, ""qwen3"": 1.0}"	"{""bm25"": 1.0, ""eos_compact_q4_fp16_o200"": 1.0, ""eos_dense"": 1.0, ""hybrid_minmax_blend_a050"": 1.0, ""mxbai"": 1.0, ""qwen3"": 1.0}"	"{""bm25"": ""11369420"", ""eos_compact_q4_fp16_o200"": ""11369420"", ""eos_dense"": ""11369420"", ""hybrid_minmax_blend_a050"": ""11369420"", ""mxbai"": ""11369420"", ""qwen3"": ""11369420""}"
scifact	1163	1	False	True	True	True	"{""bm25"": 1, ""eos_compact_q4_fp16_o200"": 1, ""eos_dense"": 1, ""hybrid_minmax_blend_a050"": 1, ""mxbai"": 1, ""qwen3"": 1}"	"{""bm25"": 1.0, ""eos_compact_q4_fp16_o200"": 1.0, ""eos_dense"": 1.0, ""hybrid_minmax_blend_a050"": 1.0, ""mxbai"": 1.0, ""qwen3"": 1.0}"	"{""bm25"": 1.0, ""eos_compact_q4_fp16_o200"": 1.0, ""eos_dense"": 1.0, ""hybrid_minmax_blend_a050"": 1.0, ""mxbai"": 1.0, ""qwen3"": 1.0}"	"{""bm25"": ""15305881"", ""eos_compact_q4_fp16_o200"": ""15305881"", ""eos_dense"": ""15305881"", ""hybrid_minmax_blend_a050"": ""15305881"", ""mxbai"": ""15305881"", ""qwen3"": ""15305881""}"
scifact	1175	1	True	False	False	False	"{""bm25"": 70, ""eos_compact_q4_fp16_o200"": 17, ""eos_dense"": 17, ""hybrid_minmax_blend_a050"": 18, ""mxbai"": 0, ""qwen3"": 0}"	"{""bm25"": 0.0, ""eos_compact_q4_fp16_o200"": 0.0, ""eos_dense"": 0.0, ""hybrid_minmax_blend_a050"": 0.0, ""mxbai"": 0.0, ""qwen3"": 0.0}"	"{""bm25"": 1.0, ""eos_compact_q4_fp16_o200"": 1.0, ""eos_dense"": 1.0, ""hybrid_minmax_blend_a050"": 1.0, ""mxbai"": 0.0, ""qwen3"": 0.0}"	"{""bm25"": ""22191759"", ""eos_compact_q4_fp16_o200"": ""9301606"", ""eos_dense"": ""9301606"", ""hybrid_minmax_blend_a050"": ""16058322"", ""mxbai"": ""47240151"", ""qwen3"": ""21219071""}"
scifact	1179	1	True	False	False	False	"{""bm25"": 10, ""eos_compact_q4_fp16_o200"": 71, ""eos_dense"": 71, ""hybrid_minmax_blend_a050"": 44, ""mxbai"": 0, ""qwen3"": 0}"	"{""bm25"": 0.2890648263178879, ""eos_compact_q4_fp16_o200"": 0.0, ""eos_dense"": 0.0, ""hybrid_minmax_blend_a050"": 0.0, ""mxbai"": 0.0, ""qwen3"": 0.0}"	"{""bm25"": 1.0, ""eos_compact_q4_fp16_o200"": 1.0, ""eos_dense"": 1.0, ""hybrid_minmax_blend_a050"": 1.0, ""mxbai"": 0.0, ""qwen3"": 0.0}"	"{""bm25"": ""10627801"", ""eos_compact_q4_fp16_o200"": ""10423989"", ""eos_dense"": ""10423989"", ""hybrid_minmax_blend_a050"": ""10627801"", ""mxbai"": ""16058322"", ""qwen3"": ""3033830""}"
scifact	1180	1	False	True	False	False	"{""bm25"": 5, ""eos_compact_q4_fp16_o200"": 1, ""eos_dense"": 1, ""hybrid_minmax_blend_a050"": 1, ""mxbai"": 1, ""qwen3"": 8}"	"{""bm25"": 0.38685280723454163, ""eos_compact_q4_fp16_o200"": 1.0, ""eos_dense"": 1.0, ""hybrid_minmax_blend_a050"": 1.0, ""mxbai"": 1.0, ""qwen3"": 0.3154648767857287}"	"{""bm25"": 1.0, ""eos_compact_q4_fp16_o200"": 1.0, ""eos_dense"": 1.0, ""hybrid_minmax_blend_a050"": 1.0, ""mxbai"": 1.0, ""qwen3"": 1.0}"	"{""bm25"": ""10627801"", ""eos_compact_q4_fp16_o200"": ""31272411"", ""eos_dense"": ""31272411"", ""hybrid_minmax_blend_a050"": ""31272411"", ""mxbai"": ""31272411"", ""qwen3"": ""44366096""}"
scifact	1185	1	False	True	True	True	"{""bm25"": 1, ""eos_compact_q4_fp16_o200"": 1, ""eos_dense"": 1, ""hybrid_minmax_blend_a050"": 1, ""mxbai"": 1, ""qwen3"": 1}"	"{""bm25"": 1.0, ""eos_compact_q4_fp16_o200"": 1.0, ""eos_dense"": 1.0, ""hybrid_minmax_blend_a050"": 1.0, ""mxbai"": 1.0, ""qwen3"": 1.0}"	"{""bm25"": 1.0, ""eos_compact_q4_fp16_o200"": 1.0, ""eos_dense"": 1.0, ""hybrid_minmax_blend_a050"": 1.0, ""mxbai"": 1.0, ""qwen3"": 1.0}"	"{""bm25"": ""16737210"", ""eos_compact_q4_fp16_o200"": ""16737210"", ""eos_dense"": ""16737210"", ""hybrid_minmax_blend_a050"": ""16737210"", ""mxbai"": ""16737210"", ""qwen3"": ""16737210""}"
scifact	1187	1	True	True	False	True	"{""bm25"": 1, ""eos_compact_q4_fp16_o200"": 17, ""eos_dense"": 17, ""hybrid_minmax_blend_a050"": 3, ""mxbai"": 2, ""qwen3"": 2}"	"{""bm25"": 1.0, ""eos_compact_q4_fp16_o200"": 0.0, ""eos_dense"": 0.0, ""hybrid_minmax_blend_a050"": 0.5, ""mxbai"": 0.6309297535714574, ""qwen3"": 0.6309297535714574}"	"{""bm25"": 1.0, ""eos_compact_q4_fp16_o200"": 1.0, ""eos_dense"": 1.0, ""hybrid_minmax_blend_a050"": 1.0, ""mxbai"": 1.0, ""qwen3"": 1.0}"	"{""bm25"": ""52873726"", ""eos_compact_q4_fp16_o200"": ""41710132"", ""eos_dense"": ""41710132"", ""hybrid_minmax_blend_a050"": ""3893473"", ""mxbai"": ""12737132"", ""qwen3"": ""12737132""}"
scifact	1191	1	False	True	False	False	"{""bm25"": 0, ""eos_compact_q4_fp16_o200"": 1, ""eos_dense"": 1, ""hybrid_minmax_blend_a050"": 1, ""mxbai"": 6, ""qwen3"": 3}"	"{""bm25"": 0.0, ""eos_compact_q4_fp16_o200"": 1.0, ""eos_dense"": 1.0, ""hybrid_minmax_blend_a050"": 1.0, ""mxbai"": 0.3562071871080222, ""qwen3"": 0.5}"	"{""bm25"": 0.0, ""eos_compact_q4_fp16_o200"": 1.0, ""eos_dense"": 1.0, ""hybrid_minmax_blend_a050"": 1.0, ""mxbai"": 1.0, ""qwen3"": 1.0}"	"{""bm25"": ""36355784"", ""eos_compact_q4_fp16_o200"": ""30655442"", ""eos_dense"": ""30655442"", ""hybrid_minmax_blend_a050"": ""30655442"", ""mxbai"": ""14915566"", ""qwen3"": ""18670""}"
scifact	1194	1	True	True	True	True	"{""bm25"": 5, ""eos_compact_q4_fp16_o200"": 0, ""eos_dense"": 0, ""hybrid_minmax_blend_a050"": 31, ""mxbai"": 1, ""qwen3"": 1}"	"{""bm25"": 0.38685280723454163, ""eos_compact_q4_fp16_o200"": 0.0, ""eos_dense"": 0.0, ""hybrid_minmax_blend_a050"": 0.0, ""mxbai"": 1.0, ""qwen3"": 1.0}"	"{""bm25"": 1.0, ""eos_compact_q4_fp16_o200"": 0.0, ""eos_dense"": 0.0, ""hybrid_minmax_blend_a050"": 1.0, ""mxbai"": 1.0, ""qwen3"": 1.0}"	"{""bm25"": ""24706198"", ""eos_compact_q4_fp16_o200"": ""38296571"", ""eos_dense"": ""38296571"", ""hybrid_minmax_blend_a050"": ""24706198"", ""mxbai"": ""11419230"", ""qwen3"": ""11419230""}"
scifact	1196	1	False	True	False	True	"{""bm25"": 0, ""eos_compact_q4_fp16_o200"": 1, ""eos_dense"": 1, ""hybrid_minmax_blend_a050"": 2, ""mxbai"": 4, ""qwen3"": 3}"	"{""bm25"": 0.0, ""eos_compact_q4_fp16_o200"": 1.0, ""eos_dense"": 1.0, ""hybrid_minmax_blend_a050"": 0.6309297535714574, ""mxbai"": 0.43067655807339306, ""qwen3"": 0.5}"	"{""bm25"": 0.0, ""eos_compact_q4_fp16_o200"": 1.0, ""eos_dense"": 1.0, ""hybrid_minmax_blend_a050"": 1.0, ""mxbai"": 1.0, ""qwen3"": 1.0}"	"{""bm25"": ""2264455"", ""eos_compact_q4_fp16_o200"": ""25649714"", ""eos_dense"": ""25649714"", ""hybrid_minmax_blend_a050"": ""31019903"", ""mxbai"": ""154243324"", ""qwen3"": ""154243324""}"
scifact	1197	1	False	True	False	True	"{""bm25"": 0, ""eos_compact_q4_fp16_o200"": 1, ""eos_dense"": 1, ""hybrid_minmax_blend_a050"": 2, ""mxbai"": 4, ""qwen3"": 4}"	"{""bm25"": 0.0, ""eos_compact_q4_fp16_o200"": 1.0, ""eos_dense"": 1.0, ""hybrid_minmax_blend_a050"": 0.6309297535714574, ""mxbai"": 0.43067655807339306, ""qwen3"": 0.43067655807339306}"	"{""bm25"": 0.0, ""eos_compact_q4_fp16_o200"": 1.0, ""eos_dense"": 1.0, ""hybrid_minmax_blend_a050"": 1.0, ""mxbai"": 1.0, ""qwen3"": 1.0}"	"{""bm25"": ""2264455"", ""eos_compact_q4_fp16_o200"": ""25649714"", ""eos_dense"": ""25649714"", ""hybrid_minmax_blend_a050"": ""31019903"", ""mxbai"": ""33135135"", ""qwen3"": ""33135135""}"
scifact	1199	1	True	False	False	False	"{""bm25"": 0, ""eos_compact_q4_fp16_o200"": 0, ""eos_dense"": 0, ""hybrid_minmax_blend_a050"": 0, ""mxbai"": 0, ""qwen3"": 64}"	"{""bm25"": 0.0, ""eos_compact_q4_fp16_o200"": 0.0, ""eos_dense"": 0.0, ""hybrid_minmax_blend_a050"": 0.0, ""mxbai"": 0.0, ""qwen3"": 0.0}"	"{""bm25"": 0.0, ""eos_compact_q4_fp16_o200"": 0.0, ""eos_dense"": 0.0, ""hybrid_minmax_blend_a050"": 0.0, ""mxbai"": 0.0, ""qwen3"": 1.0}"	"{""bm25"": ""7454794"", ""eos_compact_q4_fp16_o200"": ""109946221"", ""eos_dense"": ""109946221"", ""hybrid_minmax_blend_a050"": ""7454794"", ""mxbai"": ""21557614"", ""qwen3"": ""7454794""}"
scifact	1200	1	False	False	False	False	"{""bm25"": 0, ""eos_compact_q4_fp16_o200"": 5, ""eos_dense"": 5, ""hybrid_minmax_blend_a050"": 18, ""mxbai"": 16, ""qwen3"": 1}"	"{""bm25"": 0.0, ""eos_compact_q4_fp16_o200"": 0.38685280723454163, ""eos_dense"": 0.38685280723454163, ""hybrid_minmax_blend_a050"": 0.0, ""mxbai"": 0.0, ""qwen3"": 1.0}"	"{""bm25"": 0.0, ""eos_compact_q4_fp16_o200"": 1.0, ""eos_dense"": 1.0, ""hybrid_minmax_blend_a050"": 1.0, ""mxbai"": 1.0, ""qwen3"": 1.0}"	"{""bm25"": ""15472716"", ""eos_compact_q4_fp16_o200"": ""19708993"", ""eos_dense"": ""19708993"", ""hybrid_minmax_blend_a050"": ""19708993"", ""mxbai"": ""21114100"", ""qwen3"": ""3441524""}"
scifact	1202	1	False	True	False	False	"{""bm25"": 1, ""eos_compact_q4_fp16_o200"": 1, ""eos_dense"": 1, ""hybrid_minmax_blend_a050"": 1, ""mxbai"": 2, ""qwen3"": 1}"	"{""bm25"": 1.0, ""eos_compact_q4_fp16_o200"": 1.0, ""eos_dense"": 1.0, ""hybrid_minmax_blend_a050"": 1.0, ""mxbai"": 0.6309297535714574, ""qwen3"": 1.0}"	"{""bm25"": 1.0, ""eos_compact_q4_fp16_o200"": 1.0, ""eos_dense"": 1.0, ""hybrid_minmax_blend_a050"": 1.0, ""mxbai"": 1.0, ""qwen3"": 1.0}"	"{""bm25"": ""3475317"", ""eos_compact_q4_fp16_o200"": ""3475317"", ""eos_dense"": ""3475317"", ""hybrid_minmax_blend_a050"": ""3475317"", ""mxbai"": ""34615397"", ""qwen3"": ""3475317""}"
scifact	1204	1	True	True	True	True	"{""bm25"": 1, ""eos_compact_q4_fp16_o200"": 0, ""eos_dense"": 0, ""hybrid_minmax_blend_a050"": 2, ""mxbai"": 1, ""qwen3"": 1}"	"{""bm25"": 1.0, ""eos_compact_q4_fp16_o200"": 0.0, ""eos_dense"": 0.0, ""hybrid_minmax_blend_a050"": 0.6309297535714574, ""mxbai"": 1.0, ""qwen3"": 1.0}"	"{""bm25"": 1.0, ""eos_compact_q4_fp16_o200"": 0.0, ""eos_dense"": 0.0, ""hybrid_minmax_blend_a050"": 1.0, ""mxbai"": 1.0, ""qwen3"": 1.0}"	"{""bm25"": ""31141365"", ""eos_compact_q4_fp16_o200"": ""10165258"", ""eos_dense"": ""10165258"", ""hybrid_minmax_blend_a050"": ""10165258"", ""mxbai"": ""31141365"", ""qwen3"": ""31141365""}"
scifact	1207	1	False	True	True	True	"{""bm25"": 1, ""eos_compact_q4_fp16_o200"": 1, ""eos_dense"": 1, ""hybrid_minmax_blend_a050"": 1, ""mxbai"": 1, ""qwen3"": 1}"	"{""bm25"": 1.0, ""eos_compact_q4_fp16_o200"": 1.0, ""eos_dense"": 1.0, ""hybrid_minmax_blend_a050"": 1.0, ""mxbai"": 1.0, ""qwen3"": 1.0}"	"{""bm25"": 1.0, ""eos_compact_q4_fp16_o200"": 1.0, ""eos_dense"": 1.0, ""hybrid_minmax_blend_a050"": 1.0, ""mxbai"": 1.0, ""qwen3"": 1.0}"	"{""bm25"": ""18909530"", ""eos_compact_q4_fp16_o200"": ""18909530"", ""eos_dense"": ""18909530"", ""hybrid_minmax_blend_a050"": ""18909530"", ""mxbai"": ""18909530"", ""qwen3"": ""18909530""}"
scifact	1213	1	True	False	False	False	"{""bm25"": 0, ""eos_compact_q4_fp16_o200"": 23, ""eos_dense"": 23, ""hybrid_minmax_blend_a050"": 47, ""mxbai"": 0, ""qwen3"": 0}"	"{""bm25"": 0.0, ""eos_compact_q4_fp16_o200"": 0.0, ""eos_dense"": 0.0, ""hybrid_minmax_blend_a050"": 0.0, ""mxbai"": 0.0, ""qwen3"": 0.0}"	"{""bm25"": 0.0, ""eos_compact_q4_fp16_o200"": 1.0, ""eos_dense"": 1.0, ""hybrid_minmax_blend_a050"": 1.0, ""mxbai"": 0.0, ""qwen3"": 0.0}"	"{""bm25"": ""23901235"", ""eos_compact_q4_fp16_o200"": ""7948486"", ""eos_dense"": ""7948486"", ""hybrid_minmax_blend_a050"": ""7948486"", ""mxbai"": ""34016987"", ""qwen3"": ""36444198""}"
scifact	1216	1	False	True	True	True	"{""bm25"": 1, ""eos_compact_q4_fp16_o200"": 1, ""eos_dense"": 1, ""hybrid_minmax_blend_a050"": 1, ""mxbai"": 1, ""qwen3"": 1}"	"{""bm25"": 1.0, ""eos_compact_q4_fp16_o200"": 1.0, ""eos_dense"": 1.0, ""hybrid_minmax_blend_a050"": 1.0, ""mxbai"": 1.0, ""qwen3"": 1.0}"	"{""bm25"": 1.0, ""eos_compact_q4_fp16_o200"": 1.0, ""eos_dense"": 1.0, ""hybrid_minmax_blend_a050"": 1.0, ""mxbai"": 1.0, ""qwen3"": 1.0}"	"{""bm25"": ""24142891"", ""eos_compact_q4_fp16_o200"": ""24142891"", ""eos_dense"": ""24142891"", ""hybrid_minmax_blend_a050"": ""24142891"", ""mxbai"": ""24142891"", ""qwen3"": ""24142891""}"
scifact	1221	1	True	True	False	False	"{""bm25"": 0, ""eos_compact_q4_fp16_o200"": 0, ""eos_dense"": 0, ""hybrid_minmax_blend_a050"": 0, ""mxbai"": 1, ""qwen3"": 2}"	"{""bm25"": 0.0, ""eos_compact_q4_fp16_o200"": 0.0, ""eos_dense"": 0.0, ""hybrid_minmax_blend_a050"": 0.0, ""mxbai"": 1.0, ""qwen3"": 0.6309297535714574}"	"{""bm25"": 0.0, ""eos_compact_q4_fp16_o200"": 0.0, ""eos_dense"": 0.0, ""hybrid_minmax_blend_a050"": 0.0, ""mxbai"": 1.0, ""qwen3"": 1.0}"	"{""bm25"": ""21479575"", ""eos_compact_q4_fp16_o200"": ""36816310"", ""eos_dense"": ""36816310"", ""hybrid_minmax_blend_a050"": ""36816310"", ""mxbai"": ""19736671"", ""qwen3"": ""1836154""}"
scifact	1225	1	True	True	True	True	"{""bm25"": 1, ""eos_compact_q4_fp16_o200"": 0, ""eos_dense"": 0, ""hybrid_minmax_blend_a050"": 2, ""mxbai"": 1, ""qwen3"": 1}"	"{""bm25"": 1.0, ""eos_compact_q4_fp16_o200"": 0.0, ""eos_dense"": 0.0, ""hybrid_minmax_blend_a050"": 0.6309297535714574, ""mxbai"": 1.0, ""qwen3"": 1.0}"	"{""bm25"": 1.0, ""eos_compact_q4_fp16_o200"": 0.0, ""eos_dense"": 0.0, ""hybrid_minmax_blend_a050"": 1.0, ""mxbai"": 1.0, ""qwen3"": 1.0}"	"{""bm25"": ""9650982"", ""eos_compact_q4_fp16_o200"": ""20456030"", ""eos_dense"": ""20456030"", ""hybrid_minmax_blend_a050"": ""20456030"", ""mxbai"": ""9650982"", ""qwen3"": ""9650982""}"
scifact	1226	1	True	True	False	True	"{""bm25"": 91, ""eos_compact_q4_fp16_o200"": 0, ""eos_dense"": 0, ""hybrid_minmax_blend_a050"": 0, ""mxbai"": 7, ""qwen3"": 3}"	"{""bm25"": 0.0, ""eos_compact_q4_fp16_o200"": 0.0, ""eos_dense"": 0.0, ""hybrid_minmax_blend_a050"": 0.0, ""mxbai"": 0.3333333333333333, ""qwen3"": 0.5}"	"{""bm25"": 1.0, ""eos_compact_q4_fp16_o200"": 0.0, ""eos_dense"": 0.0, ""hybrid_minmax_blend_a050"": 0.0, ""mxbai"": 1.0, ""qwen3"": 1.0}"	"{""bm25"": ""11951999"", ""eos_compact_q4_fp16_o200"": ""4795303"", ""eos_dense"": ""4795303"", ""hybrid_minmax_blend_a050"": ""11951999"", ""mxbai"": ""11951999"", ""qwen3"": ""11951999""}"
scifact	1232	1	False	True	True	True	"{""bm25"": 1, ""eos_compact_q4_fp16_o200"": 1, ""eos_dense"": 1, ""hybrid_minmax_blend_a050"": 1, ""mxbai"": 1, ""qwen3"": 1}"	"{""bm25"": 1.0, ""eos_compact_q4_fp16_o200"": 1.0, ""eos_dense"": 1.0, ""hybrid_minmax_blend_a050"": 1.0, ""mxbai"": 1.0, ""qwen3"": 1.0}"	"{""bm25"": 1.0, ""eos_compact_q4_fp16_o200"": 1.0, ""eos_dense"": 1.0, ""hybrid_minmax_blend_a050"": 1.0, ""mxbai"": 1.0, ""qwen3"": 1.0}"	"{""bm25"": ""13905670"", ""eos_compact_q4_fp16_o200"": ""13905670"", ""eos_dense"": ""13905670"", ""hybrid_minmax_blend_a050"": ""13905670"", ""mxbai"": ""13905670"", ""qwen3"": ""13905670""}"
scifact	1241	1	True	True	True	True	"{""bm25"": 0, ""eos_compact_q4_fp16_o200"": 16, ""eos_dense"": 16, ""hybrid_minmax_blend_a050"": 26, ""mxbai"": 1, ""qwen3"": 1}"	"{""bm25"": 0.0, ""eos_compact_q4_fp16_o200"": 0.0, ""eos_dense"": 0.0, ""hybrid_minmax_blend_a050"": 0.0, ""mxbai"": 1.0, ""qwen3"": 1.0}"	"{""bm25"": 0.0, ""eos_compact_q4_fp16_o200"": 1.0, ""eos_dense"": 1.0, ""hybrid_minmax_blend_a050"": 1.0, ""mxbai"": 1.0, ""qwen3"": 1.0}"	"{""bm25"": ""6148876"", ""eos_compact_q4_fp16_o200"": ""7492420"", ""eos_dense"": ""7492420"", ""hybrid_minmax_blend_a050"": ""32797183"", ""mxbai"": ""4427392"", ""qwen3"": ""4427392""}"
scifact	1245	1	True	True	True	True	"{""bm25"": 7, ""eos_compact_q4_fp16_o200"": 0, ""eos_dense"": 0, ""hybrid_minmax_blend_a050"": 20, ""mxbai"": 1, ""qwen3"": 1}"	"{""bm25"": 0.3333333333333333, ""eos_compact_q4_fp16_o200"": 0.0, ""eos_dense"": 0.0, ""hybrid_minmax_blend_a050"": 0.0, ""mxbai"": 1.0, ""qwen3"": 1.0}"	"{""bm25"": 1.0, ""eos_compact_q4_fp16_o200"": 0.0, ""eos_dense"": 0.0, ""hybrid_minmax_blend_a050"": 1.0, ""mxbai"": 1.0, ""qwen3"": 1.0}"	"{""bm25"": ""49429882"", ""eos_compact_q4_fp16_o200"": ""42291761"", ""eos_dense"": ""42291761"", ""hybrid_minmax_blend_a050"": ""11748341"", ""mxbai"": ""7662395"", ""qwen3"": ""7662395""}"
scifact	1259	1	False	True	True	True	"{""bm25"": 2, ""eos_compact_q4_fp16_o200"": 1, ""eos_dense"": 1, ""hybrid_minmax_blend_a050"": 1, ""mxbai"": 1, ""qwen3"": 1}"	"{""bm25"": 0.6309297535714574, ""eos_compact_q4_fp16_o200"": 1.0, ""eos_dense"": 1.0, ""hybrid_minmax_blend_a050"": 1.0, ""mxbai"": 1.0, ""qwen3"": 1.0}"	"{""bm25"": 1.0, ""eos_compact_q4_fp16_o200"": 1.0, ""eos_dense"": 1.0, ""hybrid_minmax_blend_a050"": 1.0, ""mxbai"": 1.0, ""qwen3"": 1.0}"	"{""bm25"": ""12438901"", ""eos_compact_q4_fp16_o200"": ""24341590"", ""eos_dense"": ""24341590"", ""hybrid_minmax_blend_a050"": ""24341590"", ""mxbai"": ""24341590"", ""qwen3"": ""24341590""}"
scifact	1262	1	False	True	True	True	"{""bm25"": 1, ""eos_compact_q4_fp16_o200"": 5, ""eos_dense"": 5, ""hybrid_minmax_blend_a050"": 1, ""mxbai"": 1, ""qwen3"": 1}"	"{""bm25"": 1.0, ""eos_compact_q4_fp16_o200"": 0.38685280723454163, ""eos_dense"": 0.38685280723454163, ""hybrid_minmax_blend_a050"": 1.0, ""mxbai"": 1.0, ""qwen3"": 1.0}"	"{""bm25"": 1.0, ""eos_compact_q4_fp16_o200"": 1.0, ""eos_dense"": 1.0, ""hybrid_minmax_blend_a050"": 1.0, ""mxbai"": 1.0, ""qwen3"": 1.0}"	"{""bm25"": ""44172171"", ""eos_compact_q4_fp16_o200"": ""37248765"", ""eos_dense"": ""37248765"", ""hybrid_minmax_blend_a050"": ""44172171"", ""mxbai"": ""44172171"", ""qwen3"": ""44172171""}"
scifact	1266	1	False	True	True	True	"{""bm25"": 1, ""eos_compact_q4_fp16_o200"": 1, ""eos_dense"": 1, ""hybrid_minmax_blend_a050"": 1, ""mxbai"": 1, ""qwen3"": 1}"	"{""bm25"": 1.0, ""eos_compact_q4_fp16_o200"": 1.0, ""eos_dense"": 1.0, ""hybrid_minmax_blend_a050"": 1.0, ""mxbai"": 1.0, ""qwen3"": 1.0}"	"{""bm25"": 1.0, ""eos_compact_q4_fp16_o200"": 1.0, ""eos_dense"": 1.0, ""hybrid_minmax_blend_a050"": 1.0, ""mxbai"": 1.0, ""qwen3"": 1.0}"	"{""bm25"": ""37480103"", ""eos_compact_q4_fp16_o200"": ""37480103"", ""eos_dense"": ""37480103"", ""hybrid_minmax_blend_a050"": ""37480103"", ""mxbai"": ""37480103"", ""qwen3"": ""37480103""}"
scifact	1270	1	False	True	True	True	"{""bm25"": 1, ""eos_compact_q4_fp16_o200"": 1, ""eos_dense"": 1, ""hybrid_minmax_blend_a050"": 1, ""mxbai"": 1, ""qwen3"": 1}"	"{""bm25"": 1.0, ""eos_compact_q4_fp16_o200"": 1.0, ""eos_dense"": 1.0, ""hybrid_minmax_blend_a050"": 1.0, ""mxbai"": 1.0, ""qwen3"": 1.0}"	"{""bm25"": 1.0, ""eos_compact_q4_fp16_o200"": 1.0, ""eos_dense"": 1.0, ""hybrid_minmax_blend_a050"": 1.0, ""mxbai"": 1.0, ""qwen3"": 1.0}"	"{""bm25"": ""13900610"", ""eos_compact_q4_fp16_o200"": ""13900610"", ""eos_dense"": ""13900610"", ""hybrid_minmax_blend_a050"": ""13900610"", ""mxbai"": ""13900610"", ""qwen3"": ""13900610""}"
scifact	1271	1	True	True	True	True	"{""bm25"": 1, ""eos_compact_q4_fp16_o200"": 13, ""eos_dense"": 13, ""hybrid_minmax_blend_a050"": 1, ""mxbai"": 1, ""qwen3"": 1}"	"{""bm25"": 1.0, ""eos_compact_q4_fp16_o200"": 0.0, ""eos_dense"": 0.0, ""hybrid_minmax_blend_a050"": 1.0, ""mxbai"": 1.0, ""qwen3"": 1.0}"	"{""bm25"": 1.0, ""eos_compact_q4_fp16_o200"": 1.0, ""eos_dense"": 1.0, ""hybrid_minmax_blend_a050"": 1.0, ""mxbai"": 1.0, ""qwen3"": 1.0}"	"{""bm25"": ""13768432"", ""eos_compact_q4_fp16_o200"": ""22549449"", ""eos_dense"": ""22549449"", ""hybrid_minmax_blend_a050"": ""13768432"", ""mxbai"": ""13768432"", ""qwen3"": ""13768432""}"
scifact	1272	1	True	True	False	False	"{""bm25"": 3, ""eos_compact_q4_fp16_o200"": 46, ""eos_dense"": 46, ""hybrid_minmax_blend_a050"": 24, ""mxbai"": 7, ""qwen3"": 2}"	"{""bm25"": 0.5, ""eos_compact_q4_fp16_o200"": 0.0, ""eos_dense"": 0.0, ""hybrid_minmax_blend_a050"": 0.0, ""mxbai"": 0.3333333333333333, ""qwen3"": 0.6309297535714574}"	"{""bm25"": 1.0, ""eos_compact_q4_fp16_o200"": 1.0, ""eos_dense"": 1.0, ""hybrid_minmax_blend_a050"": 1.0, ""mxbai"": 1.0, ""qwen3"": 1.0}"	"{""bm25"": ""24760136"", ""eos_compact_q4_fp16_o200"": ""2559303"", ""eos_dense"": ""2559303"", ""hybrid_minmax_blend_a050"": ""2559303"", ""mxbai"": ""24760136"", ""qwen3"": ""15685921""}"
scifact	1273	1	False	True	True	True	"{""bm25"": 1, ""eos_compact_q4_fp16_o200"": 1, ""eos_dense"": 1, ""hybrid_minmax_blend_a050"": 1, ""mxbai"": 1, ""qwen3"": 1}"	"{""bm25"": 1.0, ""eos_compact_q4_fp16_o200"": 1.0, ""eos_dense"": 1.0, ""hybrid_minmax_blend_a050"": 1.0, ""mxbai"": 1.0, ""qwen3"": 1.0}"	"{""bm25"": 1.0, ""eos_compact_q4_fp16_o200"": 1.0, ""eos_dense"": 1.0, ""hybrid_minmax_blend_a050"": 1.0, ""mxbai"": 1.0, ""qwen3"": 1.0}"	"{""bm25"": ""11041152"", ""eos_compact_q4_fp16_o200"": ""11041152"", ""eos_dense"": ""11041152"", ""hybrid_minmax_blend_a050"": ""11041152"", ""mxbai"": ""11041152"", ""qwen3"": ""11041152""}"
scifact	1274	3	False	True	True	True	"{""bm25"": 2, ""eos_compact_q4_fp16_o200"": 1, ""eos_dense"": 1, ""hybrid_minmax_blend_a050"": 1, ""mxbai"": 1, ""qwen3"": 1}"	"{""bm25"": 0.6447841584694202, ""eos_compact_q4_fp16_o200"": 0.625704968030342, ""eos_dense"": 0.625704968030342, ""hybrid_minmax_blend_a050"": 0.932521091954824, ""mxbai"": 0.8179809735263115, ""qwen3"": 0.8603443310417203}"	"{""bm25"": 1.0, ""eos_compact_q4_fp16_o200"": 0.6666666666666666, ""eos_dense"": 0.6666666666666666, ""hybrid_minmax_blend_a050"": 1.0, ""mxbai"": 1.0, ""qwen3"": 1.0}"	"{""bm25"": ""7481159"", ""eos_compact_q4_fp16_o200"": ""27731651"", ""eos_dense"": ""27731651"", ""hybrid_minmax_blend_a050"": ""27731651"", ""mxbai"": ""27731651"", ""qwen3"": ""27731651""}"
scifact	1278	1	True	False	False	False	"{""bm25"": 0, ""eos_compact_q4_fp16_o200"": 0, ""eos_dense"": 0, ""hybrid_minmax_blend_a050"": 0, ""mxbai"": 2, ""qwen3"": 0}"	"{""bm25"": 0.0, ""eos_compact_q4_fp16_o200"": 0.0, ""eos_dense"": 0.0, ""hybrid_minmax_blend_a050"": 0.0, ""mxbai"": 0.6309297535714574, ""qwen3"": 0.0}"	"{""bm25"": 0.0, ""eos_compact_q4_fp16_o200"": 0.0, ""eos_dense"": 0.0, ""hybrid_minmax_blend_a050"": 0.0, ""mxbai"": 1.0, ""qwen3"": 0.0}"	"{""bm25"": ""13256155"", ""eos_compact_q4_fp16_o200"": ""10430148"", ""eos_dense"": ""10430148"", ""hybrid_minmax_blend_a050"": ""10430148"", ""mxbai"": ""22635278"", ""qwen3"": ""4468861""}"
scifact	1279	1	True	False	False	False	"{""bm25"": 0, ""eos_compact_q4_fp16_o200"": 0, ""eos_dense"": 0, ""hybrid_minmax_blend_a050"": 0, ""mxbai"": 1, ""qwen3"": 0}"	"{""bm25"": 0.0, ""eos_compact_q4_fp16_o200"": 0.0, ""eos_dense"": 0.0, ""hybrid_minmax_blend_a050"": 0.0, ""mxbai"": 1.0, ""qwen3"": 0.0}"	"{""bm25"": 0.0, ""eos_compact_q4_fp16_o200"": 0.0, ""eos_dense"": 0.0, ""hybrid_minmax_blend_a050"": 0.0, ""mxbai"": 1.0, ""qwen3"": 0.0}"	"{""bm25"": ""3825750"", ""eos_compact_q4_fp16_o200"": ""10430148"", ""eos_dense"": ""10430148"", ""hybrid_minmax_blend_a050"": ""10430148"", ""mxbai"": ""11335781"", ""qwen3"": ""7975937""}"
scifact	1280	1	False	True	False	False	"{""bm25"": 21, ""eos_compact_q4_fp16_o200"": 4, ""eos_dense"": 4, ""hybrid_minmax_blend_a050"": 5, ""mxbai"": 6, ""qwen3"": 6}"	"{""bm25"": 0.0, ""eos_compact_q4_fp16_o200"": 0.43067655807339306, ""eos_dense"": 0.43067655807339306, ""hybrid_minmax_blend_a050"": 0.38685280723454163, ""mxbai"": 0.3562071871080222, ""qwen3"": 0.3562071871080222}"	"{""bm25"": 1.0, ""eos_compact_q4_fp16_o200"": 1.0, ""eos_dense"": 1.0, ""hybrid_minmax_blend_a050"": 1.0, ""mxbai"": 1.0, ""qwen3"": 1.0}"	"{""bm25"": ""29214508"", ""eos_compact_q4_fp16_o200"": ""36233757"", ""eos_dense"": ""36233757"", ""hybrid_minmax_blend_a050"": ""36233757"", ""mxbai"": ""29214508"", ""qwen3"": ""37768883""}"
scifact	1281	1	True	True	False	True	"{""bm25"": 0, ""eos_compact_q4_fp16_o200"": 92, ""eos_dense"": 92, ""hybrid_minmax_blend_a050"": 0, ""mxbai"": 9, ""qwen3"": 9}"	"{""bm25"": 0.0, ""eos_compact_q4_fp16_o200"": 0.0, ""eos_dense"": 0.0, ""hybrid_minmax_blend_a050"": 0.0, ""mxbai"": 0.3010299956639812, ""qwen3"": 0.3010299956639812}"	"{""bm25"": 0.0, ""eos_compact_q4_fp16_o200"": 1.0, ""eos_dense"": 1.0, ""hybrid_minmax_blend_a050"": 0.0, ""mxbai"": 1.0, ""qwen3"": 1.0}"	"{""bm25"": ""29214508"", ""eos_compact_q4_fp16_o200"": ""140874"", ""eos_dense"": ""140874"", ""hybrid_minmax_blend_a050"": ""36233757"", ""mxbai"": ""29214508"", ""qwen3"": ""29214508""}"
scifact	1282	1	True	True	True	True	"{""bm25"": 1, ""eos_compact_q4_fp16_o200"": 84, ""eos_dense"": 84, ""hybrid_minmax_blend_a050"": 1, ""mxbai"": 1, ""qwen3"": 1}"	"{""bm25"": 1.0, ""eos_compact_q4_fp16_o200"": 0.0, ""eos_dense"": 0.0, ""hybrid_minmax_blend_a050"": 1.0, ""mxbai"": 1.0, ""qwen3"": 1.0}"	"{""bm25"": 1.0, ""eos_compact_q4_fp16_o200"": 1.0, ""eos_dense"": 1.0, ""hybrid_minmax_blend_a050"": 1.0, ""mxbai"": 1.0, ""qwen3"": 1.0}"	"{""bm25"": ""23649163"", ""eos_compact_q4_fp16_o200"": ""1840993"", ""eos_dense"": ""1840993"", ""hybrid_minmax_blend_a050"": ""23649163"", ""mxbai"": ""23649163"", ""qwen3"": ""23649163""}"
scifact	1290	1	False	True	True	True	"{""bm25"": 1, ""eos_compact_q4_fp16_o200"": 1, ""eos_dense"": 1, ""hybrid_minmax_blend_a050"": 1, ""mxbai"": 1, ""qwen3"": 1}"	"{""bm25"": 1.0, ""eos_compact_q4_fp16_o200"": 1.0, ""eos_dense"": 1.0, ""hybrid_minmax_blend_a050"": 1.0, ""mxbai"": 1.0, ""qwen3"": 1.0}"	"{""bm25"": 1.0, ""eos_compact_q4_fp16_o200"": 1.0, ""eos_dense"": 1.0, ""hybrid_minmax_blend_a050"": 1.0, ""mxbai"": 1.0, ""qwen3"": 1.0}"	"{""bm25"": ""4687948"", ""eos_compact_q4_fp16_o200"": ""4687948"", ""eos_dense"": ""4687948"", ""hybrid_minmax_blend_a050"": ""4687948"", ""mxbai"": ""4687948"", ""qwen3"": ""4687948""}"
scifact	1292	1	False	True	True	True	"{""bm25"": 1, ""eos_compact_q4_fp16_o200"": 1, ""eos_dense"": 1, ""hybrid_minmax_blend_a050"": 1, ""mxbai"": 1, ""qwen3"": 1}"	"{""bm25"": 1.0, ""eos_compact_q4_fp16_o200"": 1.0, ""eos_dense"": 1.0, ""hybrid_minmax_blend_a050"": 1.0, ""mxbai"": 1.0, ""qwen3"": 1.0}"	"{""bm25"": 1.0, ""eos_compact_q4_fp16_o200"": 1.0, ""eos_dense"": 1.0, ""hybrid_minmax_blend_a050"": 1.0, ""mxbai"": 1.0, ""qwen3"": 1.0}"	"{""bm25"": ""56893404"", ""eos_compact_q4_fp16_o200"": ""56893404"", ""eos_dense"": ""56893404"", ""hybrid_minmax_blend_a050"": ""56893404"", ""mxbai"": ""56893404"", ""qwen3"": ""56893404""}"
scifact	1298	1	False	True	True	True	"{""bm25"": 1, ""eos_compact_q4_fp16_o200"": 1, ""eos_dense"": 1, ""hybrid_minmax_blend_a050"": 1, ""mxbai"": 1, ""qwen3"": 1}"	"{""bm25"": 1.0, ""eos_compact_q4_fp16_o200"": 1.0, ""eos_dense"": 1.0, ""hybrid_minmax_blend_a050"": 1.0, ""mxbai"": 1.0, ""qwen3"": 1.0}"	"{""bm25"": 1.0, ""eos_compact_q4_fp16_o200"": 1.0, ""eos_dense"": 1.0, ""hybrid_minmax_blend_a050"": 1.0, ""mxbai"": 1.0, ""qwen3"": 1.0}"	"{""bm25"": ""11718220"", ""eos_compact_q4_fp16_o200"": ""11718220"", ""eos_dense"": ""11718220"", ""hybrid_minmax_blend_a050"": ""11718220"", ""mxbai"": ""11718220"", ""qwen3"": ""11718220""}"
scifact	1303	1	False	True	False	False	"{""bm25"": 2, ""eos_compact_q4_fp16_o200"": 1, ""eos_dense"": 1, ""hybrid_minmax_blend_a050"": 1, ""mxbai"": 1, ""qwen3"": 2}"	"{""bm25"": 0.6309297535714574, ""eos_compact_q4_fp16_o200"": 1.0, ""eos_dense"": 1.0, ""hybrid_minmax_blend_a050"": 1.0, ""mxbai"": 1.0, ""qwen3"": 0.6309297535714574}"	"{""bm25"": 1.0, ""eos_compact_q4_fp16_o200"": 1.0, ""eos_dense"": 1.0, ""hybrid_minmax_blend_a050"": 1.0, ""mxbai"": 1.0, ""qwen3"": 1.0}"	"{""bm25"": ""43048059"", ""eos_compact_q4_fp16_o200"": ""12631697"", ""eos_dense"": ""12631697"", ""hybrid_minmax_blend_a050"": ""12631697"", ""mxbai"": ""12631697"", ""qwen3"": ""43566999""}"
scifact	1316	1	True	False	False	False	"{""bm25"": 29, ""eos_compact_q4_fp16_o200"": 0, ""eos_dense"": 0, ""hybrid_minmax_blend_a050"": 61, ""mxbai"": 17, ""qwen3"": 18}"	"{""bm25"": 0.0, ""eos_compact_q4_fp16_o200"": 0.0, ""eos_dense"": 0.0, ""hybrid_minmax_blend_a050"": 0.0, ""mxbai"": 0.0, ""qwen3"": 0.0}"	"{""bm25"": 1.0, ""eos_compact_q4_fp16_o200"": 0.0, ""eos_dense"": 0.0, ""hybrid_minmax_blend_a050"": 1.0, ""mxbai"": 1.0, ""qwen3"": 1.0}"	"{""bm25"": ""43587663"", ""eos_compact_q4_fp16_o200"": ""1791714"", ""eos_dense"": ""1791714"", ""hybrid_minmax_blend_a050"": ""43587663"", ""mxbai"": ""24879055"", ""qwen3"": ""27243019""}"
scifact	1319	1	True	True	False	False	"{""bm25"": 7, ""eos_compact_q4_fp16_o200"": 69, ""eos_dense"": 69, ""hybrid_minmax_blend_a050"": 13, ""mxbai"": 1, ""qwen3"": 2}"	"{""bm25"": 0.3333333333333333, ""eos_compact_q4_fp16_o200"": 0.0, ""eos_dense"": 0.0, ""hybrid_minmax_blend_a050"": 0.0, ""mxbai"": 1.0, ""qwen3"": 0.6309297535714574}"	"{""bm25"": 1.0, ""eos_compact_q4_fp16_o200"": 1.0, ""eos_dense"": 1.0, ""hybrid_minmax_blend_a050"": 1.0, ""mxbai"": 1.0, ""qwen3"": 1.0}"	"{""bm25"": ""14192687"", ""eos_compact_q4_fp16_o200"": ""6219790"", ""eos_dense"": ""6219790"", ""hybrid_minmax_blend_a050"": ""6219790"", ""mxbai"": ""16284655"", ""qwen3"": ""2437807""}"
scifact	1320	1	False	True	False	False	"{""bm25"": 1, ""eos_compact_q4_fp16_o200"": 1, ""eos_dense"": 1, ""hybrid_minmax_blend_a050"": 1, ""mxbai"": 1, ""qwen3"": 2}"	"{""bm25"": 1.0, ""eos_compact_q4_fp16_o200"": 1.0, ""eos_dense"": 1.0, ""hybrid_minmax_blend_a050"": 1.0, ""mxbai"": 1.0, ""qwen3"": 0.6309297535714574}"	"{""bm25"": 1.0, ""eos_compact_q4_fp16_o200"": 1.0, ""eos_dense"": 1.0, ""hybrid_minmax_blend_a050"": 1.0, ""mxbai"": 1.0, ""qwen3"": 1.0}"	"{""bm25"": ""16284655"", ""eos_compact_q4_fp16_o200"": ""16284655"", ""eos_dense"": ""16284655"", ""hybrid_minmax_blend_a050"": ""16284655"", ""mxbai"": ""16284655"", ""qwen3"": ""2437807""}"
scifact	1332	1	True	False	False	False	"{""bm25"": 0, ""eos_compact_q4_fp16_o200"": 42, ""eos_dense"": 42, ""hybrid_minmax_blend_a050"": 80, ""mxbai"": 85, ""qwen3"": 0}"	"{""bm25"": 0.0, ""eos_compact_q4_fp16_o200"": 0.0, ""eos_dense"": 0.0, ""hybrid_minmax_blend_a050"": 0.0, ""mxbai"": 0.0, ""qwen3"": 0.0}"	"{""bm25"": 0.0, ""eos_compact_q4_fp16_o200"": 1.0, ""eos_dense"": 1.0, ""hybrid_minmax_blend_a050"": 1.0, ""mxbai"": 1.0, ""qwen3"": 0.0}"	"{""bm25"": ""16488405"", ""eos_compact_q4_fp16_o200"": ""24998637"", ""eos_dense"": ""24998637"", ""hybrid_minmax_blend_a050"": ""24998637"", ""mxbai"": ""20722510"", ""qwen3"": ""12705056""}"
scifact	1335	1	True	True	False	False	"{""bm25"": 1, ""eos_compact_q4_fp16_o200"": 46, ""eos_dense"": 46, ""hybrid_minmax_blend_a050"": 1, ""mxbai"": 1, ""qwen3"": 2}"	"{""bm25"": 1.0, ""eos_compact_q4_fp16_o200"": 0.0, ""eos_dense"": 0.0, ""hybrid_minmax_blend_a050"": 1.0, ""mxbai"": 1.0, ""qwen3"": 0.6309297535714574}"	"{""bm25"": 1.0, ""eos_compact_q4_fp16_o200"": 1.0, ""eos_dense"": 1.0, ""hybrid_minmax_blend_a050"": 1.0, ""mxbai"": 1.0, ""qwen3"": 1.0}"	"{""bm25"": ""27910499"", ""eos_compact_q4_fp16_o200"": ""25817686"", ""eos_dense"": ""25817686"", ""hybrid_minmax_blend_a050"": ""27910499"", ""mxbai"": ""27910499"", ""qwen3"": ""27243019""}"
scifact	1336	1	False	True	False	False	"{""bm25"": 1, ""eos_compact_q4_fp16_o200"": 9, ""eos_dense"": 9, ""hybrid_minmax_blend_a050"": 1, ""mxbai"": 1, ""qwen3"": 3}"	"{""bm25"": 1.0, ""eos_compact_q4_fp16_o200"": 0.3010299956639812, ""eos_dense"": 0.3010299956639812, ""hybrid_minmax_blend_a050"": 1.0, ""mxbai"": 1.0, ""qwen3"": 0.5}"	"{""bm25"": 1.0, ""eos_compact_q4_fp16_o200"": 1.0, ""eos_dense"": 1.0, ""hybrid_minmax_blend_a050"": 1.0, ""mxbai"": 1.0, ""qwen3"": 1.0}"	"{""bm25"": ""27910499"", ""eos_compact_q4_fp16_o200"": ""19511011"", ""eos_dense"": ""19511011"", ""hybrid_minmax_blend_a050"": ""27910499"", ""mxbai"": ""27910499"", ""qwen3"": ""27243019""}"
scifact	1337	1	False	True	True	True	"{""bm25"": 1, ""eos_compact_q4_fp16_o200"": 5, ""eos_dense"": 5, ""hybrid_minmax_blend_a050"": 1, ""mxbai"": 1, ""qwen3"": 1}"	"{""bm25"": 1.0, ""eos_compact_q4_fp16_o200"": 0.38685280723454163, ""eos_dense"": 0.38685280723454163, ""hybrid_minmax_blend_a050"": 1.0, ""mxbai"": 1.0, ""qwen3"": 1.0}"	"{""bm25"": 1.0, ""eos_compact_q4_fp16_o200"": 1.0, ""eos_dense"": 1.0, ""hybrid_minmax_blend_a050"": 1.0, ""mxbai"": 1.0, ""qwen3"": 1.0}"	"{""bm25"": ""20231138"", ""eos_compact_q4_fp16_o200"": ""44420873"", ""eos_dense"": ""44420873"", ""hybrid_minmax_blend_a050"": ""20231138"", ""mxbai"": ""20231138"", ""qwen3"": ""20231138""}"
scifact	1339	1	False	True	True	True	"{""bm25"": 1, ""eos_compact_q4_fp16_o200"": 1, ""eos_dense"": 1, ""hybrid_minmax_blend_a050"": 1, ""mxbai"": 1, ""qwen3"": 1}"	"{""bm25"": 1.0, ""eos_compact_q4_fp16_o200"": 1.0, ""eos_dense"": 1.0, ""hybrid_minmax_blend_a050"": 1.0, ""mxbai"": 1.0, ""qwen3"": 1.0}"	"{""bm25"": 1.0, ""eos_compact_q4_fp16_o200"": 1.0, ""eos_dense"": 1.0, ""hybrid_minmax_blend_a050"": 1.0, ""mxbai"": 1.0, ""qwen3"": 1.0}"	"{""bm25"": ""15482274"", ""eos_compact_q4_fp16_o200"": ""15482274"", ""eos_dense"": ""15482274"", ""hybrid_minmax_blend_a050"": ""15482274"", ""mxbai"": ""15482274"", ""qwen3"": ""15482274""}"
scifact	1344	1	False	True	False	True	"{""bm25"": 2, ""eos_compact_q4_fp16_o200"": 2, ""eos_dense"": 2, ""hybrid_minmax_blend_a050"": 2, ""mxbai"": 2, ""qwen3"": 2}"	"{""bm25"": 0.6309297535714574, ""eos_compact_q4_fp16_o200"": 0.6309297535714574, ""eos_dense"": 0.6309297535714574, ""hybrid_minmax_blend_a050"": 0.6309297535714574, ""mxbai"": 0.6309297535714574, ""qwen3"": 0.6309297535714574}"	"{""bm25"": 1.0, ""eos_compact_q4_fp16_o200"": 1.0, ""eos_dense"": 1.0, ""hybrid_minmax_blend_a050"": 1.0, ""mxbai"": 1.0, ""qwen3"": 1.0}"	"{""bm25"": ""15521377"", ""eos_compact_q4_fp16_o200"": ""6896063"", ""eos_dense"": ""6896063"", ""hybrid_minmax_blend_a050"": ""6896063"", ""mxbai"": ""6896063"", ""qwen3"": ""6896063""}"
scifact	1352	1	False	True	True	True	"{""bm25"": 1, ""eos_compact_q4_fp16_o200"": 2, ""eos_dense"": 2, ""hybrid_minmax_blend_a050"": 1, ""mxbai"": 1, ""qwen3"": 1}"	"{""bm25"": 1.0, ""eos_compact_q4_fp16_o200"": 0.6309297535714574, ""eos_dense"": 0.6309297535714574, ""hybrid_minmax_blend_a050"": 1.0, ""mxbai"": 1.0, ""qwen3"": 1.0}"	"{""bm25"": 1.0, ""eos_compact_q4_fp16_o200"": 1.0, ""eos_dense"": 1.0, ""hybrid_minmax_blend_a050"": 1.0, ""mxbai"": 1.0, ""qwen3"": 1.0}"	"{""bm25"": ""12885341"", ""eos_compact_q4_fp16_o200"": ""81498132"", ""eos_dense"": ""81498132"", ""hybrid_minmax_blend_a050"": ""12885341"", ""mxbai"": ""12885341"", ""qwen3"": ""12885341""}"
scifact	1359	1	False	True	True	True	"{""bm25"": 2, ""eos_compact_q4_fp16_o200"": 2, ""eos_dense"": 2, ""hybrid_minmax_blend_a050"": 1, ""mxbai"": 1, ""qwen3"": 1}"	"{""bm25"": 0.6309297535714574, ""eos_compact_q4_fp16_o200"": 0.6309297535714574, ""eos_dense"": 0.6309297535714574, ""hybrid_minmax_blend_a050"": 1.0, ""mxbai"": 1.0, ""qwen3"": 1.0}"	"{""bm25"": 1.0, ""eos_compact_q4_fp16_o200"": 1.0, ""eos_dense"": 1.0, ""hybrid_minmax_blend_a050"": 1.0, ""mxbai"": 1.0, ""qwen3"": 1.0}"	"{""bm25"": ""5114940"", ""eos_compact_q4_fp16_o200"": ""24019260"", ""eos_dense"": ""24019260"", ""hybrid_minmax_blend_a050"": ""11614737"", ""mxbai"": ""11614737"", ""qwen3"": ""11614737""}"
scifact	1362	1	False	False	False	False	"{""bm25"": 3, ""eos_compact_q4_fp16_o200"": 1, ""eos_dense"": 1, ""hybrid_minmax_blend_a050"": 1, ""mxbai"": 87, ""qwen3"": 0}"	"{""bm25"": 0.5, ""eos_compact_q4_fp16_o200"": 1.0, ""eos_dense"": 1.0, ""hybrid_minmax_blend_a050"": 1.0, ""mxbai"": 0.0, ""qwen3"": 0.0}"	"{""bm25"": 1.0, ""eos_compact_q4_fp16_o200"": 1.0, ""eos_dense"": 1.0, ""hybrid_minmax_blend_a050"": 1.0, ""mxbai"": 1.0, ""qwen3"": 0.0}"	"{""bm25"": ""23513718"", ""eos_compact_q4_fp16_o200"": ""8290953"", ""eos_dense"": ""8290953"", ""hybrid_minmax_blend_a050"": ""8290953"", ""mxbai"": ""5254741"", ""qwen3"": ""25175997""}"
scifact	1363	1	True	False	False	False	"{""bm25"": 1, ""eos_compact_q4_fp16_o200"": 18, ""eos_dense"": 18, ""hybrid_minmax_blend_a050"": 1, ""mxbai"": 97, ""qwen3"": 0}"	"{""bm25"": 1.0, ""eos_compact_q4_fp16_o200"": 0.0, ""eos_dense"": 0.0, ""hybrid_minmax_blend_a050"": 1.0, ""mxbai"": 0.0, ""qwen3"": 0.0}"	"{""bm25"": 1.0, ""eos_compact_q4_fp16_o200"": 1.0, ""eos_dense"": 1.0, ""hybrid_minmax_blend_a050"": 1.0, ""mxbai"": 1.0, ""qwen3"": 0.0}"	"{""bm25"": ""8290953"", ""eos_compact_q4_fp16_o200"": ""43629704"", ""eos_dense"": ""43629704"", ""hybrid_minmax_blend_a050"": ""8290953"", ""mxbai"": ""7711685"", ""qwen3"": ""22867765""}"
scifact	1368	1	True	True	True	True	"{""bm25"": 12, ""eos_compact_q4_fp16_o200"": 53, ""eos_dense"": 53, ""hybrid_minmax_blend_a050"": 21, ""mxbai"": 1, ""qwen3"": 1}"	"{""bm25"": 0.0, ""eos_compact_q4_fp16_o200"": 0.0, ""eos_dense"": 0.0, ""hybrid_minmax_blend_a050"": 0.0, ""mxbai"": 1.0, ""qwen3"": 1.0}"	"{""bm25"": 1.0, ""eos_compact_q4_fp16_o200"": 1.0, ""eos_dense"": 1.0, ""hybrid_minmax_blend_a050"": 1.0, ""mxbai"": 1.0, ""qwen3"": 1.0}"	"{""bm25"": ""13312471"", ""eos_compact_q4_fp16_o200"": ""22843838"", ""eos_dense"": ""22843838"", ""hybrid_minmax_blend_a050"": ""23267371"", ""mxbai"": ""2425364"", ""qwen3"": ""2425364""}"
scifact	1370	1	False	True	True	True	"{""bm25"": 1, ""eos_compact_q4_fp16_o200"": 3, ""eos_dense"": 3, ""hybrid_minmax_blend_a050"": 2, ""mxbai"": 1, ""qwen3"": 1}"	"{""bm25"": 1.0, ""eos_compact_q4_fp16_o200"": 0.5, ""eos_dense"": 0.5, ""hybrid_minmax_blend_a050"": 0.6309297535714574, ""mxbai"": 1.0, ""qwen3"": 1.0}"	"{""bm25"": 1.0, ""eos_compact_q4_fp16_o200"": 1.0, ""eos_dense"": 1.0, ""hybrid_minmax_blend_a050"": 1.0, ""mxbai"": 1.0, ""qwen3"": 1.0}"	"{""bm25"": ""2425364"", ""eos_compact_q4_fp16_o200"": ""26611834"", ""eos_dense"": ""26611834"", ""hybrid_minmax_blend_a050"": ""23267371"", ""mxbai"": ""2425364"", ""qwen3"": ""2425364""}"
scifact	1379	4	False	True	True	True	"{""bm25"": 2, ""eos_compact_q4_fp16_o200"": 1, ""eos_dense"": 1, ""hybrid_minmax_blend_a050"": 1, ""mxbai"": 1, ""qwen3"": 1}"	"{""bm25"": 0.3973220069685352, ""eos_compact_q4_fp16_o200"": 0.9558295932317544, ""eos_dense"": 0.9558295932317544, ""hybrid_minmax_blend_a050"": 0.8756458727267336, ""mxbai"": 0.9709286432396583, ""qwen3"": 0.9047172294870753}"	"{""bm25"": 1.0, ""eos_compact_q4_fp16_o200"": 1.0, ""eos_dense"": 1.0, ""hybrid_minmax_blend_a050"": 1.0, ""mxbai"": 1.0, ""qwen3"": 1.0}"	"{""bm25"": ""37480103"", ""eos_compact_q4_fp16_o200"": ""17450673"", ""eos_dense"": ""17450673"", ""hybrid_minmax_blend_a050"": ""17450673"", ""mxbai"": ""27123743"", ""qwen3"": ""27123743""}"
scifact	1382	1	False	True	False	False	"{""bm25"": 16, ""eos_compact_q4_fp16_o200"": 1, ""eos_dense"": 1, ""hybrid_minmax_blend_a050"": 2, ""mxbai"": 1, ""qwen3"": 2}"	"{""bm25"": 0.0, ""eos_compact_q4_fp16_o200"": 1.0, ""eos_dense"": 1.0, ""hybrid_minmax_blend_a050"": 0.6309297535714574, ""mxbai"": 1.0, ""qwen3"": 0.6309297535714574}"	"{""bm25"": 1.0, ""eos_compact_q4_fp16_o200"": 1.0, ""eos_dense"": 1.0, ""hybrid_minmax_blend_a050"": 1.0, ""mxbai"": 1.0, ""qwen3"": 1.0}"	"{""bm25"": ""3831884"", ""eos_compact_q4_fp16_o200"": ""17755060"", ""eos_dense"": ""17755060"", ""hybrid_minmax_blend_a050"": ""22914228"", ""mxbai"": ""17755060"", ""qwen3"": ""3831884""}"
scifact	1385	1	False	True	False	False	"{""bm25"": 1, ""eos_compact_q4_fp16_o200"": 1, ""eos_dense"": 1, ""hybrid_minmax_blend_a050"": 1, ""mxbai"": 2, ""qwen3"": 1}"	"{""bm25"": 1.0, ""eos_compact_q4_fp16_o200"": 1.0, ""eos_dense"": 1.0, ""hybrid_minmax_blend_a050"": 1.0, ""mxbai"": 0.6309297535714574, ""qwen3"": 1.0}"	"{""bm25"": 1.0, ""eos_compact_q4_fp16_o200"": 1.0, ""eos_dense"": 1.0, ""hybrid_minmax_blend_a050"": 1.0, ""mxbai"": 1.0, ""qwen3"": 1.0}"	"{""bm25"": ""306006"", ""eos_compact_q4_fp16_o200"": ""306006"", ""eos_dense"": ""306006"", ""hybrid_minmax_blend_a050"": ""306006"", ""mxbai"": ""9283422"", ""qwen3"": ""306006""}"
scifact	1389	1	True	True	True	True	"{""bm25"": 1, ""eos_compact_q4_fp16_o200"": 31, ""eos_dense"": 31, ""hybrid_minmax_blend_a050"": 1, ""mxbai"": 1, ""qwen3"": 1}"	"{""bm25"": 1.0, ""eos_compact_q4_fp16_o200"": 0.0, ""eos_dense"": 0.0, ""hybrid_minmax_blend_a050"": 1.0, ""mxbai"": 1.0, ""qwen3"": 1.0}"	"{""bm25"": 1.0, ""eos_compact_q4_fp16_o200"": 1.0, ""eos_dense"": 1.0, ""hybrid_minmax_blend_a050"": 1.0, ""mxbai"": 1.0, ""qwen3"": 1.0}"	"{""bm25"": ""23895668"", ""eos_compact_q4_fp16_o200"": ""43890638"", ""eos_dense"": ""43890638"", ""hybrid_minmax_blend_a050"": ""23895668"", ""mxbai"": ""23895668"", ""qwen3"": ""23895668""}"
scifact	1395	1	False	True	False	False	"{""bm25"": 26, ""eos_compact_q4_fp16_o200"": 2, ""eos_dense"": 2, ""hybrid_minmax_blend_a050"": 1, ""mxbai"": 2, ""qwen3"": 3}"	"{""bm25"": 0.0, ""eos_compact_q4_fp16_o200"": 0.6309297535714574, ""eos_dense"": 0.6309297535714574, ""hybrid_minmax_blend_a050"": 1.0, ""mxbai"": 0.6309297535714574, ""qwen3"": 0.5}"	"{""bm25"": 1.0, ""eos_compact_q4_fp16_o200"": 1.0, ""eos_dense"": 1.0, ""hybrid_minmax_blend_a050"": 1.0, ""mxbai"": 1.0, ""qwen3"": 1.0}"	"{""bm25"": ""13923069"", ""eos_compact_q4_fp16_o200"": ""22980205"", ""eos_dense"": ""22980205"", ""hybrid_minmax_blend_a050"": ""17717391"", ""mxbai"": ""19343151"", ""qwen3"": ""1976183""}"
nfcorpus	PLAIN-2	24	False	True	True	False	"{""bm25"": 1, ""eos_compact_q4_fp16_o200"": 1, ""eos_dense"": 1, ""hybrid_minmax_blend_a050"": 1, ""mxbai"": 1, ""qwen3"": 1}"	"{""bm25"": 0.7766164051924399, ""eos_compact_q4_fp16_o200"": 0.5100889090496561, ""eos_dense"": 0.5100889090496561, ""hybrid_minmax_blend_a050"": 0.6606259826955342, ""mxbai"": 0.7858218750158978, ""qwen3"": 0.7170115908019739}"	"{""bm25"": 0.6666666666666666, ""eos_compact_q4_fp16_o200"": 0.5416666666666666, ""eos_dense"": 0.5416666666666666, ""hybrid_minmax_blend_a050"": 0.7916666666666666, ""mxbai"": 0.7083333333333334, ""qwen3"": 0.5}"	"{""bm25"": ""MED-2429"", ""eos_compact_q4_fp16_o200"": ""MED-10"", ""eos_dense"": ""MED-10"", ""hybrid_minmax_blend_a050"": ""MED-14"", ""mxbai"": ""MED-2429"", ""qwen3"": ""MED-2431""}"
nfcorpus	PLAIN-12	30	True	True	False	False	"{""bm25"": 19, ""eos_compact_q4_fp16_o200"": 65, ""eos_dense"": 65, ""hybrid_minmax_blend_a050"": 53, ""mxbai"": 1, ""qwen3"": 3}"	"{""bm25"": 0.0, ""eos_compact_q4_fp16_o200"": 0.0, ""eos_dense"": 0.0, ""hybrid_minmax_blend_a050"": 0.0, ""mxbai"": 0.19581353575175195, ""qwen3"": 0.0611130472053797}"	"{""bm25"": 0.1, ""eos_compact_q4_fp16_o200"": 0.06666666666666667, ""eos_dense"": 0.06666666666666667, ""hybrid_minmax_blend_a050"": 0.03333333333333333, ""mxbai"": 0.23333333333333334, ""qwen3"": 0.2}"	"{""bm25"": ""MED-4711"", ""eos_compact_q4_fp16_o200"": ""MED-1439"", ""eos_dense"": ""MED-1439"", ""hybrid_minmax_blend_a050"": ""MED-4711"", ""mxbai"": ""MED-2514"", ""qwen3"": ""MED-4711""}"
nfcorpus	PLAIN-23	90	False	True	True	True	"{""bm25"": 2, ""eos_compact_q4_fp16_o200"": 1, ""eos_dense"": 1, ""hybrid_minmax_blend_a050"": 1, ""mxbai"": 1, ""qwen3"": 1}"	"{""bm25"": 0.2919715730263743, ""eos_compact_q4_fp16_o200"": 0.363341287259572, ""eos_dense"": 0.363341287259572, ""hybrid_minmax_blend_a050"": 0.6250693954032298, ""mxbai"": 0.5265402083348525, ""qwen3"": 0.6252200577806497}"	"{""bm25"": 0.12222222222222222, ""eos_compact_q4_fp16_o200"": 0.3, ""eos_dense"": 0.3, ""hybrid_minmax_blend_a050"": 0.2, ""mxbai"": 0.15555555555555556, ""qwen3"": 0.1111111111111111}"	"{""bm25"": ""MED-4451"", ""eos_compact_q4_fp16_o200"": ""MED-2627"", ""eos_dense"": ""MED-2627"", ""hybrid_minmax_blend_a050"": ""MED-2643"", ""mxbai"": ""MED-118"", ""qwen3"": ""MED-118""}"
nfcorpus	PLAIN-33	32	True	True	True	True	"{""bm25"": 5, ""eos_compact_q4_fp16_o200"": 17, ""eos_dense"": 17, ""hybrid_minmax_blend_a050"": 22, ""mxbai"": 1, ""qwen3"": 1}"	"{""bm25"": 0.0879405409051344, ""eos_compact_q4_fp16_o200"": 0.0, ""eos_dense"": 0.0, ""hybrid_minmax_blend_a050"": 0.0, ""mxbai"": 0.5435874690918157, ""qwen3"": 0.33092125095549785}"	"{""bm25"": 0.125, ""eos_compact_q4_fp16_o200"": 0.03125, ""eos_dense"": 0.03125, ""hybrid_minmax_blend_a050"": 0.09375, ""mxbai"": 0.25, ""qwen3"": 0.21875}"	"{""bm25"": ""MED-2221"", ""eos_compact_q4_fp16_o200"": ""MED-1568"", ""eos_dense"": ""MED-1568"", ""hybrid_minmax_blend_a050"": ""MED-1674"", ""mxbai"": ""MED-2721"", ""qwen3"": ""MED-2721""}"
nfcorpus	PLAIN-44	58	False	True	False	False	"{""bm25"": 11, ""eos_compact_q4_fp16_o200"": 1, ""eos_dense"": 1, ""hybrid_minmax_blend_a050"": 4, ""mxbai"": 2, ""qwen3"": 1}"	"{""bm25"": 0.0, ""eos_compact_q4_fp16_o200"": 0.49751823470926304, ""eos_dense"": 0.49751823470926304, ""hybrid_minmax_blend_a050"": 0.184939628898703, ""mxbai"": 0.08039138809008574, ""qwen3"": 0.46100441785616064}"	"{""bm25"": 0.1896551724137931, ""eos_compact_q4_fp16_o200"": 0.1724137931034483, ""eos_dense"": 0.1724137931034483, ""hybrid_minmax_blend_a050"": 0.20689655172413793, ""mxbai"": 0.1896551724137931, ""qwen3"": 0.27586206896551724}"	"{""bm25"": ""MED-2782"", ""eos_compact_q4_fp16_o200"": ""MED-2810"", ""eos_dense"": ""MED-2810"", ""hybrid_minmax_blend_a050"": ""MED-2782"", ""mxbai"": ""MED-2824"", ""qwen3"": ""MED-2810""}"
nfcorpus	PLAIN-56	50	False	True	True	False	"{""bm25"": 1, ""eos_compact_q4_fp16_o200"": 1, ""eos_dense"": 1, ""hybrid_minmax_blend_a050"": 1, ""mxbai"": 1, ""qwen3"": 1}"	"{""bm25"": 0.7073542893033559, ""eos_compact_q4_fp16_o200"": 0.8592573277953695, ""eos_dense"": 0.8592573277953695, ""hybrid_minmax_blend_a050"": 0.8141534850686561, ""mxbai"": 0.8530894559962796, ""qwen3"": 0.8705175044125971}"	"{""bm25"": 0.12, ""eos_compact_q4_fp16_o200"": 0.68, ""eos_dense"": 0.68, ""hybrid_minmax_blend_a050"": 0.52, ""mxbai"": 0.34, ""qwen3"": 0.4}"	"{""bm25"": ""MED-2901"", ""eos_compact_q4_fp16_o200"": ""MED-4384"", ""eos_dense"": ""MED-4384"", ""hybrid_minmax_blend_a050"": ""MED-2900"", ""mxbai"": ""MED-4384"", ""qwen3"": ""MED-2900""}"
nfcorpus	PLAIN-68	55	False	True	True	True	"{""bm25"": 1, ""eos_compact_q4_fp16_o200"": 1, ""eos_dense"": 1, ""hybrid_minmax_blend_a050"": 1, ""mxbai"": 1, ""qwen3"": 1}"	"{""bm25"": 0.3607790370815594, ""eos_compact_q4_fp16_o200"": 0.3607790370815594, ""eos_dense"": 0.3607790370815594, ""hybrid_minmax_blend_a050"": 0.3607790370815594, ""mxbai"": 0.7196101251758824, ""qwen3"": 0.5443763432045554}"	"{""bm25"": 0.21818181818181817, ""eos_compact_q4_fp16_o200"": 0.09090909090909091, ""eos_dense"": 0.09090909090909091, ""hybrid_minmax_blend_a050"": 0.16363636363636364, ""mxbai"": 0.2727272727272727, ""qwen3"": 0.18181818181818182}"	"{""bm25"": ""MED-2991"", ""eos_compact_q4_fp16_o200"": ""MED-2991"", ""eos_dense"": ""MED-2991"", ""hybrid_minmax_blend_a050"": ""MED-2991"", ""mxbai"": ""MED-2991"", ""qwen3"": ""MED-2991""}"
nfcorpus	PLAIN-78	62	True	True	False	False	"{""bm25"": 2, ""eos_compact_q4_fp16_o200"": 66, ""eos_dense"": 66, ""hybrid_minmax_blend_a050"": 3, ""mxbai"": 7, ""qwen3"": 6}"	"{""bm25"": 0.08039138809008574, ""eos_compact_q4_fp16_o200"": 0.0, ""eos_dense"": 0.0, ""hybrid_minmax_blend_a050"": 0.06370866775185363, ""mxbai"": 0.04247244516790242, ""qwen3"": 0.08221884062584187}"	"{""bm25"": 0.08064516129032258, ""eos_compact_q4_fp16_o200"": 0.03225806451612903, ""eos_dense"": 0.03225806451612903, ""hybrid_minmax_blend_a050"": 0.04838709677419355, ""mxbai"": 0.08064516129032258, ""qwen3"": 0.06451612903225806}"	"{""bm25"": ""MED-1540"", ""eos_compact_q4_fp16_o200"": ""MED-5133"", ""eos_dense"": ""MED-5133"", ""hybrid_minmax_blend_a050"": ""MED-5133"", ""mxbai"": ""MED-3585"", ""qwen3"": ""MED-5063""}"
nfcorpus	PLAIN-91	64	False	True	True	False	"{""bm25"": 1, ""eos_compact_q4_fp16_o200"": 2, ""eos_dense"": 2, ""hybrid_minmax_blend_a050"": 1, ""mxbai"": 1, ""qwen3"": 1}"	"{""bm25"": 0.17653239837139895, ""eos_compact_q4_fp16_o200"": 0.3255243873208394, ""eos_dense"": 0.3255243873208394, ""hybrid_minmax_blend_a050"": 0.3765661838324222, ""mxbai"": 0.6323930811778343, ""qwen3"": 0.5389403338193631}"	"{""bm25"": 0.15625, ""eos_compact_q4_fp16_o200"": 0.265625, ""eos_dense"": 0.265625, ""hybrid_minmax_blend_a050"": 0.25, ""mxbai"": 0.421875, ""qwen3"": 0.296875}"	"{""bm25"": ""MED-3171"", ""eos_compact_q4_fp16_o200"": ""MED-4704"", ""eos_dense"": ""MED-4704"", ""hybrid_minmax_blend_a050"": ""MED-3171"", ""mxbai"": ""MED-3169"", ""qwen3"": ""MED-3175""}"
nfcorpus	PLAIN-102	24	True	True	False	False	"{""bm25"": 6, ""eos_compact_q4_fp16_o200"": 29, ""eos_dense"": 29, ""hybrid_minmax_blend_a050"": 3, ""mxbai"": 1, ""qwen3"": 2}"	"{""bm25"": 0.11538029521800255, ""eos_compact_q4_fp16_o200"": 0.0, ""eos_dense"": 0.0, ""hybrid_minmax_blend_a050"": 0.16195671984435944, ""mxbai"": 0.16195671984435944, ""qwen3"": 0.10218331334064328}"	"{""bm25"": 0.041666666666666664, ""eos_compact_q4_fp16_o200"": 0.041666666666666664, ""eos_dense"": 0.041666666666666664, ""hybrid_minmax_blend_a050"": 0.041666666666666664, ""mxbai"": 0.16666666666666666, ""qwen3"": 0.16666666666666666}"	"{""bm25"": ""MED-1999"", ""eos_compact_q4_fp16_o200"": ""MED-1209"", ""eos_dense"": ""MED-1209"", ""hybrid_minmax_blend_a050"": ""MED-3954"", ""mxbai"": ""MED-3255"", ""qwen3"": ""MED-1548""}"
nfcorpus	PLAIN-112	56	False	True	True	True	"{""bm25"": 1, ""eos_compact_q4_fp16_o200"": 5, ""eos_dense"": 5, ""hybrid_minmax_blend_a050"": 1, ""mxbai"": 1, ""qwen3"": 1}"	"{""bm25"": 0.4222280166138917, ""eos_compact_q4_fp16_o200"": 0.10889339568010446, ""eos_dense"": 0.10889339568010446, ""hybrid_minmax_blend_a050"": 0.3702840839003171, ""mxbai"": 0.7051299966120247, ""qwen3"": 0.6884811065458706}"	"{""bm25"": 0.08928571428571429, ""eos_compact_q4_fp16_o200"": 0.10714285714285714, ""eos_dense"": 0.10714285714285714, ""hybrid_minmax_blend_a050"": 0.08928571428571429, ""mxbai"": 0.16071428571428573, ""qwen3"": 0.125}"	"{""bm25"": ""MED-3380"", ""eos_compact_q4_fp16_o200"": ""MED-1728"", ""eos_dense"": ""MED-1728"", ""hybrid_minmax_blend_a050"": ""MED-3380"", ""mxbai"": ""MED-3380"", ""qwen3"": ""MED-3380""}"
nfcorpus	PLAIN-123	51	True	True	False	False	"{""bm25"": 8, ""eos_compact_q4_fp16_o200"": 95, ""eos_dense"": 95, ""hybrid_minmax_blend_a050"": 36, ""mxbai"": 5, ""qwen3"": 4}"	"{""bm25"": 0.04019569404504287, ""eos_compact_q4_fp16_o200"": 0.0, ""eos_dense"": 0.0, ""hybrid_minmax_blend_a050"": 0.0, ""mxbai"": 0.14006569526710394, ""qwen3"": 0.05487565949361939}"	"{""bm25"": 0.11764705882352941, ""eos_compact_q4_fp16_o200"": 0.0196078431372549, ""eos_dense"": 0.0196078431372549, ""hybrid_minmax_blend_a050"": 0.0784313725490196, ""mxbai"": 0.1568627450980392, ""qwen3"": 0.09803921568627451}"	"{""bm25"": ""MED-4256"", ""eos_compact_q4_fp16_o200"": ""MED-4392"", ""eos_dense"": ""MED-4392"", ""hybrid_minmax_blend_a050"": ""MED-4392"", ""mxbai"": ""MED-2707"", ""qwen3"": ""MED-4392""}"
nfcorpus	PLAIN-133	36	True	True	False	False	"{""bm25"": 20, ""eos_compact_q4_fp16_o200"": 16, ""eos_dense"": 16, ""hybrid_minmax_blend_a050"": 12, ""mxbai"": 2, ""qwen3"": 2}"	"{""bm25"": 0.0, ""eos_compact_q4_fp16_o200"": 0.0, ""eos_dense"": 0.0, ""hybrid_minmax_blend_a050"": 0.0, ""mxbai"": 0.25264076317831785, ""qwen3"": 0.1684271754522119}"	"{""bm25"": 0.027777777777777776, ""eos_compact_q4_fp16_o200"": 0.1388888888888889, ""eos_dense"": 0.1388888888888889, ""hybrid_minmax_blend_a050"": 0.1111111111111111, ""mxbai"": 0.1111111111111111, ""qwen3"": 0.16666666666666666}"	"{""bm25"": ""MED-1666"", ""eos_compact_q4_fp16_o200"": ""MED-2751"", ""eos_dense"": ""MED-2751"", ""hybrid_minmax_blend_a050"": ""MED-2751"", ""mxbai"": ""MED-4116"", ""qwen3"": ""MED-4527""}"
nfcorpus	PLAIN-143	51	False	True	True	False	"{""bm25"": 1, ""eos_compact_q4_fp16_o200"": 1, ""eos_dense"": 1, ""hybrid_minmax_blend_a050"": 1, ""mxbai"": 1, ""qwen3"": 1}"	"{""bm25"": 0.3239134396887189, ""eos_compact_q4_fp16_o200"": 0.3816035872977202, ""eos_dense"": 0.3816035872977202, ""hybrid_minmax_blend_a050"": 0.37500509635904056, ""mxbai"": 0.7513630296552486, ""qwen3"": 0.8063046799681578}"	"{""bm25"": 0.0784313725490196, ""eos_compact_q4_fp16_o200"": 0.19607843137254902, ""eos_dense"": 0.19607843137254902, ""hybrid_minmax_blend_a050"": 0.23529411764705882, ""mxbai"": 0.3333333333333333, ""qwen3"": 0.35294117647058826}"	"{""bm25"": ""MED-3621"", ""eos_compact_q4_fp16_o200"": ""MED-3621"", ""eos_dense"": ""MED-3621"", ""hybrid_minmax_blend_a050"": ""MED-3621"", ""mxbai"": ""MED-3619"", ""qwen3"": ""MED-3618""}"
nfcorpus	PLAIN-153	47	False	True	True	True	"{""bm25"": 1, ""eos_compact_q4_fp16_o200"": 2, ""eos_dense"": 2, ""hybrid_minmax_blend_a050"": 1, ""mxbai"": 1, ""qwen3"": 1}"	"{""bm25"": 0.5095491310544128, ""eos_compact_q4_fp16_o200"": 0.45792852318176186, ""eos_dense"": 0.45792852318176186, ""hybrid_minmax_blend_a050"": 0.6255206366718215, ""mxbai"": 0.943093442760096, ""qwen3"": 0.9456973440158414}"	"{""bm25"": 0.2553191489361702, ""eos_compact_q4_fp16_o200"": 0.46808510638297873, ""eos_dense"": 0.46808510638297873, ""hybrid_minmax_blend_a050"": 0.3617021276595745, ""mxbai"": 0.46808510638297873, ""qwen3"": 0.425531914893617}"	"{""bm25"": ""MED-3677"", ""eos_compact_q4_fp16_o200"": ""MED-4763"", ""eos_dense"": ""MED-4763"", ""hybrid_minmax_blend_a050"": ""MED-3677"", ""mxbai"": ""MED-3679"", ""qwen3"": ""MED-3679""}"
nfcorpus	PLAIN-165	36	False	True	True	False	"{""bm25"": 3, ""eos_compact_q4_fp16_o200"": 2, ""eos_dense"": 2, ""hybrid_minmax_blend_a050"": 2, ""mxbai"": 1, ""qwen3"": 1}"	"{""bm25"": 0.2941417849290726, ""eos_compact_q4_fp16_o200"": 0.2323660001780183, ""eos_dense"": 0.2323660001780183, ""hybrid_minmax_blend_a050"": 0.4668468519073775, ""mxbai"": 0.6411800795403484, ""qwen3"": 0.673025948656132}"	"{""bm25"": 0.3055555555555556, ""eos_compact_q4_fp16_o200"": 0.3055555555555556, ""eos_dense"": 0.3055555555555556, ""hybrid_minmax_blend_a050"": 0.3333333333333333, ""mxbai"": 0.3888888888888889, ""qwen3"": 0.3333333333333333}"	"{""bm25"": ""MED-5087"", ""eos_compact_q4_fp16_o200"": ""MED-4445"", ""eos_dense"": ""MED-4445"", ""hybrid_minmax_blend_a050"": ""MED-4445"", ""mxbai"": ""MED-3696"", ""qwen3"": ""MED-3766""}"
nfcorpus	PLAIN-175	37	False	True	True	True	"{""bm25"": 1, ""eos_compact_q4_fp16_o200"": 4, ""eos_dense"": 4, ""hybrid_minmax_blend_a050"": 1, ""mxbai"": 1, ""qwen3"": 1}"	"{""bm25"": 0.3686402433478159, ""eos_compact_q4_fp16_o200"": 0.05748471664172886, ""eos_dense"": 0.05748471664172886, ""hybrid_minmax_blend_a050"": 0.36307787496679805, ""mxbai"": 0.37715019247232284, ""qwen3"": 0.4086490615619735}"	"{""bm25"": 0.10810810810810811, ""eos_compact_q4_fp16_o200"": 0.2702702702702703, ""eos_dense"": 0.2702702702702703, ""hybrid_minmax_blend_a050"": 0.2972972972972973, ""mxbai"": 0.16216216216216217, ""qwen3"": 0.1891891891891892}"	"{""bm25"": ""MED-3818"", ""eos_compact_q4_fp16_o200"": ""MED-4347"", ""eos_dense"": ""MED-4347"", ""hybrid_minmax_blend_a050"": ""MED-3818"", ""mxbai"": ""MED-3818"", ""qwen3"": ""MED-3818""}"
nfcorpus	PLAIN-186	24	False	True	True	True	"{""bm25"": 4, ""eos_compact_q4_fp16_o200"": 2, ""eos_dense"": 2, ""hybrid_minmax_blend_a050"": 1, ""mxbai"": 1, ""qwen3"": 1}"	"{""bm25"": 0.09478836436955079, ""eos_compact_q4_fp16_o200"": 0.13886244387355454, ""eos_dense"": 0.13886244387355454, ""hybrid_minmax_blend_a050"": 0.2200917662980802, ""mxbai"": 0.2200917662980802, ""qwen3"": 0.2200917662980802}"	"{""bm25"": 0.041666666666666664, ""eos_compact_q4_fp16_o200"": 0.08333333333333333, ""eos_dense"": 0.08333333333333333, ""hybrid_minmax_blend_a050"": 0.08333333333333333, ""mxbai"": 0.125, ""qwen3"": 0.125}"	"{""bm25"": ""MED-2054"", ""eos_compact_q4_fp16_o200"": ""MED-1016"", ""eos_dense"": ""MED-1016"", ""hybrid_minmax_blend_a050"": ""MED-3904"", ""mxbai"": ""MED-3904"", ""qwen3"": ""MED-3904""}"
nfcorpus	PLAIN-196	69	False	True	True	True	"{""bm25"": 1, ""eos_compact_q4_fp16_o200"": 1, ""eos_dense"": 1, ""hybrid_minmax_blend_a050"": 1, ""mxbai"": 1, ""qwen3"": 1}"	"{""bm25"": 0.642186726668901, ""eos_compact_q4_fp16_o200"": 0.2200917662980802, ""eos_dense"": 0.2200917662980802, ""hybrid_minmax_blend_a050"": 0.5763233549126812, ""mxbai"": 0.5473983622993502, ""qwen3"": 0.28952298823485745}"	"{""bm25"": 0.11594202898550725, ""eos_compact_q4_fp16_o200"": 0.10144927536231885, ""eos_dense"": 0.10144927536231885, ""hybrid_minmax_blend_a050"": 0.11594202898550725, ""mxbai"": 0.13043478260869565, ""qwen3"": 0.07246376811594203}"	"{""bm25"": ""MED-3969"", ""eos_compact_q4_fp16_o200"": ""MED-3969"", ""eos_dense"": ""MED-3969"", ""hybrid_minmax_blend_a050"": ""MED-3969"", ""mxbai"": ""MED-3969"", ""qwen3"": ""MED-3969""}"
nfcorpus	PLAIN-207	55	False	True	False	False	"{""bm25"": 2, ""eos_compact_q4_fp16_o200"": 1, ""eos_dense"": 1, ""hybrid_minmax_blend_a050"": 1, ""mxbai"": 1, ""qwen3"": 2}"	"{""bm25"": 0.3471357245055707, ""eos_compact_q4_fp16_o200"": 0.9337457765456111, ""eos_dense"": 0.9337457765456111, ""hybrid_minmax_blend_a050"": 0.6363762929310756, ""mxbai"": 0.6117748521784965, ""qwen3"": 0.3858930373209064}"	"{""bm25"": 0.2545454545454545, ""eos_compact_q4_fp16_o200"": 0.4909090909090909, ""eos_dense"": 0.4909090909090909, ""hybrid_minmax_blend_a050"": 0.5454545454545454, ""mxbai"": 0.4, ""qwen3"": 0.23636363636363636}"	"{""bm25"": ""MED-3000"", ""eos_compact_q4_fp16_o200"": ""MED-5338"", ""eos_dense"": ""MED-5338"", ""hybrid_minmax_blend_a050"": ""MED-4057"", ""mxbai"": ""MED-4057"", ""qwen3"": ""MED-3000""}"
nfcorpus	PLAIN-217	36	False	True	False	False	"{""bm25"": 30, ""eos_compact_q4_fp16_o200"": 2, ""eos_dense"": 2, ""hybrid_minmax_blend_a050"": 5, ""mxbai"": 6, ""qwen3"": 2}"	"{""bm25"": 0.0, ""eos_compact_q4_fp16_o200"": 0.3858930373209064, ""eos_dense"": 0.3858930373209064, ""hybrid_minmax_blend_a050"": 0.08514311764162101, ""mxbai"": 0.1517621910780354, ""qwen3"": 0.3183395489593719}"	"{""bm25"": 0.05555555555555555, ""eos_compact_q4_fp16_o200"": 0.5833333333333334, ""eos_dense"": 0.5833333333333334, ""hybrid_minmax_blend_a050"": 0.5277777777777778, ""mxbai"": 0.3611111111111111, ""qwen3"": 0.3611111111111111}"	"{""bm25"": ""MED-1991"", ""eos_compact_q4_fp16_o200"": ""MED-2469"", ""eos_dense"": ""MED-2469"", ""hybrid_minmax_blend_a050"": ""MED-2444"", ""mxbai"": ""MED-1991"", ""qwen3"": ""MED-2441""}"
nfcorpus	PLAIN-227	40	True	False	False	False	"{""bm25"": 5, ""eos_compact_q4_fp16_o200"": 0, ""eos_dense"": 0, ""hybrid_minmax_blend_a050"": 11, ""mxbai"": 36, ""qwen3"": 11}"	"{""bm25"": 0.08514311764162101, ""eos_compact_q4_fp16_o200"": 0.0, ""eos_dense"": 0.0, ""hybrid_minmax_blend_a050"": 0.0, ""mxbai"": 0.0, ""qwen3"": 0.0}"	"{""bm25"": 0.025, ""eos_compact_q4_fp16_o200"": 0.0, ""eos_dense"": 0.0, ""hybrid_minmax_blend_a050"": 0.025, ""mxbai"": 0.075, ""qwen3"": 0.025}"	"{""bm25"": ""MED-3466"", ""eos_compact_q4_fp16_o200"": ""MED-3456"", ""eos_dense"": ""MED-3456"", ""hybrid_minmax_blend_a050"": ""MED-3534"", ""mxbai"": ""MED-4504"", ""qwen3"": ""MED-3534""}"
nfcorpus	PLAIN-238	54	True	False	False	False	"{""bm25"": 31, ""eos_compact_q4_fp16_o200"": 28, ""eos_dense"": 28, ""hybrid_minmax_blend_a050"": 37, ""mxbai"": 1, ""qwen3"": 34}"	"{""bm25"": 0.0, ""eos_compact_q4_fp16_o200"": 0.0, ""eos_dense"": 0.0, ""hybrid_minmax_blend_a050"": 0.0, ""mxbai"": 0.29849003527675555, ""qwen3"": 0.0}"	"{""bm25"": 0.037037037037037035, ""eos_compact_q4_fp16_o200"": 0.037037037037037035, ""eos_dense"": 0.037037037037037035, ""hybrid_minmax_blend_a050"": 0.05555555555555555, ""mxbai"": 0.05555555555555555, ""qwen3"": 0.05555555555555555}"	"{""bm25"": ""MED-4451"", ""eos_compact_q4_fp16_o200"": ""MED-3024"", ""eos_dense"": ""MED-3024"", ""hybrid_minmax_blend_a050"": ""MED-4966"", ""mxbai"": ""MED-4740"", ""qwen3"": ""MED-2391""}"
nfcorpus	PLAIN-248	31	False	True	False	False	"{""bm25"": 4, ""eos_compact_q4_fp16_o200"": 7, ""eos_dense"": 7, ""hybrid_minmax_blend_a050"": 6, ""mxbai"": 4, ""qwen3"": 2}"	"{""bm25"": 0.09478836436955079, ""eos_compact_q4_fp16_o200"": 0.14279514403613733, ""eos_dense"": 0.14279514403613733, ""hybrid_minmax_blend_a050"": 0.07839826897867534, ""mxbai"": 0.3316936730892072, ""qwen3"": 0.29062463495158997}"	"{""bm25"": 0.16129032258064516, ""eos_compact_q4_fp16_o200"": 0.25806451612903225, ""eos_dense"": 0.25806451612903225, ""hybrid_minmax_blend_a050"": 0.25806451612903225, ""mxbai"": 0.2903225806451613, ""qwen3"": 0.3548387096774194}"	"{""bm25"": ""MED-3874"", ""eos_compact_q4_fp16_o200"": ""MED-4886"", ""eos_dense"": ""MED-4886"", ""hybrid_minmax_blend_a050"": ""MED-3874"", ""mxbai"": ""MED-4890"", ""qwen3"": ""MED-3243""}"
nfcorpus	PLAIN-259	14	False	True	True	False	"{""bm25"": 1, ""eos_compact_q4_fp16_o200"": 1, ""eos_dense"": 1, ""hybrid_minmax_blend_a050"": 1, ""mxbai"": 1, ""qwen3"": 1}"	"{""bm25"": 0.3589542101716347, ""eos_compact_q4_fp16_o200"": 0.3589542101716347, ""eos_dense"": 0.3589542101716347, ""hybrid_minmax_blend_a050"": 0.3589542101716347, ""mxbai"": 0.4690000933206748, ""qwen3"": 0.3589542101716347}"	"{""bm25"": 0.21428571428571427, ""eos_compact_q4_fp16_o200"": 0.21428571428571427, ""eos_dense"": 0.21428571428571427, ""hybrid_minmax_blend_a050"": 0.21428571428571427, ""mxbai"": 0.21428571428571427, ""qwen3"": 0.2857142857142857}"	"{""bm25"": ""MED-4296"", ""eos_compact_q4_fp16_o200"": ""MED-4296"", ""eos_dense"": ""MED-4296"", ""hybrid_minmax_blend_a050"": ""MED-4296"", ""mxbai"": ""MED-4296"", ""qwen3"": ""MED-4295""}"
nfcorpus	PLAIN-270	52	False	True	True	True	"{""bm25"": 1, ""eos_compact_q4_fp16_o200"": 4, ""eos_dense"": 4, ""hybrid_minmax_blend_a050"": 1, ""mxbai"": 1, ""qwen3"": 1}"	"{""bm25"": 0.2200917662980802, ""eos_compact_q4_fp16_o200"": 0.24618570546556087, ""eos_dense"": 0.24618570546556087, ""hybrid_minmax_blend_a050"": 0.4249260138166711, ""mxbai"": 0.28952298823485745, ""qwen3"": 0.29345568839744024}"	"{""bm25"": 0.23076923076923078, ""eos_compact_q4_fp16_o200"": 0.1346153846153846, ""eos_dense"": 0.1346153846153846, ""hybrid_minmax_blend_a050"": 0.19230769230769232, ""mxbai"": 0.19230769230769232, ""qwen3"": 0.17307692307692307}"	"{""bm25"": ""MED-4331"", ""eos_compact_q4_fp16_o200"": ""MED-3920"", ""eos_dense"": ""MED-3920"", ""hybrid_minmax_blend_a050"": ""MED-4331"", ""mxbai"": ""MED-4331"", ""qwen3"": ""MED-4331""}"
nfcorpus	PLAIN-280	20	True	True	False	False	"{""bm25"": 1, ""eos_compact_q4_fp16_o200"": 41, ""eos_dense"": 41, ""hybrid_minmax_blend_a050"": 1, ""mxbai"": 1, ""qwen3"": 3}"	"{""bm25"": 0.4518648409659428, ""eos_compact_q4_fp16_o200"": 0.0, ""eos_dense"": 0.0, ""hybrid_minmax_blend_a050"": 0.2863459897524693, ""mxbai"": 0.510069131458292, ""qwen3"": 0.27358726976933645}"	"{""bm25"": 0.4, ""eos_compact_q4_fp16_o200"": 0.25, ""eos_dense"": 0.25, ""hybrid_minmax_blend_a050"": 0.4, ""mxbai"": 0.6, ""qwen3"": 0.5}"	"{""bm25"": ""MED-4376"", ""eos_compact_q4_fp16_o200"": ""MED-2910"", ""eos_dense"": ""MED-2910"", ""hybrid_minmax_blend_a050"": ""MED-4376"", ""mxbai"": ""MED-4376"", ""qwen3"": ""MED-2904""}"
nfcorpus	PLAIN-291	13	False	True	True	True	"{""bm25"": 2, ""eos_compact_q4_fp16_o200"": 7, ""eos_dense"": 7, ""hybrid_minmax_blend_a050"": 6, ""mxbai"": 1, ""qwen3"": 1}"	"{""bm25"": 0.2489083270225946, ""eos_compact_q4_fp16_o200"": 0.07336392209936006, ""eos_dense"": 0.07336392209936006, ""hybrid_minmax_blend_a050"": 0.1517621910780354, ""mxbai"": 0.5541432109622958, ""qwen3"": 0.5321408435198609}"	"{""bm25"": 0.23076923076923078, ""eos_compact_q4_fp16_o200"": 0.07692307692307693, ""eos_dense"": 0.07692307692307693, ""hybrid_minmax_blend_a050"": 0.23076923076923078, ""mxbai"": 0.6153846153846154, ""qwen3"": 0.46153846153846156}"	"{""bm25"": ""MED-3860"", ""eos_compact_q4_fp16_o200"": ""MED-4445"", ""eos_dense"": ""MED-4445"", ""hybrid_minmax_blend_a050"": ""MED-3696"", ""mxbai"": ""MED-4517"", ""qwen3"": ""MED-4517""}"
nfcorpus	PLAIN-307	3	False	True	True	True	"{""bm25"": 2, ""eos_compact_q4_fp16_o200"": 1, ""eos_dense"": 1, ""hybrid_minmax_blend_a050"": 1, ""mxbai"": 1, ""qwen3"": 1}"	"{""bm25"": 0.2960819109658653, ""eos_compact_q4_fp16_o200"": 0.7653606369886218, ""eos_dense"": 0.7653606369886218, ""hybrid_minmax_blend_a050"": 0.7653606369886218, ""mxbai"": 0.7653606369886218, ""qwen3"": 0.9217868789962073}"	"{""bm25"": 1.0, ""eos_compact_q4_fp16_o200"": 0.6666666666666666, ""eos_dense"": 0.6666666666666666, ""hybrid_minmax_blend_a050"": 1.0, ""mxbai"": 1.0, ""qwen3"": 1.0}"	"{""bm25"": ""MED-4872"", ""eos_compact_q4_fp16_o200"": ""MED-714"", ""eos_dense"": ""MED-714"", ""hybrid_minmax_blend_a050"": ""MED-714"", ""mxbai"": ""MED-714"", ""qwen3"": ""MED-714""}"
nfcorpus	PLAIN-320	42	False	False	False	True	"{""bm25"": 15, ""eos_compact_q4_fp16_o200"": 7, ""eos_dense"": 7, ""hybrid_minmax_blend_a050"": 18, ""mxbai"": 30, ""qwen3"": 23}"	"{""bm25"": 0.0, ""eos_compact_q4_fp16_o200"": 0.07336392209936006, ""eos_dense"": 0.07336392209936006, ""hybrid_minmax_blend_a050"": 0.0, ""mxbai"": 0.0, ""qwen3"": 0.0}"	"{""bm25"": 0.14285714285714285, ""eos_compact_q4_fp16_o200"": 0.23809523809523808, ""eos_dense"": 0.23809523809523808, ""hybrid_minmax_blend_a050"": 0.23809523809523808, ""mxbai"": 0.2857142857142857, ""qwen3"": 0.23809523809523808}"	"{""bm25"": ""MED-2424"", ""eos_compact_q4_fp16_o200"": ""MED-2437"", ""eos_dense"": ""MED-2437"", ""hybrid_minmax_blend_a050"": ""MED-2437"", ""mxbai"": ""MED-2437"", ""qwen3"": ""MED-2437""}"
nfcorpus	PLAIN-332	2	False	True	True	True	"{""bm25"": 1, ""eos_compact_q4_fp16_o200"": 4, ""eos_dense"": 4, ""hybrid_minmax_blend_a050"": 1, ""mxbai"": 1, ""qwen3"": 1}"	"{""bm25"": 0.6131471927654585, ""eos_compact_q4_fp16_o200"": 0.2640681225725909, ""eos_dense"": 0.2640681225725909, ""hybrid_minmax_blend_a050"": 0.6131471927654585, ""mxbai"": 0.6131471927654585, ""qwen3"": 0.6131471927654585}"	"{""bm25"": 0.5, ""eos_compact_q4_fp16_o200"": 0.5, ""eos_dense"": 0.5, ""hybrid_minmax_blend_a050"": 0.5, ""mxbai"": 0.5, ""qwen3"": 0.5}"	"{""bm25"": ""MED-760"", ""eos_compact_q4_fp16_o200"": ""MED-2951"", ""eos_dense"": ""MED-2951"", ""hybrid_minmax_blend_a050"": ""MED-760"", ""mxbai"": ""MED-760"", ""qwen3"": ""MED-760""}"
nfcorpus	PLAIN-344	61	False	True	False	True	"{""bm25"": 3, ""eos_compact_q4_fp16_o200"": 1, ""eos_dense"": 1, ""hybrid_minmax_blend_a050"": 1, ""mxbai"": 2, ""qwen3"": 2}"	"{""bm25"": 0.12422240594026356, ""eos_compact_q4_fp16_o200"": 0.3336884464926734, ""eos_dense"": 0.3336884464926734, ""hybrid_minmax_blend_a050"": 0.34400934791233423, ""mxbai"": 0.5255807324418655, ""qwen3"": 0.5207179154422782}"	"{""bm25"": 0.09836065573770492, ""eos_compact_q4_fp16_o200"": 0.32786885245901637, ""eos_dense"": 0.32786885245901637, ""hybrid_minmax_blend_a050"": 0.21311475409836064, ""mxbai"": 0.26229508196721313, ""qwen3"": 0.18032786885245902}"	"{""bm25"": ""MED-2495"", ""eos_compact_q4_fp16_o200"": ""MED-2394"", ""eos_dense"": ""MED-2394"", ""hybrid_minmax_blend_a050"": ""MED-2388"", ""mxbai"": ""MED-2405"", ""qwen3"": ""MED-2405""}"
nfcorpus	PLAIN-358	3	True	False	False	True	"{""bm25"": 0, ""eos_compact_q4_fp16_o200"": 0, ""eos_dense"": 0, ""hybrid_minmax_blend_a050"": 0, ""mxbai"": 13, ""qwen3"": 24}"	"{""bm25"": 0.0, ""eos_compact_q4_fp16_o200"": 0.0, ""eos_dense"": 0.0, ""hybrid_minmax_blend_a050"": 0.0, ""mxbai"": 0.0, ""qwen3"": 0.0}"	"{""bm25"": 0.0, ""eos_compact_q4_fp16_o200"": 0.0, ""eos_dense"": 0.0, ""hybrid_minmax_blend_a050"": 0.0, ""mxbai"": 0.6666666666666666, ""qwen3"": 0.3333333333333333}"	"{""bm25"": ""MED-5217"", ""eos_compact_q4_fp16_o200"": ""MED-4894"", ""eos_dense"": ""MED-4894"", ""hybrid_minmax_blend_a050"": ""MED-3788"", ""mxbai"": ""MED-3788"", ""qwen3"": ""MED-3788""}"
nfcorpus	PLAIN-371	2	True	True	False	False	"{""bm25"": 1, ""eos_compact_q4_fp16_o200"": 0, ""eos_dense"": 0, ""hybrid_minmax_blend_a050"": 2, ""mxbai"": 1, ""qwen3"": 3}"	"{""bm25"": 0.3800937667159343, ""eos_compact_q4_fp16_o200"": 0.0, ""eos_dense"": 0.0, ""hybrid_minmax_blend_a050"": 0.23981246656813146, ""mxbai"": 0.3800937667159343, ""qwen3"": 0.19004688335796716}"	"{""bm25"": 1.0, ""eos_compact_q4_fp16_o200"": 0.0, ""eos_dense"": 0.0, ""hybrid_minmax_blend_a050"": 1.0, ""mxbai"": 1.0, ""qwen3"": 0.5}"	"{""bm25"": ""MED-4618"", ""eos_compact_q4_fp16_o200"": ""MED-3379"", ""eos_dense"": ""MED-3379"", ""hybrid_minmax_blend_a050"": ""MED-3379"", ""mxbai"": ""MED-4618"", ""qwen3"": ""MED-5010""}"
nfcorpus	PLAIN-383	5	True	True	False	True	"{""bm25"": 8, ""eos_compact_q4_fp16_o200"": 25, ""eos_dense"": 25, ""hybrid_minmax_blend_a050"": 2, ""mxbai"": 4, ""qwen3"": 4}"	"{""bm25"": 0.10699313236726378, ""eos_compact_q4_fp16_o200"": 0.0, ""eos_dense"": 0.0, ""hybrid_minmax_blend_a050"": 0.21398626473452756, ""mxbai"": 0.14606834984270647, ""qwen3"": 0.14606834984270647}"	"{""bm25"": 0.2, ""eos_compact_q4_fp16_o200"": 0.2, ""eos_dense"": 0.2, ""hybrid_minmax_blend_a050"": 0.2, ""mxbai"": 0.4, ""qwen3"": 0.6}"	"{""bm25"": ""MED-2763"", ""eos_compact_q4_fp16_o200"": ""MED-4265"", ""eos_dense"": ""MED-4265"", ""hybrid_minmax_blend_a050"": ""MED-1479"", ""mxbai"": ""MED-4469"", ""qwen3"": ""MED-4469""}"
nfcorpus	PLAIN-395	3	True	False	False	True	"{""bm25"": 0, ""eos_compact_q4_fp16_o200"": 21, ""eos_dense"": 21, ""hybrid_minmax_blend_a050"": 32, ""mxbai"": 0, ""qwen3"": 16}"	"{""bm25"": 0.0, ""eos_compact_q4_fp16_o200"": 0.0, ""eos_dense"": 0.0, ""hybrid_minmax_blend_a050"": 0.0, ""mxbai"": 0.0, ""qwen3"": 0.0}"	"{""bm25"": 0.0, ""eos_compact_q4_fp16_o200"": 0.3333333333333333, ""eos_dense"": 0.3333333333333333, ""hybrid_minmax_blend_a050"": 0.3333333333333333, ""mxbai"": 0.0, ""qwen3"": 0.3333333333333333}"	"{""bm25"": ""MED-3482"", ""eos_compact_q4_fp16_o200"": ""MED-5206"", ""eos_dense"": ""MED-5206"", ""hybrid_minmax_blend_a050"": ""MED-5137"", ""mxbai"": ""MED-2783"", ""qwen3"": ""MED-2783""}"
nfcorpus	PLAIN-407	3	False	True	True	True	"{""bm25"": 1, ""eos_compact_q4_fp16_o200"": 1, ""eos_dense"": 1, ""hybrid_minmax_blend_a050"": 1, ""mxbai"": 1, ""qwen3"": 1}"	"{""bm25"": 0.638787886479598, ""eos_compact_q4_fp16_o200"": 0.7452525342261977, ""eos_dense"": 0.7452525342261977, ""hybrid_minmax_blend_a050"": 0.7525583045803862, ""mxbai"": 0.638787886479598, ""qwen3"": 0.638787886479598}"	"{""bm25"": 0.6666666666666666, ""eos_compact_q4_fp16_o200"": 1.0, ""eos_dense"": 1.0, ""hybrid_minmax_blend_a050"": 1.0, ""mxbai"": 0.3333333333333333, ""qwen3"": 0.3333333333333333}"	"{""bm25"": ""MED-906"", ""eos_compact_q4_fp16_o200"": ""MED-906"", ""eos_dense"": ""MED-906"", ""hybrid_minmax_blend_a050"": ""MED-906"", ""mxbai"": ""MED-906"", ""qwen3"": ""MED-906""}"
nfcorpus	PLAIN-418	3	False	True	True	True	"{""bm25"": 1, ""eos_compact_q4_fp16_o200"": 3, ""eos_dense"": 3, ""hybrid_minmax_blend_a050"": 1, ""mxbai"": 1, ""qwen3"": 1}"	"{""bm25"": 0.7606220037494033, ""eos_compact_q4_fp16_o200"": 0.26582598262939583, ""eos_dense"": 0.26582598262939583, ""hybrid_minmax_blend_a050"": 0.7974779478881875, ""mxbai"": 0.8670870086853021, ""qwen3"": 0.8670870086853021}"	"{""bm25"": 0.6666666666666666, ""eos_compact_q4_fp16_o200"": 0.6666666666666666, ""eos_dense"": 0.6666666666666666, ""hybrid_minmax_blend_a050"": 0.6666666666666666, ""mxbai"": 0.6666666666666666, ""qwen3"": 1.0}"	"{""bm25"": ""MED-917"", ""eos_compact_q4_fp16_o200"": ""MED-4900"", ""eos_dense"": ""MED-4900"", ""hybrid_minmax_blend_a050"": ""MED-3714"", ""mxbai"": ""MED-3714"", ""qwen3"": ""MED-3714""}"
nfcorpus	PLAIN-430	8	False	True	True	True	"{""bm25"": 1, ""eos_compact_q4_fp16_o200"": 10, ""eos_dense"": 10, ""hybrid_minmax_blend_a050"": 1, ""mxbai"": 1, ""qwen3"": 1}"	"{""bm25"": 0.569192935415262, ""eos_compact_q4_fp16_o200"": 0.08376355393230304, ""eos_dense"": 0.08376355393230304, ""hybrid_minmax_blend_a050"": 0.49846571232641496, ""mxbai"": 0.5974004989549763, ""qwen3"": 0.6174886499090686}"	"{""bm25"": 0.625, ""eos_compact_q4_fp16_o200"": 0.375, ""eos_dense"": 0.375, ""hybrid_minmax_blend_a050"": 0.5, ""mxbai"": 0.875, ""qwen3"": 0.625}"	"{""bm25"": ""MED-928"", ""eos_compact_q4_fp16_o200"": ""MED-1831"", ""eos_dense"": ""MED-1831"", ""hybrid_minmax_blend_a050"": ""MED-928"", ""mxbai"": ""MED-927"", ""qwen3"": ""MED-927""}"
nfcorpus	PLAIN-441	5	False	True	True	True	"{""bm25"": 1, ""eos_compact_q4_fp16_o200"": 1, ""eos_dense"": 1, ""hybrid_minmax_blend_a050"": 1, ""mxbai"": 1, ""qwen3"": 1}"	"{""bm25"": 0.9473431839163762, ""eos_compact_q4_fp16_o200"": 0.43673949858938654, ""eos_dense"": 0.43673949858938654, ""hybrid_minmax_blend_a050"": 0.9720511080339677, ""mxbai"": 0.76817729587645, ""qwen3"": 0.7777470773602831}"	"{""bm25"": 1.0, ""eos_compact_q4_fp16_o200"": 1.0, ""eos_dense"": 1.0, ""hybrid_minmax_blend_a050"": 1.0, ""mxbai"": 0.8, ""qwen3"": 0.8}"	"{""bm25"": ""MED-942"", ""eos_compact_q4_fp16_o200"": ""MED-942"", ""eos_dense"": ""MED-942"", ""hybrid_minmax_blend_a050"": ""MED-942"", ""mxbai"": ""MED-942"", ""qwen3"": ""MED-942""}"
nfcorpus	PLAIN-457	5	True	False	False	True	"{""bm25"": 0, ""eos_compact_q4_fp16_o200"": 0, ""eos_dense"": 0, ""hybrid_minmax_blend_a050"": 0, ""mxbai"": 0, ""qwen3"": 0}"	"{""bm25"": 0.0, ""eos_compact_q4_fp16_o200"": 0.0, ""eos_dense"": 0.0, ""hybrid_minmax_blend_a050"": 0.0, ""mxbai"": 0.0, ""qwen3"": 0.0}"	"{""bm25"": 0.0, ""eos_compact_q4_fp16_o200"": 0.0, ""eos_dense"": 0.0, ""hybrid_minmax_blend_a050"": 0.0, ""mxbai"": 0.0, ""qwen3"": 0.0}"	"{""bm25"": ""MED-2291"", ""eos_compact_q4_fp16_o200"": ""MED-1864"", ""eos_dense"": ""MED-1864"", ""hybrid_minmax_blend_a050"": ""MED-1864"", ""mxbai"": ""MED-745"", ""qwen3"": ""MED-745""}"
nfcorpus	PLAIN-468	10	False	True	False	False	"{""bm25"": 5, ""eos_compact_q4_fp16_o200"": 2, ""eos_dense"": 2, ""hybrid_minmax_blend_a050"": 3, ""mxbai"": 2, ""qwen3"": 1}"	"{""bm25"": 0.24068711866257983, ""eos_compact_q4_fp16_o200"": 0.20436662668128655, ""eos_dense"": 0.20436662668128655, ""hybrid_minmax_blend_a050"": 0.26992786640726574, ""mxbai"": 0.29799860886693574, ""qwen3"": 0.4318845862516252}"	"{""bm25"": 0.7, ""eos_compact_q4_fp16_o200"": 0.2, ""eos_dense"": 0.2, ""hybrid_minmax_blend_a050"": 0.6, ""mxbai"": 0.2, ""qwen3"": 0.3}"	"{""bm25"": ""MED-4573"", ""eos_compact_q4_fp16_o200"": ""MED-3991"", ""eos_dense"": ""MED-3991"", ""hybrid_minmax_blend_a050"": ""MED-3991"", ""mxbai"": ""MED-3987"", ""qwen3"": ""MED-961""}"
nfcorpus	PLAIN-478	1	True	False	False	False	"{""bm25"": 0, ""eos_compact_q4_fp16_o200"": 0, ""eos_dense"": 0, ""hybrid_minmax_blend_a050"": 0, ""mxbai"": 0, ""qwen3"": 0}"	"{""bm25"": 0.0, ""eos_compact_q4_fp16_o200"": 0.0, ""eos_dense"": 0.0, ""hybrid_minmax_blend_a050"": 0.0, ""mxbai"": 0.0, ""qwen3"": 0.0}"	"{""bm25"": 0.0, ""eos_compact_q4_fp16_o200"": 0.0, ""eos_dense"": 0.0, ""hybrid_minmax_blend_a050"": 0.0, ""mxbai"": 0.0, ""qwen3"": 0.0}"	"{""bm25"": ""MED-2309"", ""eos_compact_q4_fp16_o200"": ""MED-951"", ""eos_dense"": ""MED-951"", ""hybrid_minmax_blend_a050"": ""MED-951"", ""mxbai"": ""MED-3937"", ""qwen3"": ""MED-3567""}"
nfcorpus	PLAIN-488	15	False	True	True	False	"{""bm25"": 1, ""eos_compact_q4_fp16_o200"": 1, ""eos_dense"": 1, ""hybrid_minmax_blend_a050"": 1, ""mxbai"": 1, ""qwen3"": 1}"	"{""bm25"": 0.9337457765456111, ""eos_compact_q4_fp16_o200"": 0.8701249883466594, ""eos_dense"": 0.8701249883466594, ""hybrid_minmax_blend_a050"": 0.9363792118010483, ""mxbai"": 0.9363792118010483, ""qwen3"": 0.9363792118010483}"	"{""bm25"": 0.7333333333333333, ""eos_compact_q4_fp16_o200"": 0.7333333333333333, ""eos_dense"": 0.7333333333333333, ""hybrid_minmax_blend_a050"": 0.8, ""mxbai"": 0.7333333333333333, ""qwen3"": 0.7333333333333333}"	"{""bm25"": ""MED-1808"", ""eos_compact_q4_fp16_o200"": ""MED-1804"", ""eos_dense"": ""MED-1804"", ""hybrid_minmax_blend_a050"": ""MED-1798"", ""mxbai"": ""MED-1796"", ""qwen3"": ""MED-1808""}"
nfcorpus	PLAIN-499	34	False	True	False	True	"{""bm25"": 1, ""eos_compact_q4_fp16_o200"": 4, ""eos_dense"": 4, ""hybrid_minmax_blend_a050"": 1, ""mxbai"": 2, ""qwen3"": 2}"	"{""bm25"": 0.4690000933206748, ""eos_compact_q4_fp16_o200"": 0.09478836436955079, ""eos_dense"": 0.09478836436955079, ""hybrid_minmax_blend_a050"": 0.3647442587311446, ""mxbai"": 0.3340514446642156, ""qwen3"": 0.3222722491219547}"	"{""bm25"": 0.14705882352941177, ""eos_compact_q4_fp16_o200"": 0.11764705882352941, ""eos_dense"": 0.11764705882352941, ""hybrid_minmax_blend_a050"": 0.17647058823529413, ""mxbai"": 0.14705882352941177, ""qwen3"": 0.11764705882352941}"	"{""bm25"": ""MED-2900"", ""eos_compact_q4_fp16_o200"": ""MED-1549"", ""eos_dense"": ""MED-1549"", ""hybrid_minmax_blend_a050"": ""MED-2900"", ""mxbai"": ""MED-1747"", ""qwen3"": ""MED-1747""}"
nfcorpus	PLAIN-510	6	True	False	False	False	"{""bm25"": 0, ""eos_compact_q4_fp16_o200"": 20, ""eos_dense"": 20, ""hybrid_minmax_blend_a050"": 0, ""mxbai"": 7, ""qwen3"": 18}"	"{""bm25"": 0.0, ""eos_compact_q4_fp16_o200"": 0.0, ""eos_dense"": 0.0, ""hybrid_minmax_blend_a050"": 0.0, ""mxbai"": 0.10086747116627115, ""qwen3"": 0.0}"	"{""bm25"": 0.0, ""eos_compact_q4_fp16_o200"": 0.3333333333333333, ""eos_dense"": 0.3333333333333333, ""hybrid_minmax_blend_a050"": 0.0, ""mxbai"": 0.6666666666666666, ""qwen3"": 0.16666666666666666}"	"{""bm25"": ""MED-10"", ""eos_compact_q4_fp16_o200"": ""MED-4151"", ""eos_dense"": ""MED-4151"", ""hybrid_minmax_blend_a050"": ""MED-1099"", ""mxbai"": ""MED-3627"", ""qwen3"": ""MED-3278""}"
nfcorpus	PLAIN-520	1	True	False	False	False	"{""bm25"": 0, ""eos_compact_q4_fp16_o200"": 0, ""eos_dense"": 0, ""hybrid_minmax_blend_a050"": 0, ""mxbai"": 0, ""qwen3"": 0}"	"{""bm25"": 0.0, ""eos_compact_q4_fp16_o200"": 0.0, ""eos_dense"": 0.0, ""hybrid_minmax_blend_a050"": 0.0, ""mxbai"": 0.0, ""qwen3"": 0.0}"	"{""bm25"": 0.0, ""eos_compact_q4_fp16_o200"": 0.0, ""eos_dense"": 0.0, ""hybrid_minmax_blend_a050"": 0.0, ""mxbai"": 0.0, ""qwen3"": 0.0}"	"{""bm25"": ""MED-10"", ""eos_compact_q4_fp16_o200"": ""MED-4915"", ""eos_dense"": ""MED-4915"", ""hybrid_minmax_blend_a050"": ""MED-4915"", ""mxbai"": ""MED-5163"", ""qwen3"": ""MED-5172""}"
nfcorpus	PLAIN-531	308	False	True	True	False	"{""bm25"": 3, ""eos_compact_q4_fp16_o200"": 7, ""eos_dense"": 7, ""hybrid_minmax_blend_a050"": 9, ""mxbai"": 1, ""qwen3"": 1}"	"{""bm25"": 0.2578753740644927, ""eos_compact_q4_fp16_o200"": 0.20323893375270083, ""eos_dense"": 0.20323893375270083, ""hybrid_minmax_blend_a050"": 0.06625422345438904, ""mxbai"": 0.7241528458281338, ""qwen3"": 0.7315449642824575}"	"{""bm25"": 0.06168831168831169, ""eos_compact_q4_fp16_o200"": 0.05844155844155844, ""eos_dense"": 0.05844155844155844, ""hybrid_minmax_blend_a050"": 0.05844155844155844, ""mxbai"": 0.11038961038961038, ""qwen3"": 0.17207792207792208}"	"{""bm25"": ""MED-3607"", ""eos_compact_q4_fp16_o200"": ""MED-3503"", ""eos_dense"": ""MED-3503"", ""hybrid_minmax_blend_a050"": ""MED-3607"", ""mxbai"": ""MED-4371"", ""qwen3"": ""MED-2322""}"
nfcorpus	PLAIN-541	6	True	True	False	False	"{""bm25"": 3, ""eos_compact_q4_fp16_o200"": 18, ""eos_dense"": 18, ""hybrid_minmax_blend_a050"": 4, ""mxbai"": 1, ""qwen3"": 3}"	"{""bm25"": 0.3501827644973758, ""eos_compact_q4_fp16_o200"": 0.0, ""eos_dense"": 0.0, ""hybrid_minmax_blend_a050"": 0.13032376591037065, ""mxbai"": 0.5205324778030482, ""qwen3"": 0.15130120674940675}"	"{""bm25"": 0.5, ""eos_compact_q4_fp16_o200"": 0.16666666666666666, ""eos_dense"": 0.16666666666666666, ""hybrid_minmax_blend_a050"": 0.5, ""mxbai"": 0.5, ""qwen3"": 0.5}"	"{""bm25"": ""MED-4036"", ""eos_compact_q4_fp16_o200"": ""MED-1398"", ""eos_dense"": ""MED-1398"", ""hybrid_minmax_blend_a050"": ""MED-4027"", ""mxbai"": ""MED-3618"", ""qwen3"": ""MED-4036""}"
nfcorpus	PLAIN-551	2	True	True	True	True	"{""bm25"": 0, ""eos_compact_q4_fp16_o200"": 84, ""eos_dense"": 84, ""hybrid_minmax_blend_a050"": 0, ""mxbai"": 1, ""qwen3"": 1}"	"{""bm25"": 0.0, ""eos_compact_q4_fp16_o200"": 0.0, ""eos_dense"": 0.0, ""hybrid_minmax_blend_a050"": 0.0, ""mxbai"": 0.6131471927654585, ""qwen3"": 0.6131471927654585}"	"{""bm25"": 0.0, ""eos_compact_q4_fp16_o200"": 1.0, ""eos_dense"": 0.5, ""hybrid_minmax_blend_a050"": 0.0, ""mxbai"": 1.0, ""qwen3"": 1.0}"	"{""bm25"": ""MED-10"", ""eos_compact_q4_fp16_o200"": ""MED-1992"", ""eos_dense"": ""MED-1992"", ""hybrid_minmax_blend_a050"": ""MED-1118"", ""mxbai"": ""MED-4381"", ""qwen3"": ""MED-4381""}"
nfcorpus	PLAIN-561	25	False	True	True	True	"{""bm25"": 1, ""eos_compact_q4_fp16_o200"": 2, ""eos_dense"": 2, ""hybrid_minmax_blend_a050"": 1, ""mxbai"": 1, ""qwen3"": 1}"	"{""bm25"": 0.3589542101716347, ""eos_compact_q4_fp16_o200"": 0.2489083270225946, ""eos_dense"": 0.2489083270225946, ""hybrid_minmax_blend_a050"": 0.3589542101716347, ""mxbai"": 0.3589542101716347, ""qwen3"": 0.3301376494471203}"	"{""bm25"": 0.08, ""eos_compact_q4_fp16_o200"": 0.12, ""eos_dense"": 0.12, ""hybrid_minmax_blend_a050"": 0.12, ""mxbai"": 0.12, ""qwen3"": 0.16}"	"{""bm25"": ""MED-3180"", ""eos_compact_q4_fp16_o200"": ""MED-1556"", ""eos_dense"": ""MED-1556"", ""hybrid_minmax_blend_a050"": ""MED-3180"", ""mxbai"": ""MED-3180"", ""qwen3"": ""MED-3180""}"
nfcorpus	PLAIN-571	7	False	True	False	False	"{""bm25"": 3, ""eos_compact_q4_fp16_o200"": 3, ""eos_dense"": 3, ""hybrid_minmax_blend_a050"": 3, ""mxbai"": 2, ""qwen3"": 4}"	"{""bm25"": 0.2558209594125084, ""eos_compact_q4_fp16_o200"": 0.23535109180711325, ""eos_dense"": 0.23535109180711325, ""hybrid_minmax_blend_a050"": 0.3416877728373431, ""mxbai"": 0.27134058233820724, ""qwen3"": 0.21000823726012655}"	"{""bm25"": 0.2857142857142857, ""eos_compact_q4_fp16_o200"": 0.2857142857142857, ""eos_dense"": 0.2857142857142857, ""hybrid_minmax_blend_a050"": 0.42857142857142855, ""mxbai"": 0.2857142857142857, ""qwen3"": 0.42857142857142855}"	"{""bm25"": ""MED-2346"", ""eos_compact_q4_fp16_o200"": ""MED-2346"", ""eos_dense"": ""MED-2346"", ""hybrid_minmax_blend_a050"": ""MED-2346"", ""mxbai"": ""MED-2345"", ""qwen3"": ""MED-2346""}"
nfcorpus	PLAIN-583	44	True	True	False	False	"{""bm25"": 0, ""eos_compact_q4_fp16_o200"": 45, ""eos_dense"": 45, ""hybrid_minmax_blend_a050"": 0, ""mxbai"": 7, ""qwen3"": 1}"	"{""bm25"": 0.0, ""eos_compact_q4_fp16_o200"": 0.0, ""eos_dense"": 0.0, ""hybrid_minmax_blend_a050"": 0.0, ""mxbai"": 0.07336392209936006, ""qwen3"": 0.29345568839744024}"	"{""bm25"": 0.0, ""eos_compact_q4_fp16_o200"": 0.09090909090909091, ""eos_dense"": 0.09090909090909091, ""hybrid_minmax_blend_a050"": 0.0, ""mxbai"": 0.1590909090909091, ""qwen3"": 0.13636363636363635}"	"{""bm25"": ""MED-10"", ""eos_compact_q4_fp16_o200"": ""MED-1836"", ""eos_dense"": ""MED-1836"", ""hybrid_minmax_blend_a050"": ""MED-1030"", ""mxbai"": ""MED-2108"", ""qwen3"": ""MED-2988""}"
nfcorpus	PLAIN-593	3	True	True	True	True	"{""bm25"": 1, ""eos_compact_q4_fp16_o200"": 99, ""eos_dense"": 99, ""hybrid_minmax_blend_a050"": 1, ""mxbai"": 1, ""qwen3"": 1}"	"{""bm25"": 0.46927872602275655, ""eos_compact_q4_fp16_o200"": 0.0, ""eos_dense"": 0.0, ""hybrid_minmax_blend_a050"": 0.46927872602275655, ""mxbai"": 0.46927872602275655, ""qwen3"": 0.46927872602275655}"	"{""bm25"": 0.3333333333333333, ""eos_compact_q4_fp16_o200"": 0.3333333333333333, ""eos_dense"": 0.3333333333333333, ""hybrid_minmax_blend_a050"": 0.3333333333333333, ""mxbai"": 0.3333333333333333, ""qwen3"": 0.3333333333333333}"	"{""bm25"": ""MED-4402"", ""eos_compact_q4_fp16_o200"": ""MED-4976"", ""eos_dense"": ""MED-4976"", ""hybrid_minmax_blend_a050"": ""MED-4402"", ""mxbai"": ""MED-4402"", ""qwen3"": ""MED-4402""}"
nfcorpus	PLAIN-603	1	True	False	False	False	"{""bm25"": 0, ""eos_compact_q4_fp16_o200"": 0, ""eos_dense"": 0, ""hybrid_minmax_blend_a050"": 0, ""mxbai"": 0, ""qwen3"": 0}"	"{""bm25"": 0.0, ""eos_compact_q4_fp16_o200"": 0.0, ""eos_dense"": 0.0, ""hybrid_minmax_blend_a050"": 0.0, ""mxbai"": 0.0, ""qwen3"": 0.0}"	"{""bm25"": 0.0, ""eos_compact_q4_fp16_o200"": 0.0, ""eos_dense"": 0.0, ""hybrid_minmax_blend_a050"": 0.0, ""mxbai"": 0.0, ""qwen3"": 0.0}"	"{""bm25"": ""MED-1957"", ""eos_compact_q4_fp16_o200"": ""MED-4505"", ""eos_dense"": ""MED-4505"", ""hybrid_minmax_blend_a050"": ""MED-4505"", ""mxbai"": ""MED-3769"", ""qwen3"": ""MED-2492""}"
nfcorpus	PLAIN-613	10	True	True	False	False	"{""bm25"": 11, ""eos_compact_q4_fp16_o200"": 28, ""eos_dense"": 28, ""hybrid_minmax_blend_a050"": 7, ""mxbai"": 4, ""qwen3"": 5}"	"{""bm25"": 0.0, ""eos_compact_q4_fp16_o200"": 0.0, ""eos_dense"": 0.0, ""hybrid_minmax_blend_a050"": 0.07336392209936006, ""mxbai"": 0.09478836436955079, ""qwen3"": 0.08514311764162101}"	"{""bm25"": 0.2, ""eos_compact_q4_fp16_o200"": 0.2, ""eos_dense"": 0.2, ""hybrid_minmax_blend_a050"": 0.2, ""mxbai"": 0.4, ""qwen3"": 0.1}"	"{""bm25"": ""MED-909"", ""eos_compact_q4_fp16_o200"": ""MED-1846"", ""eos_dense"": ""MED-1846"", ""hybrid_minmax_blend_a050"": ""MED-1846"", ""mxbai"": ""MED-936"", ""qwen3"": ""MED-909""}"
nfcorpus	PLAIN-623	41	True	True	True	False	"{""bm25"": 2, ""eos_compact_q4_fp16_o200"": 67, ""eos_dense"": 67, ""hybrid_minmax_blend_a050"": 5, ""mxbai"": 1, ""qwen3"": 1}"	"{""bm25"": 0.2489083270225946, ""eos_compact_q4_fp16_o200"": 0.0, ""eos_dense"": 0.0, ""hybrid_minmax_blend_a050"": 0.15850703974098107, ""mxbai"": 0.5672274908036509, ""qwen3"": 0.40350157154648036}"	"{""bm25"": 0.07317073170731707, ""eos_compact_q4_fp16_o200"": 0.04878048780487805, ""eos_dense"": 0.04878048780487805, ""hybrid_minmax_blend_a050"": 0.07317073170731707, ""mxbai"": 0.34146341463414637, ""qwen3"": 0.21951219512195122}"	"{""bm25"": ""MED-1674"", ""eos_compact_q4_fp16_o200"": ""MED-5240"", ""eos_dense"": ""MED-5240"", ""hybrid_minmax_blend_a050"": ""MED-5240"", ""mxbai"": ""MED-4515"", ""qwen3"": ""MED-4880""}"
nfcorpus	PLAIN-634	21	False	True	False	True	"{""bm25"": 2, ""eos_compact_q4_fp16_o200"": 7, ""eos_dense"": 7, ""hybrid_minmax_blend_a050"": 3, ""mxbai"": 2, ""qwen3"": 2}"	"{""bm25"": 0.13886244387355454, ""eos_compact_q4_fp16_o200"": 0.07336392209936006, ""eos_dense"": 0.07336392209936006, ""hybrid_minmax_blend_a050"": 0.17630010660342915, ""mxbai"": 0.3340514446642156, ""qwen3"": 0.3222722491219547}"	"{""bm25"": 0.047619047619047616, ""eos_compact_q4_fp16_o200"": 0.047619047619047616, ""eos_dense"": 0.047619047619047616, ""hybrid_minmax_blend_a050"": 0.09523809523809523, ""mxbai"": 0.14285714285714285, ""qwen3"": 0.14285714285714285}"	"{""bm25"": ""MED-1378"", ""eos_compact_q4_fp16_o200"": ""MED-3819"", ""eos_dense"": ""MED-3819"", ""hybrid_minmax_blend_a050"": ""MED-3819"", ""mxbai"": ""MED-5010"", ""qwen3"": ""MED-5010""}"
nfcorpus	PLAIN-645	29	True	False	False	False	"{""bm25"": 0, ""eos_compact_q4_fp16_o200"": 0, ""eos_dense"": 0, ""hybrid_minmax_blend_a050"": 0, ""mxbai"": 7, ""qwen3"": 24}"	"{""bm25"": 0.0, ""eos_compact_q4_fp16_o200"": 0.0, ""eos_dense"": 0.0, ""hybrid_minmax_blend_a050"": 0.0, ""mxbai"": 0.14279514403613733, ""qwen3"": 0.0}"	"{""bm25"": 0.0, ""eos_compact_q4_fp16_o200"": 0.0, ""eos_dense"": 0.0, ""hybrid_minmax_blend_a050"": 0.0, ""mxbai"": 0.5172413793103449, ""qwen3"": 0.3103448275862069}"	"{""bm25"": ""MED-10"", ""eos_compact_q4_fp16_o200"": ""MED-2675"", ""eos_dense"": ""MED-2675"", ""hybrid_minmax_blend_a050"": ""MED-1027"", ""mxbai"": ""MED-3582"", ""qwen3"": ""MED-2991""}"
nfcorpus	PLAIN-660	475	False	True	True	False	"{""bm25"": 1, ""eos_compact_q4_fp16_o200"": 1, ""eos_dense"": 1, ""hybrid_minmax_blend_a050"": 1, ""mxbai"": 1, ""qwen3"": 1}"	"{""bm25"": 1.0, ""eos_compact_q4_fp16_o200"": 1.0, ""eos_dense"": 1.0, ""hybrid_minmax_blend_a050"": 0.9337457765456111, ""mxbai"": 1.0, ""qwen3"": 0.9337457765456111}"	"{""bm25"": 0.06315789473684211, ""eos_compact_q4_fp16_o200"": 0.07578947368421053, ""eos_dense"": 0.07789473684210527, ""hybrid_minmax_blend_a050"": 0.10105263157894737, ""mxbai"": 0.08842105263157894, ""qwen3"": 0.06947368421052631}"	"{""bm25"": ""MED-3584"", ""eos_compact_q4_fp16_o200"": ""MED-723"", ""eos_dense"": ""MED-723"", ""hybrid_minmax_blend_a050"": ""MED-3138"", ""mxbai"": ""MED-3136"", ""qwen3"": ""MED-2147""}"
nfcorpus	PLAIN-671	1	True	True	True	True	"{""bm25"": 1, ""eos_compact_q4_fp16_o200"": 31, ""eos_dense"": 31, ""hybrid_minmax_blend_a050"": 1, ""mxbai"": 1, ""qwen3"": 1}"	"{""bm25"": 1.0, ""eos_compact_q4_fp16_o200"": 0.0, ""eos_dense"": 0.0, ""hybrid_minmax_blend_a050"": 1.0, ""mxbai"": 1.0, ""qwen3"": 1.0}"	"{""bm25"": 1.0, ""eos_compact_q4_fp16_o200"": 1.0, ""eos_dense"": 1.0, ""hybrid_minmax_blend_a050"": 1.0, ""mxbai"": 1.0, ""qwen3"": 1.0}"	"{""bm25"": ""MED-4857"", ""eos_compact_q4_fp16_o200"": ""MED-2074"", ""eos_dense"": ""MED-2074"", ""hybrid_minmax_blend_a050"": ""MED-4857"", ""mxbai"": ""MED-4857"", ""qwen3"": ""MED-4857""}"
nfcorpus	PLAIN-681	1	False	True	True	True	"{""bm25"": 1, ""eos_compact_q4_fp16_o200"": 1, ""eos_dense"": 1, ""hybrid_minmax_blend_a050"": 1, ""mxbai"": 1, ""qwen3"": 1}"	"{""bm25"": 1.0, ""eos_compact_q4_fp16_o200"": 1.0, ""eos_dense"": 1.0, ""hybrid_minmax_blend_a050"": 1.0, ""mxbai"": 1.0, ""qwen3"": 1.0}"	"{""bm25"": 1.0, ""eos_compact_q4_fp16_o200"": 1.0, ""eos_dense"": 1.0, ""hybrid_minmax_blend_a050"": 1.0, ""mxbai"": 1.0, ""qwen3"": 1.0}"	"{""bm25"": ""MED-5017"", ""eos_compact_q4_fp16_o200"": ""MED-5017"", ""eos_dense"": ""MED-5017"", ""hybrid_minmax_blend_a050"": ""MED-5017"", ""mxbai"": ""MED-5017"", ""qwen3"": ""MED-5017""}"
nfcorpus	PLAIN-691	21	True	False	False	False	"{""bm25"": 60, ""eos_compact_q4_fp16_o200"": 0, ""eos_dense"": 0, ""hybrid_minmax_blend_a050"": 64, ""mxbai"": 33, ""qwen3"": 21}"	"{""bm25"": 0.0, ""eos_compact_q4_fp16_o200"": 0.0, ""eos_dense"": 0.0, ""hybrid_minmax_blend_a050"": 0.0, ""mxbai"": 0.0, ""qwen3"": 0.0}"	"{""bm25"": 0.047619047619047616, ""eos_compact_q4_fp16_o200"": 0.0, ""eos_dense"": 0.0, ""hybrid_minmax_blend_a050"": 0.047619047619047616, ""mxbai"": 0.14285714285714285, ""qwen3"": 0.14285714285714285}"	"{""bm25"": ""MED-4909"", ""eos_compact_q4_fp16_o200"": ""MED-4390"", ""eos_dense"": ""MED-4390"", ""hybrid_minmax_blend_a050"": ""MED-4390"", ""mxbai"": ""MED-4909"", ""qwen3"": ""MED-4390""}"
nfcorpus	PLAIN-701	8	False	True	True	True	"{""bm25"": 1, ""eos_compact_q4_fp16_o200"": 1, ""eos_dense"": 1, ""hybrid_minmax_blend_a050"": 1, ""mxbai"": 1, ""qwen3"": 1}"	"{""bm25"": 0.3618791953854131, ""eos_compact_q4_fp16_o200"": 0.41918605213740834, ""eos_dense"": 0.41918605213740834, ""hybrid_minmax_blend_a050"": 0.5026317885449211, ""mxbai"": 0.5317737426002289, ""qwen3"": 0.34304271142002485}"	"{""bm25"": 0.5, ""eos_compact_q4_fp16_o200"": 0.75, ""eos_dense"": 0.75, ""hybrid_minmax_blend_a050"": 0.625, ""mxbai"": 0.625, ""qwen3"": 0.625}"	"{""bm25"": ""MED-3720"", ""eos_compact_q4_fp16_o200"": ""MED-3719"", ""eos_dense"": ""MED-3719"", ""hybrid_minmax_blend_a050"": ""MED-3720"", ""mxbai"": ""MED-3720"", ""qwen3"": ""MED-3720""}"
nfcorpus	PLAIN-711	57	True	True	True	True	"{""bm25"": 1, ""eos_compact_q4_fp16_o200"": 95, ""eos_dense"": 95, ""hybrid_minmax_blend_a050"": 2, ""mxbai"": 1, ""qwen3"": 1}"	"{""bm25"": 0.2200917662980802, ""eos_compact_q4_fp16_o200"": 0.0, ""eos_dense"": 0.0, ""hybrid_minmax_blend_a050"": 0.13886244387355454, ""mxbai"": 0.826813366651774, ""qwen3"": 0.73855677575495}"	"{""bm25"": 0.03508771929824561, ""eos_compact_q4_fp16_o200"": 0.017543859649122806, ""eos_dense"": 0.017543859649122806, ""hybrid_minmax_blend_a050"": 0.03508771929824561, ""mxbai"": 0.3157894736842105, ""qwen3"": 0.3157894736842105}"	"{""bm25"": ""MED-2077"", ""eos_compact_q4_fp16_o200"": ""MED-4538"", ""eos_dense"": ""MED-4538"", ""hybrid_minmax_blend_a050"": ""MED-4538"", ""mxbai"": ""MED-2077"", ""qwen3"": ""MED-2077""}"
nfcorpus	PLAIN-721	25	False	True	True	False	"{""bm25"": 1, ""eos_compact_q4_fp16_o200"": 1, ""eos_dense"": 1, ""hybrid_minmax_blend_a050"": 1, ""mxbai"": 1, ""qwen3"": 1}"	"{""bm25"": 1.0, ""eos_compact_q4_fp16_o200"": 0.5645441593704202, ""eos_dense"": 0.5645441593704202, ""hybrid_minmax_blend_a050"": 1.0, ""mxbai"": 1.0, ""qwen3"": 1.0}"	"{""bm25"": 0.72, ""eos_compact_q4_fp16_o200"": 0.48, ""eos_dense"": 0.48, ""hybrid_minmax_blend_a050"": 0.72, ""mxbai"": 0.72, ""qwen3"": 0.72}"	"{""bm25"": ""MED-4876"", ""eos_compact_q4_fp16_o200"": ""MED-1290"", ""eos_dense"": ""MED-1290"", ""hybrid_minmax_blend_a050"": ""MED-1290"", ""mxbai"": ""MED-1278"", ""qwen3"": ""MED-1287""}"
nfcorpus	PLAIN-731	54	False	True	True	False	"{""bm25"": 1, ""eos_compact_q4_fp16_o200"": 1, ""eos_dense"": 1, ""hybrid_minmax_blend_a050"": 1, ""mxbai"": 1, ""qwen3"": 1}"	"{""bm25"": 0.8006937664098821, ""eos_compact_q4_fp16_o200"": 0.7859162856301584, ""eos_dense"": 0.7859162856301584, ""hybrid_minmax_blend_a050"": 0.8603818544462509, ""mxbai"": 0.7254521107352793, ""qwen3"": 0.8512360941594275}"	"{""bm25"": 0.4444444444444444, ""eos_compact_q4_fp16_o200"": 0.37037037037037035, ""eos_dense"": 0.37037037037037035, ""hybrid_minmax_blend_a050"": 0.46296296296296297, ""mxbai"": 0.3888888888888889, ""qwen3"": 0.4074074074074074}"	"{""bm25"": ""MED-1341"", ""eos_compact_q4_fp16_o200"": ""MED-1340"", ""eos_dense"": ""MED-1340"", ""hybrid_minmax_blend_a050"": ""MED-1340"", ""mxbai"": ""MED-2990"", ""qwen3"": ""MED-4722""}"
nfcorpus	PLAIN-741	19	True	True	True	True	"{""bm25"": 1, ""eos_compact_q4_fp16_o200"": 0, ""eos_dense"": 0, ""hybrid_minmax_blend_a050"": 2, ""mxbai"": 1, ""qwen3"": 1}"	"{""bm25"": 0.8454256604216018, ""eos_compact_q4_fp16_o200"": 0.0, ""eos_dense"": 0.0, ""hybrid_minmax_blend_a050"": 0.4950940324881554, ""mxbai"": 0.7849818707050383, ""qwen3"": 0.8643145546088339}"	"{""bm25"": 0.42105263157894735, ""eos_compact_q4_fp16_o200"": 0.0, ""eos_dense"": 0.0, ""hybrid_minmax_blend_a050"": 0.42105263157894735, ""mxbai"": 0.5789473684210527, ""qwen3"": 0.5263157894736842}"	"{""bm25"": ""MED-4237"", ""eos_compact_q4_fp16_o200"": ""MED-4184"", ""eos_dense"": ""MED-4184"", ""hybrid_minmax_blend_a050"": ""MED-4184"", ""mxbai"": ""MED-4236"", ""qwen3"": ""MED-4236""}"
nfcorpus	PLAIN-751	7	True	False	False	True	"{""bm25"": 0, ""eos_compact_q4_fp16_o200"": 0, ""eos_dense"": 0, ""hybrid_minmax_blend_a050"": 0, ""mxbai"": 12, ""qwen3"": 84}"	"{""bm25"": 0.0, ""eos_compact_q4_fp16_o200"": 0.0, ""eos_dense"": 0.0, ""hybrid_minmax_blend_a050"": 0.0, ""mxbai"": 0.0, ""qwen3"": 0.0}"	"{""bm25"": 0.0, ""eos_compact_q4_fp16_o200"": 0.0, ""eos_dense"": 0.0, ""hybrid_minmax_blend_a050"": 0.0, ""mxbai"": 0.14285714285714285, ""qwen3"": 0.14285714285714285}"	"{""bm25"": ""MED-3135"", ""eos_compact_q4_fp16_o200"": ""MED-3129"", ""eos_dense"": ""MED-3129"", ""hybrid_minmax_blend_a050"": ""MED-3129"", ""mxbai"": ""MED-3135"", ""qwen3"": ""MED-3135""}"
nfcorpus	PLAIN-761	6	False	True	False	False	"{""bm25"": 3, ""eos_compact_q4_fp16_o200"": 5, ""eos_dense"": 5, ""hybrid_minmax_blend_a050"": 9, ""mxbai"": 3, ""qwen3"": 6}"	"{""bm25"": 0.15130120674940675, ""eos_compact_q4_fp16_o200"": 0.11706259313796355, ""eos_dense"": 0.11706259313796355, ""hybrid_minmax_blend_a050"": 0.1785641173248663, ""mxbai"": 0.25909036127391766, ""qwen3"": 0.10778915452451095}"	"{""bm25"": 0.3333333333333333, ""eos_compact_q4_fp16_o200"": 0.6666666666666666, ""eos_dense"": 0.6666666666666666, ""hybrid_minmax_blend_a050"": 0.8333333333333334, ""mxbai"": 0.5, ""qwen3"": 0.3333333333333333}"	"{""bm25"": ""MED-3800"", ""eos_compact_q4_fp16_o200"": ""MED-3797"", ""eos_dense"": ""MED-3797"", ""hybrid_minmax_blend_a050"": ""MED-3797"", ""mxbai"": ""MED-3800"", ""qwen3"": ""MED-3797""}"
nfcorpus	PLAIN-771	3	True	True	True	True	"{""bm25"": 1, ""eos_compact_q4_fp16_o200"": 0, ""eos_dense"": 0, ""hybrid_minmax_blend_a050"": 2, ""mxbai"": 1, ""qwen3"": 1}"	"{""bm25"": 1.0, ""eos_compact_q4_fp16_o200"": 0.0, ""eos_dense"": 0.0, ""hybrid_minmax_blend_a050"": 0.7122630665145961, ""mxbai"": 0.9010126104210695, ""qwen3"": 0.9674679834891693}"	"{""bm25"": 1.0, ""eos_compact_q4_fp16_o200"": 0.0, ""eos_dense"": 0.0, ""hybrid_minmax_blend_a050"": 1.0, ""mxbai"": 1.0, ""qwen3"": 1.0}"	"{""bm25"": ""MED-3386"", ""eos_compact_q4_fp16_o200"": ""MED-5354"", ""eos_dense"": ""MED-5354"", ""hybrid_minmax_blend_a050"": ""MED-5354"", ""mxbai"": ""MED-3387"", ""qwen3"": ""MED-3387""}"
nfcorpus	PLAIN-782	2	True	False	False	True	"{""bm25"": 0, ""eos_compact_q4_fp16_o200"": 0, ""eos_dense"": 0, ""hybrid_minmax_blend_a050"": 0, ""mxbai"": 0, ""qwen3"": 37}"	"{""bm25"": 0.0, ""eos_compact_q4_fp16_o200"": 0.0, ""eos_dense"": 0.0, ""hybrid_minmax_blend_a050"": 0.0, ""mxbai"": 0.0, ""qwen3"": 0.0}"	"{""bm25"": 0.0, ""eos_compact_q4_fp16_o200"": 0.0, ""eos_dense"": 0.0, ""hybrid_minmax_blend_a050"": 0.0, ""mxbai"": 0.0, ""qwen3"": 0.5}"	"{""bm25"": ""MED-1055"", ""eos_compact_q4_fp16_o200"": ""MED-1796"", ""eos_dense"": ""MED-1796"", ""hybrid_minmax_blend_a050"": ""MED-1796"", ""mxbai"": ""MED-1055"", ""qwen3"": ""MED-1055""}"
nfcorpus	PLAIN-792	6	False	True	True	True	"{""bm25"": 1, ""eos_compact_q4_fp16_o200"": 1, ""eos_dense"": 1, ""hybrid_minmax_blend_a050"": 1, ""mxbai"": 1, ""qwen3"": 1}"	"{""bm25"": 0.6448244864271548, ""eos_compact_q4_fp16_o200"": 0.3026024134988135, ""eos_dense"": 0.3026024134988135, ""hybrid_minmax_blend_a050"": 0.601312434202259, ""mxbai"": 0.4935232796777481, ""qwen3"": 0.6448244864271548}"	"{""bm25"": 0.5, ""eos_compact_q4_fp16_o200"": 0.3333333333333333, ""eos_dense"": 0.3333333333333333, ""hybrid_minmax_blend_a050"": 0.5, ""mxbai"": 0.5, ""qwen3"": 0.5}"	"{""bm25"": ""MED-4546"", ""eos_compact_q4_fp16_o200"": ""MED-4546"", ""eos_dense"": ""MED-4546"", ""hybrid_minmax_blend_a050"": ""MED-4546"", ""mxbai"": ""MED-4546"", ""qwen3"": ""MED-4546""}"
nfcorpus	PLAIN-806	96	False	True	True	True	"{""bm25"": 1, ""eos_compact_q4_fp16_o200"": 1, ""eos_dense"": 1, ""hybrid_minmax_blend_a050"": 1, ""mxbai"": 1, ""qwen3"": 1}"	"{""bm25"": 0.8512360941594275, ""eos_compact_q4_fp16_o200"": 0.8006937664098821, ""eos_dense"": 0.8006937664098821, ""hybrid_minmax_blend_a050"": 0.92663607790064, ""mxbai"": 0.7967610662472993, ""qwen3"": 0.9305687780632229}"	"{""bm25"": 0.25, ""eos_compact_q4_fp16_o200"": 0.20833333333333334, ""eos_dense"": 0.20833333333333334, ""hybrid_minmax_blend_a050"": 0.34375, ""mxbai"": 0.20833333333333334, ""qwen3"": 0.2604166666666667}"	"{""bm25"": ""MED-4996"", ""eos_compact_q4_fp16_o200"": ""MED-2519"", ""eos_dense"": ""MED-2519"", ""hybrid_minmax_blend_a050"": ""MED-2519"", ""mxbai"": ""MED-2519"", ""qwen3"": ""MED-2519""}"
nfcorpus	PLAIN-817	1	True	True	False	False	"{""bm25"": 0, ""eos_compact_q4_fp16_o200"": 0, ""eos_dense"": 0, ""hybrid_minmax_blend_a050"": 0, ""mxbai"": 3, ""qwen3"": 6}"	"{""bm25"": 0.0, ""eos_compact_q4_fp16_o200"": 0.0, ""eos_dense"": 0.0, ""hybrid_minmax_blend_a050"": 0.0, ""mxbai"": 0.5, ""qwen3"": 0.3562071871080222}"	"{""bm25"": 0.0, ""eos_compact_q4_fp16_o200"": 0.0, ""eos_dense"": 0.0, ""hybrid_minmax_blend_a050"": 0.0, ""mxbai"": 1.0, ""qwen3"": 1.0}"	"{""bm25"": ""MED-10"", ""eos_compact_q4_fp16_o200"": ""MED-931"", ""eos_dense"": ""MED-931"", ""hybrid_minmax_blend_a050"": ""MED-931"", ""mxbai"": ""MED-2062"", ""qwen3"": ""MED-2056""}"
nfcorpus	PLAIN-827	244	False	True	True	False	"{""bm25"": 1, ""eos_compact_q4_fp16_o200"": 2, ""eos_dense"": 2, ""hybrid_minmax_blend_a050"": 2, ""mxbai"": 1, ""qwen3"": 1}"	"{""bm25"": 0.5868720866710774, ""eos_compact_q4_fp16_o200"": 0.40741536676357565, ""eos_dense"": 0.40741536676357565, ""hybrid_minmax_blend_a050"": 0.61886564587798, ""mxbai"": 0.9148568823583791, ""qwen3"": 0.6804503724350792}"	"{""bm25"": 0.07377049180327869, ""eos_compact_q4_fp16_o200"": 0.11885245901639344, ""eos_dense"": 0.11885245901639344, ""hybrid_minmax_blend_a050"": 0.13934426229508196, ""mxbai"": 0.2459016393442623, ""qwen3"": 0.1885245901639344}"	"{""bm25"": ""MED-2106"", ""eos_compact_q4_fp16_o200"": ""MED-4391"", ""eos_dense"": ""MED-4391"", ""hybrid_minmax_blend_a050"": ""MED-4391"", ""mxbai"": ""MED-4475"", ""qwen3"": ""MED-4451""}"
nfcorpus	PLAIN-838	9	False	True	True	False	"{""bm25"": 1, ""eos_compact_q4_fp16_o200"": 1, ""eos_dense"": 1, ""hybrid_minmax_blend_a050"": 1, ""mxbai"": 1, ""qwen3"": 1}"	"{""bm25"": 0.8550956239938449, ""eos_compact_q4_fp16_o200"": 0.9292442392789195, ""eos_dense"": 0.9292442392789195, ""hybrid_minmax_blend_a050"": 1.0, ""mxbai"": 0.7767471075223498, ""qwen3"": 0.7767471075223498}"	"{""bm25"": 0.7777777777777778, ""eos_compact_q4_fp16_o200"": 1.0, ""eos_dense"": 1.0, ""hybrid_minmax_blend_a050"": 1.0, ""mxbai"": 0.7777777777777778, ""qwen3"": 0.6666666666666666}"	"{""bm25"": ""MED-3502"", ""eos_compact_q4_fp16_o200"": ""MED-3502"", ""eos_dense"": ""MED-3502"", ""hybrid_minmax_blend_a050"": ""MED-3502"", ""mxbai"": ""MED-3499"", ""qwen3"": ""MED-3502""}"
nfcorpus	PLAIN-850	57	True	True	True	False	"{""bm25"": 1, ""eos_compact_q4_fp16_o200"": 31, ""eos_dense"": 31, ""hybrid_minmax_blend_a050"": 2, ""mxbai"": 1, ""qwen3"": 1}"	"{""bm25"": 0.6489315753318465, ""eos_compact_q4_fp16_o200"": 0.0, ""eos_dense"": 0.0, ""hybrid_minmax_blend_a050"": 0.40348266660099286, ""mxbai"": 0.9363792118010483, ""qwen3"": 0.6172839611614819}"	"{""bm25"": 0.08771929824561403, ""eos_compact_q4_fp16_o200"": 0.05263157894736842, ""eos_dense"": 0.07017543859649122, ""hybrid_minmax_blend_a050"": 0.10526315789473684, ""mxbai"": 0.2807017543859649, ""qwen3"": 0.2982456140350877}"	"{""bm25"": ""MED-4455"", ""eos_compact_q4_fp16_o200"": ""MED-2906"", ""eos_dense"": ""MED-2906"", ""hybrid_minmax_blend_a050"": ""MED-2906"", ""mxbai"": ""MED-4455"", ""qwen3"": ""MED-2073""}"
nfcorpus	PLAIN-872	1	True	False	False	False	"{""bm25"": 0, ""eos_compact_q4_fp16_o200"": 93, ""eos_dense"": 93, ""hybrid_minmax_blend_a050"": 97, ""mxbai"": 0, ""qwen3"": 0}"	"{""bm25"": 0.0, ""eos_compact_q4_fp16_o200"": 0.0, ""eos_dense"": 0.0, ""hybrid_minmax_blend_a050"": 0.0, ""mxbai"": 0.0, ""qwen3"": 0.0}"	"{""bm25"": 0.0, ""eos_compact_q4_fp16_o200"": 1.0, ""eos_dense"": 1.0, ""hybrid_minmax_blend_a050"": 1.0, ""mxbai"": 0.0, ""qwen3"": 0.0}"	"{""bm25"": ""MED-3989"", ""eos_compact_q4_fp16_o200"": ""MED-3712"", ""eos_dense"": ""MED-3712"", ""hybrid_minmax_blend_a050"": ""MED-3712"", ""mxbai"": ""MED-3989"", ""qwen3"": ""MED-3712""}"
nfcorpus	PLAIN-882	15	True	True	True	False	"{""bm25"": 1, ""eos_compact_q4_fp16_o200"": 0, ""eos_dense"": 0, ""hybrid_minmax_blend_a050"": 2, ""mxbai"": 1, ""qwen3"": 1}"	"{""bm25"": 0.3589542101716347, ""eos_compact_q4_fp16_o200"": 0.0, ""eos_dense"": 0.0, ""hybrid_minmax_blend_a050"": 0.2122263659729146, ""mxbai"": 0.9305687780632229, ""qwen3"": 0.8006937664098821}"	"{""bm25"": 0.13333333333333333, ""eos_compact_q4_fp16_o200"": 0.0, ""eos_dense"": 0.0, ""hybrid_minmax_blend_a050"": 0.13333333333333333, ""mxbai"": 0.8, ""qwen3"": 0.6}"	"{""bm25"": ""MED-3622"", ""eos_compact_q4_fp16_o200"": ""MED-2276"", ""eos_dense"": ""MED-2276"", ""hybrid_minmax_blend_a050"": ""MED-2276"", ""mxbai"": ""MED-3636"", ""qwen3"": ""MED-3622""}"
nfcorpus	PLAIN-892	92	False	True	True	True	"{""bm25"": 1, ""eos_compact_q4_fp16_o200"": 1, ""eos_dense"": 1, ""hybrid_minmax_blend_a050"": 1, ""mxbai"": 1, ""qwen3"": 1}"	"{""bm25"": 0.727329844310522, ""eos_compact_q4_fp16_o200"": 0.2200917662980802, ""eos_dense"": 0.2200917662980802, ""hybrid_minmax_blend_a050"": 0.8006937664098821, ""mxbai"": 0.9216017310213247, ""qwen3"": 0.4381081808305046}"	"{""bm25"": 0.06521739130434782, ""eos_compact_q4_fp16_o200"": 0.03260869565217391, ""eos_dense"": 0.03260869565217391, ""hybrid_minmax_blend_a050"": 0.07608695652173914, ""mxbai"": 0.29347826086956524, ""qwen3"": 0.14130434782608695}"	"{""bm25"": ""MED-3132"", ""eos_compact_q4_fp16_o200"": ""MED-2009"", ""eos_dense"": ""MED-2009"", ""hybrid_minmax_blend_a050"": ""MED-2008"", ""mxbai"": ""MED-2009"", ""qwen3"": ""MED-2009""}"
nfcorpus	PLAIN-902	4	False	True	True	True	"{""bm25"": 1, ""eos_compact_q4_fp16_o200"": 1, ""eos_dense"": 1, ""hybrid_minmax_blend_a050"": 1, ""mxbai"": 1, ""qwen3"": 1}"	"{""bm25"": 0.6366824387328317, ""eos_compact_q4_fp16_o200"": 0.5585075862632193, ""eos_dense"": 0.5585075862632193, ""hybrid_minmax_blend_a050"": 0.6366824387328317, ""mxbai"": 0.39038004999210174, ""qwen3"": 0.5855700749881526}"	"{""bm25"": 0.5, ""eos_compact_q4_fp16_o200"": 0.75, ""eos_dense"": 0.75, ""hybrid_minmax_blend_a050"": 0.75, ""mxbai"": 0.5, ""qwen3"": 0.75}"	"{""bm25"": ""MED-4195"", ""eos_compact_q4_fp16_o200"": ""MED-4195"", ""eos_dense"": ""MED-4195"", ""hybrid_minmax_blend_a050"": ""MED-4195"", ""mxbai"": ""MED-4195"", ""qwen3"": ""MED-4195""}"
nfcorpus	PLAIN-913	34	False	True	True	True	"{""bm25"": 1, ""eos_compact_q4_fp16_o200"": 1, ""eos_dense"": 1, ""hybrid_minmax_blend_a050"": 1, ""mxbai"": 1, ""qwen3"": 1}"	"{""bm25"": 0.9337457765456111, ""eos_compact_q4_fp16_o200"": 0.8603818544462509, ""eos_dense"": 0.8603818544462509, ""hybrid_minmax_blend_a050"": 0.9337457765456111, ""mxbai"": 0.8603818544462509, ""qwen3"": 0.7849818707050383}"	"{""bm25"": 0.2647058823529412, ""eos_compact_q4_fp16_o200"": 0.38235294117647056, ""eos_dense"": 0.38235294117647056, ""hybrid_minmax_blend_a050"": 0.38235294117647056, ""mxbai"": 0.3235294117647059, ""qwen3"": 0.35294117647058826}"	"{""bm25"": ""MED-3811"", ""eos_compact_q4_fp16_o200"": ""MED-3811"", ""eos_dense"": ""MED-3811"", ""hybrid_minmax_blend_a050"": ""MED-3811"", ""mxbai"": ""MED-4415"", ""qwen3"": ""MED-4415""}"
nfcorpus	PLAIN-924	32	False	True	True	True	"{""bm25"": 1, ""eos_compact_q4_fp16_o200"": 3, ""eos_dense"": 3, ""hybrid_minmax_blend_a050"": 1, ""mxbai"": 1, ""qwen3"": 1}"	"{""bm25"": 0.2200917662980802, ""eos_compact_q4_fp16_o200"": 0.1100458831490401, ""eos_dense"": 0.1100458831490401, ""hybrid_minmax_blend_a050"": 0.2200917662980802, ""mxbai"": 0.2200917662980802, ""qwen3"": 0.314880130667631}"	"{""bm25"": 0.03125, ""eos_compact_q4_fp16_o200"": 0.03125, ""eos_dense"": 0.03125, ""hybrid_minmax_blend_a050"": 0.03125, ""mxbai"": 0.1875, ""qwen3"": 0.25}"	"{""bm25"": ""MED-3044"", ""eos_compact_q4_fp16_o200"": ""MED-1543"", ""eos_dense"": ""MED-1543"", ""hybrid_minmax_blend_a050"": ""MED-3044"", ""mxbai"": ""MED-3044"", ""qwen3"": ""MED-3044""}"
nfcorpus	PLAIN-934	101	False	True	False	True	"{""bm25"": 2, ""eos_compact_q4_fp16_o200"": 1, ""eos_dense"": 1, ""hybrid_minmax_blend_a050"": 1, ""mxbai"": 3, ""qwen3"": 2}"	"{""bm25"": 0.6442227883107536, ""eos_compact_q4_fp16_o200"": 0.7819835854675756, ""eos_dense"": 0.7819835854675756, ""hybrid_minmax_blend_a050"": 0.841492960259019, ""mxbai"": 0.505360344437199, ""qwen3"": 0.5645252544249327}"	"{""bm25"": 0.3564356435643564, ""eos_compact_q4_fp16_o200"": 0.2376237623762376, ""eos_dense"": 0.2376237623762376, ""hybrid_minmax_blend_a050"": 0.37623762376237624, ""mxbai"": 0.33663366336633666, ""qwen3"": 0.3465346534653465}"	"{""bm25"": ""MED-5245"", ""eos_compact_q4_fp16_o200"": ""MED-1621"", ""eos_dense"": ""MED-1621"", ""hybrid_minmax_blend_a050"": ""MED-1621"", ""mxbai"": ""MED-5249"", ""qwen3"": ""MED-5249""}"
nfcorpus	PLAIN-946	31	True	False	False	False	"{""bm25"": 2, ""eos_compact_q4_fp16_o200"": 99, ""eos_dense"": 99, ""hybrid_minmax_blend_a050"": 3, ""mxbai"": 12, ""qwen3"": 2}"	"{""bm25"": 0.23365080824310533, ""eos_compact_q4_fp16_o200"": 0.0, ""eos_dense"": 0.0, ""hybrid_minmax_blend_a050"": 0.18844415212771543, ""mxbai"": 0.0, ""qwen3"": 0.13886244387355454}"	"{""bm25"": 0.06451612903225806, ""eos_compact_q4_fp16_o200"": 0.03225806451612903, ""eos_dense"": 0.03225806451612903, ""hybrid_minmax_blend_a050"": 0.06451612903225806, ""mxbai"": 0.1935483870967742, ""qwen3"": 0.0967741935483871}"	"{""bm25"": ""MED-855"", ""eos_compact_q4_fp16_o200"": ""MED-2896"", ""eos_dense"": ""MED-2896"", ""hybrid_minmax_blend_a050"": ""MED-2896"", ""mxbai"": ""MED-3937"", ""qwen3"": ""MED-4402""}"
nfcorpus	PLAIN-956	206	False	True	True	False	"{""bm25"": 4, ""eos_compact_q4_fp16_o200"": 4, ""eos_dense"": 4, ""hybrid_minmax_blend_a050"": 4, ""mxbai"": 1, ""qwen3"": 1}"	"{""bm25"": 0.23047380976071713, ""eos_compact_q4_fp16_o200"": 0.2583297509898471, ""eos_dense"": 0.2583297509898471, ""hybrid_minmax_blend_a050"": 0.29409459795966886, ""mxbai"": 0.6678262889110272, ""qwen3"": 0.7215194105726965}"	"{""bm25"": 0.16019417475728157, ""eos_compact_q4_fp16_o200"": 0.07281553398058252, ""eos_dense"": 0.07281553398058252, ""hybrid_minmax_blend_a050"": 0.1553398058252427, ""mxbai"": 0.2087378640776699, ""qwen3"": 0.21844660194174756}"	"{""bm25"": ""MED-5191"", ""eos_compact_q4_fp16_o200"": ""MED-4874"", ""eos_dense"": ""MED-4874"", ""hybrid_minmax_blend_a050"": ""MED-4482"", ""mxbai"": ""MED-2182"", ""qwen3"": ""MED-5076""}"
nfcorpus	PLAIN-966	3	True	False	False	False	"{""bm25"": 9, ""eos_compact_q4_fp16_o200"": 0, ""eos_dense"": 0, ""hybrid_minmax_blend_a050"": 11, ""mxbai"": 0, ""qwen3"": 65}"	"{""bm25"": 0.14126697285982903, ""eos_compact_q4_fp16_o200"": 0.0, ""eos_dense"": 0.0, ""hybrid_minmax_blend_a050"": 0.0, ""mxbai"": 0.0, ""qwen3"": 0.0}"	"{""bm25"": 0.3333333333333333, ""eos_compact_q4_fp16_o200"": 0.0, ""eos_dense"": 0.0, ""hybrid_minmax_blend_a050"": 0.3333333333333333, ""mxbai"": 0.0, ""qwen3"": 0.3333333333333333}"	"{""bm25"": ""MED-3671"", ""eos_compact_q4_fp16_o200"": ""MED-3674"", ""eos_dense"": ""MED-3674"", ""hybrid_minmax_blend_a050"": ""MED-4323"", ""mxbai"": ""MED-3671"", ""qwen3"": ""MED-3919""}"
nfcorpus	PLAIN-977	3	True	True	True	True	"{""bm25"": 16, ""eos_compact_q4_fp16_o200"": 50, ""eos_dense"": 50, ""hybrid_minmax_blend_a050"": 5, ""mxbai"": 1, ""qwen3"": 1}"	"{""bm25"": 0.0, ""eos_compact_q4_fp16_o200"": 0.0, ""eos_dense"": 0.0, ""hybrid_minmax_blend_a050"": 0.1815417925373527, ""mxbai"": 0.6049306994552044, ""qwen3"": 0.46927872602275655}"	"{""bm25"": 0.3333333333333333, ""eos_compact_q4_fp16_o200"": 0.3333333333333333, ""eos_dense"": 0.3333333333333333, ""hybrid_minmax_blend_a050"": 0.3333333333333333, ""mxbai"": 0.6666666666666666, ""qwen3"": 0.6666666666666666}"	"{""bm25"": ""MED-2598"", ""eos_compact_q4_fp16_o200"": ""MED-2770"", ""eos_dense"": ""MED-2770"", ""hybrid_minmax_blend_a050"": ""MED-2162"", ""mxbai"": ""MED-4402"", ""qwen3"": ""MED-4402""}"
nfcorpus	PLAIN-987	3	True	False	False	False	"{""bm25"": 3, ""eos_compact_q4_fp16_o200"": 0, ""eos_dense"": 0, ""hybrid_minmax_blend_a050"": 6, ""mxbai"": 49, ""qwen3"": 15}"	"{""bm25"": 0.23463936301137828, ""eos_compact_q4_fp16_o200"": 0.0, ""eos_dense"": 0.0, ""hybrid_minmax_blend_a050"": 0.16716045496620233, ""mxbai"": 0.0, ""qwen3"": 0.0}"	"{""bm25"": 0.3333333333333333, ""eos_compact_q4_fp16_o200"": 0.0, ""eos_dense"": 0.0, ""hybrid_minmax_blend_a050"": 0.3333333333333333, ""mxbai"": 0.3333333333333333, ""qwen3"": 0.6666666666666666}"	"{""bm25"": ""MED-2780"", ""eos_compact_q4_fp16_o200"": ""MED-3833"", ""eos_dense"": ""MED-3833"", ""hybrid_minmax_blend_a050"": ""MED-3833"", ""mxbai"": ""MED-2783"", ""qwen3"": ""MED-2810""}"
nfcorpus	PLAIN-997	2	True	False	False	False	"{""bm25"": 0, ""eos_compact_q4_fp16_o200"": 0, ""eos_dense"": 0, ""hybrid_minmax_blend_a050"": 0, ""mxbai"": 0, ""qwen3"": 0}"	"{""bm25"": 0.0, ""eos_compact_q4_fp16_o200"": 0.0, ""eos_dense"": 0.0, ""hybrid_minmax_blend_a050"": 0.0, ""mxbai"": 0.0, ""qwen3"": 0.0}"	"{""bm25"": 0.0, ""eos_compact_q4_fp16_o200"": 0.0, ""eos_dense"": 0.0, ""hybrid_minmax_blend_a050"": 0.0, ""mxbai"": 0.0, ""qwen3"": 0.0}"	"{""bm25"": ""MED-10"", ""eos_compact_q4_fp16_o200"": ""MED-2346"", ""eos_dense"": ""MED-2346"", ""hybrid_minmax_blend_a050"": ""MED-1121"", ""mxbai"": ""MED-5331"", ""qwen3"": ""MED-5130""}"
nfcorpus	PLAIN-1008	5	True	False	False	False	"{""bm25"": 0, ""eos_compact_q4_fp16_o200"": 0, ""eos_dense"": 0, ""hybrid_minmax_blend_a050"": 0, ""mxbai"": 0, ""qwen3"": 0}"	"{""bm25"": 0.0, ""eos_compact_q4_fp16_o200"": 0.0, ""eos_dense"": 0.0, ""hybrid_minmax_blend_a050"": 0.0, ""mxbai"": 0.0, ""qwen3"": 0.0}"	"{""bm25"": 0.0, ""eos_compact_q4_fp16_o200"": 0.0, ""eos_dense"": 0.0, ""hybrid_minmax_blend_a050"": 0.0, ""mxbai"": 0.0, ""qwen3"": 0.0}"	"{""bm25"": ""MED-10"", ""eos_compact_q4_fp16_o200"": ""MED-5211"", ""eos_dense"": ""MED-5211"", ""hybrid_minmax_blend_a050"": ""MED-1003"", ""mxbai"": ""MED-901"", ""qwen3"": ""MED-4668""}"
nfcorpus	PLAIN-1018	60	False	True	False	True	"{""bm25"": 3, ""eos_compact_q4_fp16_o200"": 1, ""eos_dense"": 1, ""hybrid_minmax_blend_a050"": 1, ""mxbai"": 2, ""qwen3"": 2}"	"{""bm25"": 0.4826366372598628, ""eos_compact_q4_fp16_o200"": 0.29345568839744024, ""eos_dense"": 0.29345568839744024, ""hybrid_minmax_blend_a050"": 0.6618313225363276, ""mxbai"": 0.27191445400928355, ""qwen3"": 0.5088197627289399}"	"{""bm25"": 0.13333333333333333, ""eos_compact_q4_fp16_o200"": 0.13333333333333333, ""eos_dense"": 0.13333333333333333, ""hybrid_minmax_blend_a050"": 0.16666666666666666, ""mxbai"": 0.4166666666666667, ""qwen3"": 0.3333333333333333}"	"{""bm25"": ""MED-5095"", ""eos_compact_q4_fp16_o200"": ""MED-5091"", ""eos_dense"": ""MED-5091"", ""hybrid_minmax_blend_a050"": ""MED-5091"", ""mxbai"": ""MED-5095"", ""qwen3"": ""MED-5095""}"
nfcorpus	PLAIN-1028	1	True	False	False	False	"{""bm25"": 0, ""eos_compact_q4_fp16_o200"": 0, ""eos_dense"": 0, ""hybrid_minmax_blend_a050"": 0, ""mxbai"": 6, ""qwen3"": 41}"	"{""bm25"": 0.0, ""eos_compact_q4_fp16_o200"": 0.0, ""eos_dense"": 0.0, ""hybrid_minmax_blend_a050"": 0.0, ""mxbai"": 0.3562071871080222, ""qwen3"": 0.0}"	"{""bm25"": 0.0, ""eos_compact_q4_fp16_o200"": 0.0, ""eos_dense"": 0.0, ""hybrid_minmax_blend_a050"": 0.0, ""mxbai"": 1.0, ""qwen3"": 1.0}"	"{""bm25"": ""MED-4178"", ""eos_compact_q4_fp16_o200"": ""MED-1443"", ""eos_dense"": ""MED-1443"", ""hybrid_minmax_blend_a050"": ""MED-1443"", ""mxbai"": ""MED-1210"", ""qwen3"": ""MED-1402""}"
nfcorpus	PLAIN-1039	2	False	True	True	True	"{""bm25"": 1, ""eos_compact_q4_fp16_o200"": 1, ""eos_dense"": 1, ""hybrid_minmax_blend_a050"": 1, ""mxbai"": 1, ""qwen3"": 1}"	"{""bm25"": 1.0, ""eos_compact_q4_fp16_o200"": 0.8065735963827292, ""eos_dense"": 0.8065735963827292, ""hybrid_minmax_blend_a050"": 1.0, ""mxbai"": 1.0, ""qwen3"": 1.0}"	"{""bm25"": 1.0, ""eos_compact_q4_fp16_o200"": 1.0, ""eos_dense"": 1.0, ""hybrid_minmax_blend_a050"": 1.0, ""mxbai"": 1.0, ""qwen3"": 1.0}"	"{""bm25"": ""MED-4380"", ""eos_compact_q4_fp16_o200"": ""MED-4380"", ""eos_dense"": ""MED-4380"", ""hybrid_minmax_blend_a050"": ""MED-4380"", ""mxbai"": ""MED-4380"", ""qwen3"": ""MED-4380""}"
nfcorpus	PLAIN-1050	94	True	False	False	False	"{""bm25"": 10, ""eos_compact_q4_fp16_o200"": 0, ""eos_dense"": 0, ""hybrid_minmax_blend_a050"": 16, ""mxbai"": 31, ""qwen3"": 3}"	"{""bm25"": 0.06362078819895173, ""eos_compact_q4_fp16_o200"": 0.0, ""eos_dense"": 0.0, ""hybrid_minmax_blend_a050"": 0.0, ""mxbai"": 0.0, ""qwen3"": 0.363341287259572}"	"{""bm25"": 0.010638297872340425, ""eos_compact_q4_fp16_o200"": 0.0, ""eos_dense"": 0.0, ""hybrid_minmax_blend_a050"": 0.010638297872340425, ""mxbai"": 0.031914893617021274, ""qwen3"": 0.1595744680851064}"	"{""bm25"": ""MED-1712"", ""eos_compact_q4_fp16_o200"": ""MED-2421"", ""eos_dense"": ""MED-2421"", ""hybrid_minmax_blend_a050"": ""MED-2421"", ""mxbai"": ""MED-761"", ""qwen3"": ""MED-3477""}"
nfcorpus	PLAIN-1066	9	True	False	False	False	"{""bm25"": 0, ""eos_compact_q4_fp16_o200"": 0, ""eos_dense"": 0, ""hybrid_minmax_blend_a050"": 0, ""mxbai"": 0, ""qwen3"": 23}"	"{""bm25"": 0.0, ""eos_compact_q4_fp16_o200"": 0.0, ""eos_dense"": 0.0, ""hybrid_minmax_blend_a050"": 0.0, ""mxbai"": 0.0, ""qwen3"": 0.0}"	"{""bm25"": 0.0, ""eos_compact_q4_fp16_o200"": 0.0, ""eos_dense"": 0.0, ""hybrid_minmax_blend_a050"": 0.0, ""mxbai"": 0.0, ""qwen3"": 0.1111111111111111}"	"{""bm25"": ""MED-1712"", ""eos_compact_q4_fp16_o200"": ""MED-3624"", ""eos_dense"": ""MED-3624"", ""hybrid_minmax_blend_a050"": ""MED-3624"", ""mxbai"": ""MED-1127"", ""qwen3"": ""MED-3603""}"
nfcorpus	PLAIN-1088	5	False	True	True	True	"{""bm25"": 1, ""eos_compact_q4_fp16_o200"": 5, ""eos_dense"": 5, ""hybrid_minmax_blend_a050"": 1, ""mxbai"": 1, ""qwen3"": 1}"	"{""bm25"": 0.5531464700081437, ""eos_compact_q4_fp16_o200"": 0.1312050775123418, ""eos_dense"": 0.1312050775123418, ""hybrid_minmax_blend_a050"": 0.5087403079104242, ""mxbai"": 0.5531464700081437, ""qwen3"": 0.5531464700081437}"	"{""bm25"": 0.4, ""eos_compact_q4_fp16_o200"": 0.2, ""eos_dense"": 0.2, ""hybrid_minmax_blend_a050"": 0.4, ""mxbai"": 0.6, ""qwen3"": 0.4}"	"{""bm25"": ""MED-2109"", ""eos_compact_q4_fp16_o200"": ""MED-5088"", ""eos_dense"": ""MED-5088"", ""hybrid_minmax_blend_a050"": ""MED-2109"", ""mxbai"": ""MED-2110"", ""qwen3"": ""MED-2110""}"
nfcorpus	PLAIN-1098	5	True	False	False	False	"{""bm25"": 0, ""eos_compact_q4_fp16_o200"": 41, ""eos_dense"": 41, ""hybrid_minmax_blend_a050"": 0, ""mxbai"": 1, ""qwen3"": 30}"	"{""bm25"": 0.0, ""eos_compact_q4_fp16_o200"": 0.0, ""eos_dense"": 0.0, ""hybrid_minmax_blend_a050"": 0.0, ""mxbai"": 0.3391602052736162, ""qwen3"": 0.0}"	"{""bm25"": 0.0, ""eos_compact_q4_fp16_o200"": 0.2, ""eos_dense"": 0.2, ""hybrid_minmax_blend_a050"": 0.0, ""mxbai"": 0.4, ""qwen3"": 0.4}"	"{""bm25"": ""MED-10"", ""eos_compact_q4_fp16_o200"": ""MED-1884"", ""eos_dense"": ""MED-1884"", ""hybrid_minmax_blend_a050"": ""MED-1106"", ""mxbai"": ""MED-3810"", ""qwen3"": ""MED-4753""}"
nfcorpus	PLAIN-1109	98	False	True	True	True	"{""bm25"": 1, ""eos_compact_q4_fp16_o200"": 7, ""eos_dense"": 7, ""hybrid_minmax_blend_a050"": 1, ""mxbai"": 1, ""qwen3"": 1}"	"{""bm25"": 0.6046855387118412, ""eos_compact_q4_fp16_o200"": 0.13698471029831177, ""eos_dense"": 0.13698471029831177, ""hybrid_minmax_blend_a050"": 0.5769706247040591, ""mxbai"": 0.8357804136936722, ""qwen3"": 0.7151857987862357}"	"{""bm25"": 0.12244897959183673, ""eos_compact_q4_fp16_o200"": 0.22448979591836735, ""eos_dense"": 0.22448979591836735, ""hybrid_minmax_blend_a050"": 0.23469387755102042, ""mxbai"": 0.32653061224489793, ""qwen3"": 0.3163265306122449}"	"{""bm25"": ""MED-2643"", ""eos_compact_q4_fp16_o200"": ""MED-954"", ""eos_dense"": ""MED-954"", ""hybrid_minmax_blend_a050"": ""MED-2643"", ""mxbai"": ""MED-2650"", ""qwen3"": ""MED-2650""}"
nfcorpus	PLAIN-1119	11	True	False	False	True	"{""bm25"": 0, ""eos_compact_q4_fp16_o200"": 0, ""eos_dense"": 0, ""hybrid_minmax_blend_a050"": 0, ""mxbai"": 0, ""qwen3"": 0}"	"{""bm25"": 0.0, ""eos_compact_q4_fp16_o200"": 0.0, ""eos_dense"": 0.0, ""hybrid_minmax_blend_a050"": 0.0, ""mxbai"": 0.0, ""qwen3"": 0.0}"	"{""bm25"": 0.0, ""eos_compact_q4_fp16_o200"": 0.0, ""eos_dense"": 0.0, ""hybrid_minmax_blend_a050"": 0.0, ""mxbai"": 0.0, ""qwen3"": 0.0}"	"{""bm25"": ""MED-4025"", ""eos_compact_q4_fp16_o200"": ""MED-2718"", ""eos_dense"": ""MED-2718"", ""hybrid_minmax_blend_a050"": ""MED-4025"", ""mxbai"": ""MED-877"", ""qwen3"": ""MED-877""}"
nfcorpus	PLAIN-1130	1	False	True	True	True	"{""bm25"": 1, ""eos_compact_q4_fp16_o200"": 1, ""eos_dense"": 1, ""hybrid_minmax_blend_a050"": 1, ""mxbai"": 1, ""qwen3"": 1}"	"{""bm25"": 1.0, ""eos_compact_q4_fp16_o200"": 1.0, ""eos_dense"": 1.0, ""hybrid_minmax_blend_a050"": 1.0, ""mxbai"": 1.0, ""qwen3"": 1.0}"	"{""bm25"": 1.0, ""eos_compact_q4_fp16_o200"": 1.0, ""eos_dense"": 1.0, ""hybrid_minmax_blend_a050"": 1.0, ""mxbai"": 1.0, ""qwen3"": 1.0}"	"{""bm25"": ""MED-4165"", ""eos_compact_q4_fp16_o200"": ""MED-4165"", ""eos_dense"": ""MED-4165"", ""hybrid_minmax_blend_a050"": ""MED-4165"", ""mxbai"": ""MED-4165"", ""qwen3"": ""MED-4165""}"
nfcorpus	PLAIN-1141	16	False	True	True	True	"{""bm25"": 1, ""eos_compact_q4_fp16_o200"": 5, ""eos_dense"": 5, ""hybrid_minmax_blend_a050"": 3, ""mxbai"": 1, ""qwen3"": 1}"	"{""bm25"": 0.2200917662980802, ""eos_compact_q4_fp16_o200"": 0.08514311764162101, ""eos_dense"": 0.08514311764162101, ""hybrid_minmax_blend_a050"": 0.18340980524840014, ""mxbai"": 0.2200917662980802, ""qwen3"": 0.2200917662980802}"	"{""bm25"": 0.1875, ""eos_compact_q4_fp16_o200"": 0.375, ""eos_dense"": 0.375, ""hybrid_minmax_blend_a050"": 0.375, ""mxbai"": 0.25, ""qwen3"": 0.25}"	"{""bm25"": ""MED-2112"", ""eos_compact_q4_fp16_o200"": ""MED-3113"", ""eos_dense"": ""MED-3113"", ""hybrid_minmax_blend_a050"": ""MED-3113"", ""mxbai"": ""MED-2112"", ""qwen3"": ""MED-2112""}"
nfcorpus	PLAIN-1151	153	True	True	False	False	"{""bm25"": 5, ""eos_compact_q4_fp16_o200"": 28, ""eos_dense"": 28, ""hybrid_minmax_blend_a050"": 7, ""mxbai"": 2, ""qwen3"": 1}"	"{""bm25"": 0.15139734109601005, ""eos_compact_q4_fp16_o200"": 0.0, ""eos_dense"": 0.0, ""hybrid_minmax_blend_a050"": 0.07336392209936006, ""mxbai"": 0.694765116060299, ""qwen3"": 0.8454256604216018}"	"{""bm25"": 0.06535947712418301, ""eos_compact_q4_fp16_o200"": 0.058823529411764705, ""eos_dense"": 0.058823529411764705, ""hybrid_minmax_blend_a050"": 0.0718954248366013, ""mxbai"": 0.23529411764705882, ""qwen3"": 0.32679738562091504}"	"{""bm25"": ""MED-1179"", ""eos_compact_q4_fp16_o200"": ""MED-4026"", ""eos_dense"": ""MED-4026"", ""hybrid_minmax_blend_a050"": ""MED-1179"", ""mxbai"": ""MED-3306"", ""qwen3"": ""MED-4932""}"
nfcorpus	PLAIN-1161	1	True	False	False	True	"{""bm25"": 0, ""eos_compact_q4_fp16_o200"": 0, ""eos_dense"": 0, ""hybrid_minmax_blend_a050"": 0, ""mxbai"": 0, ""qwen3"": 0}"	"{""bm25"": 0.0, ""eos_compact_q4_fp16_o200"": 0.0, ""eos_dense"": 0.0, ""hybrid_minmax_blend_a050"": 0.0, ""mxbai"": 0.0, ""qwen3"": 0.0}"	"{""bm25"": 0.0, ""eos_compact_q4_fp16_o200"": 0.0, ""eos_dense"": 0.0, ""hybrid_minmax_blend_a050"": 0.0, ""mxbai"": 0.0, ""qwen3"": 0.0}"	"{""bm25"": ""MED-3584"", ""eos_compact_q4_fp16_o200"": ""MED-3143"", ""eos_dense"": ""MED-3143"", ""hybrid_minmax_blend_a050"": ""MED-3138"", ""mxbai"": ""MED-2570"", ""qwen3"": ""MED-2570""}"
nfcorpus	PLAIN-1172	19	True	True	True	True	"{""bm25"": 1, ""eos_compact_q4_fp16_o200"": 17, ""eos_dense"": 17, ""hybrid_minmax_blend_a050"": 1, ""mxbai"": 1, ""qwen3"": 1}"	"{""bm25"": 0.2200917662980802, ""eos_compact_q4_fp16_o200"": 0.0, ""eos_dense"": 0.0, ""hybrid_minmax_blend_a050"": 0.2200917662980802, ""mxbai"": 0.2200917662980802, ""qwen3"": 0.2200917662980802}"	"{""bm25"": 0.05263157894736842, ""eos_compact_q4_fp16_o200"": 0.05263157894736842, ""eos_dense"": 0.05263157894736842, ""hybrid_minmax_blend_a050"": 0.05263157894736842, ""mxbai"": 0.05263157894736842, ""qwen3"": 0.2631578947368421}"	"{""bm25"": ""MED-4150"", ""eos_compact_q4_fp16_o200"": ""MED-3447"", ""eos_dense"": ""MED-3447"", ""hybrid_minmax_blend_a050"": ""MED-4150"", ""mxbai"": ""MED-4150"", ""qwen3"": ""MED-4150""}"
nfcorpus	PLAIN-1183	25	False	True	False	False	"{""bm25"": 1, ""eos_compact_q4_fp16_o200"": 1, ""eos_dense"": 1, ""hybrid_minmax_blend_a050"": 1, ""mxbai"": 2, ""qwen3"": 4}"	"{""bm25"": 0.28952298823485745, ""eos_compact_q4_fp16_o200"": 0.2200917662980802, ""eos_dense"": 0.2200917662980802, ""hybrid_minmax_blend_a050"": 0.2837125544970319, ""mxbai"": 0.23365080824310533, ""qwen3"": 0.16421958630632805}"	"{""bm25"": 0.08, ""eos_compact_q4_fp16_o200"": 0.08, ""eos_dense"": 0.08, ""hybrid_minmax_blend_a050"": 0.12, ""mxbai"": 0.12, ""qwen3"": 0.08}"	"{""bm25"": ""MED-1276"", ""eos_compact_q4_fp16_o200"": ""MED-1276"", ""eos_dense"": ""MED-1276"", ""hybrid_minmax_blend_a050"": ""MED-1276"", ""mxbai"": ""MED-5331"", ""qwen3"": ""MED-5369""}"
nfcorpus	PLAIN-1193	18	False	False	False	False	"{""bm25"": 11, ""eos_compact_q4_fp16_o200"": 2, ""eos_dense"": 2, ""hybrid_minmax_blend_a050"": 8, ""mxbai"": 9, ""qwen3"": 13}"	"{""bm25"": 0.0, ""eos_compact_q4_fp16_o200"": 0.13886244387355454, ""eos_dense"": 0.13886244387355454, ""hybrid_minmax_blend_a050"": 0.06943122193677727, ""mxbai"": 0.06625422345438904, ""qwen3"": 0.0}"	"{""bm25"": 0.4444444444444444, ""eos_compact_q4_fp16_o200"": 0.4444444444444444, ""eos_dense"": 0.4444444444444444, ""hybrid_minmax_blend_a050"": 0.6111111111111112, ""mxbai"": 0.5555555555555556, ""qwen3"": 0.4444444444444444}"	"{""bm25"": ""MED-2378"", ""eos_compact_q4_fp16_o200"": ""MED-4303"", ""eos_dense"": ""MED-4303"", ""hybrid_minmax_blend_a050"": ""MED-4303"", ""mxbai"": ""MED-3867"", ""qwen3"": ""MED-4443""}"
nfcorpus	PLAIN-1203	12	False	True	True	True	"{""bm25"": 1, ""eos_compact_q4_fp16_o200"": 1, ""eos_dense"": 1, ""hybrid_minmax_blend_a050"": 1, ""mxbai"": 1, ""qwen3"": 1}"	"{""bm25"": 0.3589542101716347, ""eos_compact_q4_fp16_o200"": 0.37148910739409025, ""eos_dense"": 0.37148910739409025, ""hybrid_minmax_blend_a050"": 0.3589542101716347, ""mxbai"": 0.5067837010870873, ""qwen3"": 0.48189984052515566}"	"{""bm25"": 0.16666666666666666, ""eos_compact_q4_fp16_o200"": 0.3333333333333333, ""eos_dense"": 0.3333333333333333, ""hybrid_minmax_blend_a050"": 0.3333333333333333, ""mxbai"": 0.3333333333333333, ""qwen3"": 0.3333333333333333}"	"{""bm25"": ""MED-4771"", ""eos_compact_q4_fp16_o200"": ""MED-4771"", ""eos_dense"": ""MED-4771"", ""hybrid_minmax_blend_a050"": ""MED-4771"", ""mxbai"": ""MED-1203"", ""qwen3"": ""MED-1203""}"
nfcorpus	PLAIN-1214	17	True	False	False	False	"{""bm25"": 0, ""eos_compact_q4_fp16_o200"": 45, ""eos_dense"": 45, ""hybrid_minmax_blend_a050"": 0, ""mxbai"": 65, ""qwen3"": 2}"	"{""bm25"": 0.0, ""eos_compact_q4_fp16_o200"": 0.0, ""eos_dense"": 0.0, ""hybrid_minmax_blend_a050"": 0.0, ""mxbai"": 0.0, ""qwen3"": 0.20511666732794356}"	"{""bm25"": 0.0, ""eos_compact_q4_fp16_o200"": 0.058823529411764705, ""eos_dense"": 0.058823529411764705, ""hybrid_minmax_blend_a050"": 0.0, ""mxbai"": 0.058823529411764705, ""qwen3"": 0.29411764705882354}"	"{""bm25"": ""MED-10"", ""eos_compact_q4_fp16_o200"": ""MED-995"", ""eos_dense"": ""MED-995"", ""hybrid_minmax_blend_a050"": ""MED-1005"", ""mxbai"": ""MED-1711"", ""qwen3"": ""MED-1471""}"
nfcorpus	PLAIN-1225	27	False	True	True	False	"{""bm25"": 2, ""eos_compact_q4_fp16_o200"": 2, ""eos_dense"": 2, ""hybrid_minmax_blend_a050"": 1, ""mxbai"": 1, ""qwen3"": 1}"	"{""bm25"": 0.521098444712307, ""eos_compact_q4_fp16_o200"": 0.2172607128522299, ""eos_dense"": 0.2172607128522299, ""hybrid_minmax_blend_a050"": 0.5670429581667767, ""mxbai"": 0.706583601726363, ""qwen3"": 0.7264127302306637}"	"{""bm25"": 0.37037037037037035, ""eos_compact_q4_fp16_o200"": 0.3333333333333333, ""eos_dense"": 0.3333333333333333, ""hybrid_minmax_blend_a050"": 0.4444444444444444, ""mxbai"": 0.5555555555555556, ""qwen3"": 0.5555555555555556}"	"{""bm25"": ""MED-918"", ""eos_compact_q4_fp16_o200"": ""MED-5255"", ""eos_dense"": ""MED-5255"", ""hybrid_minmax_blend_a050"": ""MED-1669"", ""mxbai"": ""MED-1710"", ""qwen3"": ""MED-1674""}"
nfcorpus	PLAIN-1236	5	False	True	True	True	"{""bm25"": 1, ""eos_compact_q4_fp16_o200"": 3, ""eos_dense"": 3, ""hybrid_minmax_blend_a050"": 1, ""mxbai"": 1, ""qwen3"": 1}"	"{""bm25"": 0.3391602052736162, ""eos_compact_q4_fp16_o200"": 0.1695801026368081, ""eos_dense"": 0.1695801026368081, ""hybrid_minmax_blend_a050"": 0.3391602052736162, ""mxbai"": 0.3391602052736162, ""qwen3"": 0.3391602052736162}"	"{""bm25"": 0.2, ""eos_compact_q4_fp16_o200"": 0.2, ""eos_dense"": 0.2, ""hybrid_minmax_blend_a050"": 0.2, ""mxbai"": 0.2, ""qwen3"": 0.2}"	"{""bm25"": ""MED-1341"", ""eos_compact_q4_fp16_o200"": ""MED-2117"", ""eos_dense"": ""MED-2117"", ""hybrid_minmax_blend_a050"": ""MED-1341"", ""mxbai"": ""MED-1341"", ""qwen3"": ""MED-1341""}"
nfcorpus	PLAIN-1249	4	True	False	False	False	"{""bm25"": 0, ""eos_compact_q4_fp16_o200"": 0, ""eos_dense"": 0, ""hybrid_minmax_blend_a050"": 0, ""mxbai"": 0, ""qwen3"": 0}"	"{""bm25"": 0.0, ""eos_compact_q4_fp16_o200"": 0.0, ""eos_dense"": 0.0, ""hybrid_minmax_blend_a050"": 0.0, ""mxbai"": 0.0, ""qwen3"": 0.0}"	"{""bm25"": 0.0, ""eos_compact_q4_fp16_o200"": 0.0, ""eos_dense"": 0.0, ""hybrid_minmax_blend_a050"": 0.0, ""mxbai"": 0.0, ""qwen3"": 0.0}"	"{""bm25"": ""MED-3283"", ""eos_compact_q4_fp16_o200"": ""MED-5001"", ""eos_dense"": ""MED-5001"", ""hybrid_minmax_blend_a050"": ""MED-5001"", ""mxbai"": ""MED-1753"", ""qwen3"": ""MED-5055""}"
nfcorpus	PLAIN-1262	10	False	True	True	True	"{""bm25"": 1, ""eos_compact_q4_fp16_o200"": 1, ""eos_dense"": 1, ""hybrid_minmax_blend_a050"": 1, ""mxbai"": 1, ""qwen3"": 1}"	"{""bm25"": 0.4249260138166711, ""eos_compact_q4_fp16_o200"": 0.29345568839744024, ""eos_dense"": 0.29345568839744024, ""hybrid_minmax_blend_a050"": 0.4085359184257956, ""mxbai"": 0.4690000933206748, ""qwen3"": 0.4690000933206748}"	"{""bm25"": 0.3, ""eos_compact_q4_fp16_o200"": 0.2, ""eos_dense"": 0.2, ""hybrid_minmax_blend_a050"": 0.3, ""mxbai"": 0.3, ""qwen3"": 0.3}"	"{""bm25"": ""MED-5293"", ""eos_compact_q4_fp16_o200"": ""MED-5293"", ""eos_dense"": ""MED-5293"", ""hybrid_minmax_blend_a050"": ""MED-5293"", ""mxbai"": ""MED-5293"", ""qwen3"": ""MED-5293""}"
nfcorpus	PLAIN-1275	55	False	True	True	True	"{""bm25"": 1, ""eos_compact_q4_fp16_o200"": 2, ""eos_dense"": 2, ""hybrid_minmax_blend_a050"": 1, ""mxbai"": 1, ""qwen3"": 1}"	"{""bm25"": 0.4537425745411855, ""eos_compact_q4_fp16_o200"": 0.2934367834519528, ""eos_dense"": 0.2934367834519528, ""hybrid_minmax_blend_a050"": 0.5884674004369674, ""mxbai"": 0.727329844310522, ""qwen3"": 0.791726719367984}"	"{""bm25"": 0.10909090909090909, ""eos_compact_q4_fp16_o200"": 0.21818181818181817, ""eos_dense"": 0.21818181818181817, ""hybrid_minmax_blend_a050"": 0.23636363636363636, ""mxbai"": 0.34545454545454546, ""qwen3"": 0.36363636363636365}"	"{""bm25"": ""MED-4712"", ""eos_compact_q4_fp16_o200"": ""MED-2280"", ""eos_dense"": ""MED-2280"", ""hybrid_minmax_blend_a050"": ""MED-5083"", ""mxbai"": ""MED-4712"", ""qwen3"": ""MED-4712""}"
nfcorpus	PLAIN-1288	196	True	True	False	False	"{""bm25"": 1, ""eos_compact_q4_fp16_o200"": 16, ""eos_dense"": 16, ""hybrid_minmax_blend_a050"": 1, ""mxbai"": 1, ""qwen3"": 3}"	"{""bm25"": 0.7381919257729246, ""eos_compact_q4_fp16_o200"": 0.0, ""eos_dense"": 0.0, ""hybrid_minmax_blend_a050"": 0.4252084336260238, ""mxbai"": 0.8454256604216018, ""qwen3"": 0.2496640287027892}"	"{""bm25"": 0.05102040816326531, ""eos_compact_q4_fp16_o200"": 0.015306122448979591, ""eos_dense"": 0.015306122448979591, ""hybrid_minmax_blend_a050"": 0.05612244897959184, ""mxbai"": 0.1377551020408163, ""qwen3"": 0.10714285714285714}"	"{""bm25"": ""MED-1538"", ""eos_compact_q4_fp16_o200"": ""MED-2001"", ""eos_dense"": ""MED-2001"", ""hybrid_minmax_blend_a050"": ""MED-1533"", ""mxbai"": ""MED-2668"", ""qwen3"": ""MED-398""}"
nfcorpus	PLAIN-1299	61	False	True	True	False	"{""bm25"": 1, ""eos_compact_q4_fp16_o200"": 10, ""eos_dense"": 10, ""hybrid_minmax_blend_a050"": 2, ""mxbai"": 1, ""qwen3"": 1}"	"{""bm25"": 0.2863459897524693, ""eos_compact_q4_fp16_o200"": 0.06362078819895173, ""eos_dense"": 0.06362078819895173, ""hybrid_minmax_blend_a050"": 0.2122263659729146, ""mxbai"": 0.2200917662980802, ""qwen3"": 0.28952298823485745}"	"{""bm25"": 0.04918032786885246, ""eos_compact_q4_fp16_o200"": 0.01639344262295082, ""eos_dense"": 0.01639344262295082, ""hybrid_minmax_blend_a050"": 0.04918032786885246, ""mxbai"": 0.04918032786885246, ""qwen3"": 0.03278688524590164}"	"{""bm25"": ""MED-4747"", ""eos_compact_q4_fp16_o200"": ""MED-1223"", ""eos_dense"": ""MED-1223"", ""hybrid_minmax_blend_a050"": ""MED-1223"", ""mxbai"": ""MED-4747"", ""qwen3"": ""MED-2774""}"
nfcorpus	PLAIN-1309	4	True	False	False	False	"{""bm25"": 0, ""eos_compact_q4_fp16_o200"": 0, ""eos_dense"": 0, ""hybrid_minmax_blend_a050"": 0, ""mxbai"": 42, ""qwen3"": 82}"	"{""bm25"": 0.0, ""eos_compact_q4_fp16_o200"": 0.0, ""eos_dense"": 0.0, ""hybrid_minmax_blend_a050"": 0.0, ""mxbai"": 0.0, ""qwen3"": 0.0}"	"{""bm25"": 0.0, ""eos_compact_q4_fp16_o200"": 0.0, ""eos_dense"": 0.0, ""hybrid_minmax_blend_a050"": 0.0, ""mxbai"": 0.5, ""qwen3"": 0.25}"	"{""bm25"": ""MED-10"", ""eos_compact_q4_fp16_o200"": ""MED-4417"", ""eos_dense"": ""MED-4417"", ""hybrid_minmax_blend_a050"": ""MED-1050"", ""mxbai"": ""MED-3030"", ""qwen3"": ""MED-4874""}"
nfcorpus	PLAIN-1320	6	True	True	False	False	"{""bm25"": 2, ""eos_compact_q4_fp16_o200"": 0, ""eos_dense"": 0, ""hybrid_minmax_blend_a050"": 4, ""mxbai"": 1, ""qwen3"": 2}"	"{""bm25"": 0.4500112274528523, ""eos_compact_q4_fp16_o200"": 0.0, ""eos_dense"": 0.0, ""hybrid_minmax_blend_a050"": 0.22578419899983798, ""mxbai"": 0.45390362024822023, ""qwen3"": 0.43331447615179947}"	"{""bm25"": 0.5, ""eos_compact_q4_fp16_o200"": 0.0, ""eos_dense"": 0.0, ""hybrid_minmax_blend_a050"": 0.5, ""mxbai"": 0.5, ""qwen3"": 0.5}"	"{""bm25"": ""MED-4929"", ""eos_compact_q4_fp16_o200"": ""MED-3254"", ""eos_dense"": ""MED-3254"", ""hybrid_minmax_blend_a050"": ""MED-3254"", ""mxbai"": ""MED-2760"", ""qwen3"": ""MED-4929""}"
nfcorpus	PLAIN-1331	1	True	False	False	False	"{""bm25"": 0, ""eos_compact_q4_fp16_o200"": 0, ""eos_dense"": 0, ""hybrid_minmax_blend_a050"": 0, ""mxbai"": 0, ""qwen3"": 0}"	"{""bm25"": 0.0, ""eos_compact_q4_fp16_o200"": 0.0, ""eos_dense"": 0.0, ""hybrid_minmax_blend_a050"": 0.0, ""mxbai"": 0.0, ""qwen3"": 0.0}"	"{""bm25"": 0.0, ""eos_compact_q4_fp16_o200"": 0.0, ""eos_dense"": 0.0, ""hybrid_minmax_blend_a050"": 0.0, ""mxbai"": 0.0, ""qwen3"": 0.0}"	"{""bm25"": ""MED-3381"", ""eos_compact_q4_fp16_o200"": ""MED-1520"", ""eos_dense"": ""MED-1520"", ""hybrid_minmax_blend_a050"": ""MED-1520"", ""mxbai"": ""MED-901"", ""qwen3"": ""MED-4883""}"
nfcorpus	PLAIN-1342	16	False	True	True	False	"{""bm25"": 2, ""eos_compact_q4_fp16_o200"": 1, ""eos_dense"": 1, ""hybrid_minmax_blend_a050"": 1, ""mxbai"": 1, ""qwen3"": 1}"	"{""bm25"": 0.3340514446642156, ""eos_compact_q4_fp16_o200"": 0.5766882048947065, ""eos_dense"": 0.5766882048947065, ""hybrid_minmax_blend_a050"": 0.5677211578528084, ""mxbai"": 0.570404489286039, ""qwen3"": 0.5423640154200349}"	"{""bm25"": 0.3125, ""eos_compact_q4_fp16_o200"": 0.3125, ""eos_dense"": 0.3125, ""hybrid_minmax_blend_a050"": 0.3125, ""mxbai"": 0.3125, ""qwen3"": 0.3125}"	"{""bm25"": ""MED-2851"", ""eos_compact_q4_fp16_o200"": ""MED-4317"", ""eos_dense"": ""MED-4317"", ""hybrid_minmax_blend_a050"": ""MED-4317"", ""mxbai"": ""MED-1403"", ""qwen3"": ""MED-4317""}"
nfcorpus	PLAIN-1353	4	True	False	False	True	"{""bm25"": 0, ""eos_compact_q4_fp16_o200"": 0, ""eos_dense"": 0, ""hybrid_minmax_blend_a050"": 0, ""mxbai"": 0, ""qwen3"": 0}"	"{""bm25"": 0.0, ""eos_compact_q4_fp16_o200"": 0.0, ""eos_dense"": 0.0, ""hybrid_minmax_blend_a050"": 0.0, ""mxbai"": 0.0, ""qwen3"": 0.0}"	"{""bm25"": 0.0, ""eos_compact_q4_fp16_o200"": 0.0, ""eos_dense"": 0.0, ""hybrid_minmax_blend_a050"": 0.0, ""mxbai"": 0.0, ""qwen3"": 0.0}"	"{""bm25"": ""MED-976"", ""eos_compact_q4_fp16_o200"": ""MED-3533"", ""eos_dense"": ""MED-3533"", ""hybrid_minmax_blend_a050"": ""MED-976"", ""mxbai"": ""MED-976"", ""qwen3"": ""MED-976""}"
nfcorpus	PLAIN-1363	11	True	True	False	True	"{""bm25"": 1, ""eos_compact_q4_fp16_o200"": 16, ""eos_dense"": 16, ""hybrid_minmax_blend_a050"": 1, ""mxbai"": 4, ""qwen3"": 3}"	"{""bm25"": 0.2200917662980802, ""eos_compact_q4_fp16_o200"": 0.0, ""eos_dense"": 0.0, ""hybrid_minmax_blend_a050"": 0.2200917662980802, ""mxbai"": 0.23047380976071713, ""qwen3"": 0.1100458831490401}"	"{""bm25"": 0.09090909090909091, ""eos_compact_q4_fp16_o200"": 0.5454545454545454, ""eos_dense"": 0.5454545454545454, ""hybrid_minmax_blend_a050"": 0.5454545454545454, ""mxbai"": 0.6363636363636364, ""qwen3"": 0.2727272727272727}"	"{""bm25"": ""MED-3620"", ""eos_compact_q4_fp16_o200"": ""MED-3633"", ""eos_dense"": ""MED-3633"", ""hybrid_minmax_blend_a050"": ""MED-3620"", ""mxbai"": ""MED-3632"", ""qwen3"": ""MED-3632""}"
nfcorpus	PLAIN-1374	26	True	True	False	False	"{""bm25"": 2, ""eos_compact_q4_fp16_o200"": 30, ""eos_dense"": 29, ""hybrid_minmax_blend_a050"": 8, ""mxbai"": 2, ""qwen3"": 10}"	"{""bm25"": 0.29062463495158997, ""eos_compact_q4_fp16_o200"": 0.0, ""eos_dense"": 0.0, ""hybrid_minmax_blend_a050"": 0.06943122193677727, ""mxbai"": 0.13886244387355454, ""qwen3"": 0.06362078819895173}"	"{""bm25"": 0.11538461538461539, ""eos_compact_q4_fp16_o200"": 0.07692307692307693, ""eos_dense"": 0.07692307692307693, ""hybrid_minmax_blend_a050"": 0.15384615384615385, ""mxbai"": 0.2692307692307692, ""qwen3"": 0.34615384615384615}"	"{""bm25"": ""MED-820"", ""eos_compact_q4_fp16_o200"": ""MED-3398"", ""eos_dense"": ""MED-3398"", ""hybrid_minmax_blend_a050"": ""MED-3398"", ""mxbai"": ""MED-4322"", ""qwen3"": ""MED-4425""}"
nfcorpus	PLAIN-1387	12	False	True	True	False	"{""bm25"": 1, ""eos_compact_q4_fp16_o200"": 1, ""eos_dense"": 1, ""hybrid_minmax_blend_a050"": 1, ""mxbai"": 1, ""qwen3"": 1}"	"{""bm25"": 0.6243301345792678, ""eos_compact_q4_fp16_o200"": 0.48854680201562284, ""eos_dense"": 0.48854680201562284, ""hybrid_minmax_blend_a050"": 0.727329844310522, ""mxbai"": 0.6843830725976621, ""qwen3"": 0.791726719367984}"	"{""bm25"": 0.6666666666666666, ""eos_compact_q4_fp16_o200"": 0.6666666666666666, ""eos_dense"": 0.6666666666666666, ""hybrid_minmax_blend_a050"": 0.75, ""mxbai"": 0.6666666666666666, ""qwen3"": 0.6666666666666666}"	"{""bm25"": ""MED-3380"", ""eos_compact_q4_fp16_o200"": ""MED-3380"", ""eos_dense"": ""MED-3380"", ""hybrid_minmax_blend_a050"": ""MED-3380"", ""mxbai"": ""MED-3380"", ""qwen3"": ""MED-5062""}"
nfcorpus	PLAIN-1398	103	False	True	True	False	"{""bm25"": 1, ""eos_compact_q4_fp16_o200"": 1, ""eos_dense"": 1, ""hybrid_minmax_blend_a050"": 1, ""mxbai"": 1, ""qwen3"": 1}"	"{""bm25"": 1.0, ""eos_compact_q4_fp16_o200"": 0.9363792118010483, ""eos_dense"": 0.9363792118010483, ""hybrid_minmax_blend_a050"": 1.0, ""mxbai"": 1.0, ""qwen3"": 1.0}"	"{""bm25"": 0.27184466019417475, ""eos_compact_q4_fp16_o200"": 0.2524271844660194, ""eos_dense"": 0.2524271844660194, ""hybrid_minmax_blend_a050"": 0.2912621359223301, ""mxbai"": 0.30097087378640774, ""qwen3"": 0.32038834951456313}"	"{""bm25"": ""MED-1715"", ""eos_compact_q4_fp16_o200"": ""MED-4228"", ""eos_dense"": ""MED-4228"", ""hybrid_minmax_blend_a050"": ""MED-4228"", ""mxbai"": ""MED-4223"", ""qwen3"": ""MED-1715""}"
nfcorpus	PLAIN-1409	253	True	True	False	False	"{""bm25"": 10, ""eos_compact_q4_fp16_o200"": 0, ""eos_dense"": 0, ""hybrid_minmax_blend_a050"": 11, ""mxbai"": 8, ""qwen3"": 1}"	"{""bm25"": 0.06362078819895173, ""eos_compact_q4_fp16_o200"": 0.0, ""eos_dense"": 0.0, ""hybrid_minmax_blend_a050"": 0.0, ""mxbai"": 0.06943122193677727, ""qwen3"": 0.4381081808305046}"	"{""bm25"": 0.023715415019762844, ""eos_compact_q4_fp16_o200"": 0.0, ""eos_dense"": 0.0, ""hybrid_minmax_blend_a050"": 0.023715415019762844, ""mxbai"": 0.09881422924901186, ""qwen3"": 0.12648221343873517}"	"{""bm25"": ""MED-1570"", ""eos_compact_q4_fp16_o200"": ""MED-3087"", ""eos_dense"": ""MED-3087"", ""hybrid_minmax_blend_a050"": ""MED-3087"", ""mxbai"": ""MED-1142"", ""qwen3"": ""MED-2650""}"
nfcorpus	PLAIN-1419	65	True	True	False	False	"{""bm25"": 1, ""eos_compact_q4_fp16_o200"": 34, ""eos_dense"": 34, ""hybrid_minmax_blend_a050"": 1, ""mxbai"": 2, ""qwen3"": 1}"	"{""bm25"": 0.314880130667631, ""eos_compact_q4_fp16_o200"": 0.0, ""eos_dense"": 0.0, ""hybrid_minmax_blend_a050"": 0.29345568839744024, ""mxbai"": 0.4705561169627618, ""qwen3"": 0.6110191504983019}"	"{""bm25"": 0.03076923076923077, ""eos_compact_q4_fp16_o200"": 0.015384615384615385, ""eos_dense"": 0.015384615384615385, ""hybrid_minmax_blend_a050"": 0.03076923076923077, ""mxbai"": 0.27692307692307694, ""qwen3"": 0.2}"	"{""bm25"": ""MED-4198"", ""eos_compact_q4_fp16_o200"": ""MED-4954"", ""eos_dense"": ""MED-4954"", ""hybrid_minmax_blend_a050"": ""MED-4198"", ""mxbai"": ""MED-3710"", ""qwen3"": ""MED-4198""}"
nfcorpus	PLAIN-1429	6	True	False	False	False	"{""bm25"": 0, ""eos_compact_q4_fp16_o200"": 0, ""eos_dense"": 0, ""hybrid_minmax_blend_a050"": 0, ""mxbai"": 0, ""qwen3"": 94}"	"{""bm25"": 0.0, ""eos_compact_q4_fp16_o200"": 0.0, ""eos_dense"": 0.0, ""hybrid_minmax_blend_a050"": 0.0, ""mxbai"": 0.0, ""qwen3"": 0.0}"	"{""bm25"": 0.0, ""eos_compact_q4_fp16_o200"": 0.0, ""eos_dense"": 0.0, ""hybrid_minmax_blend_a050"": 0.0, ""mxbai"": 0.0, ""qwen3"": 0.16666666666666666}"	"{""bm25"": ""MED-1381"", ""eos_compact_q4_fp16_o200"": ""MED-4299"", ""eos_dense"": ""MED-4299"", ""hybrid_minmax_blend_a050"": ""MED-4299"", ""mxbai"": ""MED-4925"", ""qwen3"": ""MED-4160""}"
nfcorpus	PLAIN-1441	186	True	True	False	False	"{""bm25"": 2, ""eos_compact_q4_fp16_o200"": 12, ""eos_dense"": 12, ""hybrid_minmax_blend_a050"": 2, ""mxbai"": 2, ""qwen3"": 1}"	"{""bm25"": 0.42883980903376645, ""eos_compact_q4_fp16_o200"": 0.0, ""eos_dense"": 0.0, ""hybrid_minmax_blend_a050"": 0.40067051810063, ""mxbai"": 0.533722528236359, ""qwen3"": 0.7241528458281338}"	"{""bm25"": 0.12903225806451613, ""eos_compact_q4_fp16_o200"": 0.07526881720430108, ""eos_dense"": 0.07526881720430108, ""hybrid_minmax_blend_a050"": 0.13440860215053763, ""mxbai"": 0.1827956989247312, ""qwen3"": 0.1935483870967742}"	"{""bm25"": ""MED-2216"", ""eos_compact_q4_fp16_o200"": ""MED-3567"", ""eos_dense"": ""MED-3567"", ""hybrid_minmax_blend_a050"": ""MED-2216"", ""mxbai"": ""MED-4963"", ""qwen3"": ""MED-2770""}"
nfcorpus	PLAIN-1453	245	False	True	False	False	"{""bm25"": 1, ""eos_compact_q4_fp16_o200"": 10, ""eos_dense"": 10, ""hybrid_minmax_blend_a050"": 2, ""mxbai"": 5, ""qwen3"": 5}"	"{""bm25"": 0.3785009188665827, ""eos_compact_q4_fp16_o200"": 0.06362078819895173, ""eos_dense"": 0.06362078819895173, ""hybrid_minmax_blend_a050"": 0.13886244387355454, ""mxbai"": 0.2883820513943218, ""qwen3"": 0.3667803203729972}"	"{""bm25"": 0.10612244897959183, ""eos_compact_q4_fp16_o200"": 0.0163265306122449, ""eos_dense"": 0.0163265306122449, ""hybrid_minmax_blend_a050"": 0.036734693877551024, ""mxbai"": 0.1306122448979592, ""qwen3"": 0.1469387755102041}"	"{""bm25"": ""MED-2221"", ""eos_compact_q4_fp16_o200"": ""MED-1441"", ""eos_dense"": ""MED-1441"", ""hybrid_minmax_blend_a050"": ""MED-1441"", ""mxbai"": ""MED-5105"", ""qwen3"": ""MED-1208""}"
nfcorpus	PLAIN-1463	24	False	True	False	False	"{""bm25"": 1, ""eos_compact_q4_fp16_o200"": 6, ""eos_dense"": 6, ""hybrid_minmax_blend_a050"": 1, ""mxbai"": 2, ""qwen3"": 1}"	"{""bm25"": 0.43231813227099475, ""eos_compact_q4_fp16_o200"": 0.28163720273137616, ""eos_dense"": 0.28163720273137616, ""hybrid_minmax_blend_a050"": 0.494639655562801, ""mxbai"": 0.13886244387355454, ""qwen3"": 0.4354747455750673}"	"{""bm25"": 0.375, ""eos_compact_q4_fp16_o200"": 0.3333333333333333, ""eos_dense"": 0.3333333333333333, ""hybrid_minmax_blend_a050"": 0.375, ""mxbai"": 0.3333333333333333, ""qwen3"": 0.3333333333333333}"	"{""bm25"": ""MED-2140"", ""eos_compact_q4_fp16_o200"": ""MED-717"", ""eos_dense"": ""MED-717"", ""hybrid_minmax_blend_a050"": ""MED-3136"", ""mxbai"": ""MED-5017"", ""qwen3"": ""MED-3136""}"
nfcorpus	PLAIN-1473	1	True	True	True	True	"{""bm25"": 1, ""eos_compact_q4_fp16_o200"": 0, ""eos_dense"": 0, ""hybrid_minmax_blend_a050"": 2, ""mxbai"": 1, ""qwen3"": 1}"	"{""bm25"": 1.0, ""eos_compact_q4_fp16_o200"": 0.0, ""eos_dense"": 0.0, ""hybrid_minmax_blend_a050"": 0.6309297535714574, ""mxbai"": 1.0, ""qwen3"": 1.0}"	"{""bm25"": 1.0, ""eos_compact_q4_fp16_o200"": 0.0, ""eos_dense"": 0.0, ""hybrid_minmax_blend_a050"": 1.0, ""mxbai"": 1.0, ""qwen3"": 1.0}"	"{""bm25"": ""MED-4455"", ""eos_compact_q4_fp16_o200"": ""MED-5351"", ""eos_dense"": ""MED-5351"", ""hybrid_minmax_blend_a050"": ""MED-5351"", ""mxbai"": ""MED-4455"", ""qwen3"": ""MED-4455""}"
nfcorpus	PLAIN-1485	54	True	True	False	False	"{""bm25"": 0, ""eos_compact_q4_fp16_o200"": 0, ""eos_dense"": 0, ""hybrid_minmax_blend_a050"": 0, ""mxbai"": 2, ""qwen3"": 9}"	"{""bm25"": 0.0, ""eos_compact_q4_fp16_o200"": 0.0, ""eos_dense"": 0.0, ""hybrid_minmax_blend_a050"": 0.0, ""mxbai"": 0.13886244387355454, ""qwen3"": 0.06625422345438904}"	"{""bm25"": 0.0, ""eos_compact_q4_fp16_o200"": 0.0, ""eos_dense"": 0.0, ""hybrid_minmax_blend_a050"": 0.0, ""mxbai"": 0.07407407407407407, ""qwen3"": 0.09259259259259259}"	"{""bm25"": ""MED-2099"", ""eos_compact_q4_fp16_o200"": ""MED-5210"", ""eos_dense"": ""MED-5210"", ""hybrid_minmax_blend_a050"": ""MED-5210"", ""mxbai"": ""MED-5016"", ""qwen3"": ""MED-4704""}"
nfcorpus	PLAIN-1496	1	True	False	False	False	"{""bm25"": 0, ""eos_compact_q4_fp16_o200"": 0, ""eos_dense"": 0, ""hybrid_minmax_blend_a050"": 0, ""mxbai"": 0, ""qwen3"": 0}"	"{""bm25"": 0.0, ""eos_compact_q4_fp16_o200"": 0.0, ""eos_dense"": 0.0, ""hybrid_minmax_blend_a050"": 0.0, ""mxbai"": 0.0, ""qwen3"": 0.0}"	"{""bm25"": 0.0, ""eos_compact_q4_fp16_o200"": 0.0, ""eos_dense"": 0.0, ""hybrid_minmax_blend_a050"": 0.0, ""mxbai"": 0.0, ""qwen3"": 0.0}"	"{""bm25"": ""MED-10"", ""eos_compact_q4_fp16_o200"": ""MED-707"", ""eos_dense"": ""MED-707"", ""hybrid_minmax_blend_a050"": ""MED-1042"", ""mxbai"": ""MED-2066"", ""qwen3"": ""MED-2073""}"
nfcorpus	PLAIN-1506	15	True	True	True	True	"{""bm25"": 1, ""eos_compact_q4_fp16_o200"": 67, ""eos_dense"": 67, ""hybrid_minmax_blend_a050"": 2, ""mxbai"": 1, ""qwen3"": 1}"	"{""bm25"": 0.29849003527675555, ""eos_compact_q4_fp16_o200"": 0.0, ""eos_dense"": 0.0, ""hybrid_minmax_blend_a050"": 0.20511666732794356, ""mxbai"": 0.29345568839744024, ""qwen3"": 0.3301376494471203}"	"{""bm25"": 0.13333333333333333, ""eos_compact_q4_fp16_o200"": 0.06666666666666667, ""eos_dense"": 0.06666666666666667, ""hybrid_minmax_blend_a050"": 0.2, ""mxbai"": 0.26666666666666666, ""qwen3"": 0.26666666666666666}"	"{""bm25"": ""MED-5239"", ""eos_compact_q4_fp16_o200"": ""MED-2326"", ""eos_dense"": ""MED-2326"", ""hybrid_minmax_blend_a050"": ""MED-2326"", ""mxbai"": ""MED-5239"", ""qwen3"": ""MED-5239""}"
nfcorpus	PLAIN-1516	2	True	False	False	False	"{""bm25"": 0, ""eos_compact_q4_fp16_o200"": 0, ""eos_dense"": 0, ""hybrid_minmax_blend_a050"": 0, ""mxbai"": 0, ""qwen3"": 0}"	"{""bm25"": 0.0, ""eos_compact_q4_fp16_o200"": 0.0, ""eos_dense"": 0.0, ""hybrid_minmax_blend_a050"": 0.0, ""mxbai"": 0.0, ""qwen3"": 0.0}"	"{""bm25"": 0.0, ""eos_compact_q4_fp16_o200"": 0.0, ""eos_dense"": 0.0, ""hybrid_minmax_blend_a050"": 0.0, ""mxbai"": 0.0, ""qwen3"": 0.0}"	"{""bm25"": ""MED-4181"", ""eos_compact_q4_fp16_o200"": ""MED-5088"", ""eos_dense"": ""MED-5088"", ""hybrid_minmax_blend_a050"": ""MED-5088"", ""mxbai"": ""MED-930"", ""qwen3"": ""MED-1126""}"
nfcorpus	PLAIN-1527	202	False	True	True	False	"{""bm25"": 1, ""eos_compact_q4_fp16_o200"": 1, ""eos_dense"": 1, ""hybrid_minmax_blend_a050"": 1, ""mxbai"": 1, ""qwen3"": 1}"	"{""bm25"": 1.0, ""eos_compact_q4_fp16_o200"": 0.5919268187287084, ""eos_dense"": 0.5919268187287084, ""hybrid_minmax_blend_a050"": 0.9337457765456111, ""mxbai"": 1.0, ""qwen3"": 0.9337457765456111}"	"{""bm25"": 0.15841584158415842, ""eos_compact_q4_fp16_o200"": 0.12871287128712872, ""eos_dense"": 0.12871287128712872, ""hybrid_minmax_blend_a050"": 0.1782178217821782, ""mxbai"": 0.21287128712871287, ""qwen3"": 0.18316831683168316}"	"{""bm25"": ""MED-2160"", ""eos_compact_q4_fp16_o200"": ""MED-2160"", ""eos_dense"": ""MED-2160"", ""hybrid_minmax_blend_a050"": ""MED-2160"", ""mxbai"": ""MED-4814"", ""qwen3"": ""MED-4101""}"
nfcorpus	PLAIN-1537	45	False	True	True	False	"{""bm25"": 7, ""eos_compact_q4_fp16_o200"": 3, ""eos_dense"": 3, ""hybrid_minmax_blend_a050"": 2, ""mxbai"": 1, ""qwen3"": 1}"	"{""bm25"": 0.07336392209936006, ""eos_compact_q4_fp16_o200"": 0.18340980524840014, ""eos_dense"": 0.18340980524840014, ""hybrid_minmax_blend_a050"": 0.28351493630661895, ""mxbai"": 0.7125523635307983, ""qwen3"": 0.6867151830982592}"	"{""bm25"": 0.2222222222222222, ""eos_compact_q4_fp16_o200"": 0.15555555555555556, ""eos_dense"": 0.15555555555555556, ""hybrid_minmax_blend_a050"": 0.15555555555555556, ""mxbai"": 0.26666666666666666, ""qwen3"": 0.24444444444444444}"	"{""bm25"": ""MED-4880"", ""eos_compact_q4_fp16_o200"": ""MED-2942"", ""eos_dense"": ""MED-2942"", ""hybrid_minmax_blend_a050"": ""MED-4880"", ""mxbai"": ""MED-1616"", ""qwen3"": ""MED-4515""}"
nfcorpus	PLAIN-1547	6	True	False	False	False	"{""bm25"": 0, ""eos_compact_q4_fp16_o200"": 0, ""eos_dense"": 0, ""hybrid_minmax_blend_a050"": 0, ""mxbai"": 14, ""qwen3"": 47}"	"{""bm25"": 0.0, ""eos_compact_q4_fp16_o200"": 0.0, ""eos_dense"": 0.0, ""hybrid_minmax_blend_a050"": 0.0, ""mxbai"": 0.0, ""qwen3"": 0.0}"	"{""bm25"": 0.0, ""eos_compact_q4_fp16_o200"": 0.0, ""eos_dense"": 0.0, ""hybrid_minmax_blend_a050"": 0.0, ""mxbai"": 0.3333333333333333, ""qwen3"": 0.16666666666666666}"	"{""bm25"": ""MED-2360"", ""eos_compact_q4_fp16_o200"": ""MED-983"", ""eos_dense"": ""MED-983"", ""hybrid_minmax_blend_a050"": ""MED-2360"", ""mxbai"": ""MED-2361"", ""qwen3"": ""MED-2360""}"
nfcorpus	PLAIN-1557	26	False	True	False	True	"{""bm25"": 3, ""eos_compact_q4_fp16_o200"": 3, ""eos_dense"": 3, ""hybrid_minmax_blend_a050"": 2, ""mxbai"": 2, ""qwen3"": 2}"	"{""bm25"": 0.27819816961795096, ""eos_compact_q4_fp16_o200"": 0.1100458831490401, ""eos_dense"": 0.1100458831490401, ""hybrid_minmax_blend_a050"": 0.2999050316974944, ""mxbai"": 0.2489083270225946, ""qwen3"": 0.23365080824310533}"	"{""bm25"": 0.15384615384615385, ""eos_compact_q4_fp16_o200"": 0.07692307692307693, ""eos_dense"": 0.07692307692307693, ""hybrid_minmax_blend_a050"": 0.19230769230769232, ""mxbai"": 0.11538461538461539, ""qwen3"": 0.07692307692307693}"	"{""bm25"": ""MED-1406"", ""eos_compact_q4_fp16_o200"": ""MED-1406"", ""eos_dense"": ""MED-1406"", ""hybrid_minmax_blend_a050"": ""MED-1406"", ""mxbai"": ""MED-1406"", ""qwen3"": ""MED-1406""}"
nfcorpus	PLAIN-1568	2	False	True	True	True	"{""bm25"": 1, ""eos_compact_q4_fp16_o200"": 1, ""eos_dense"": 1, ""hybrid_minmax_blend_a050"": 1, ""mxbai"": 1, ""qwen3"": 1}"	"{""bm25"": 1.0, ""eos_compact_q4_fp16_o200"": 0.6131471927654585, ""eos_dense"": 0.6131471927654585, ""hybrid_minmax_blend_a050"": 1.0, ""mxbai"": 1.0, ""qwen3"": 1.0}"	"{""bm25"": 1.0, ""eos_compact_q4_fp16_o200"": 0.5, ""eos_dense"": 0.5, ""hybrid_minmax_blend_a050"": 1.0, ""mxbai"": 1.0, ""qwen3"": 1.0}"	"{""bm25"": ""MED-4150"", ""eos_compact_q4_fp16_o200"": ""MED-4150"", ""eos_dense"": ""MED-4150"", ""hybrid_minmax_blend_a050"": ""MED-4150"", ""mxbai"": ""MED-4150"", ""qwen3"": ""MED-4150""}"
nfcorpus	PLAIN-1579	5	True	True	True	True	"{""bm25"": 1, ""eos_compact_q4_fp16_o200"": 13, ""eos_dense"": 13, ""hybrid_minmax_blend_a050"": 2, ""mxbai"": 1, ""qwen3"": 1}"	"{""bm25"": 0.3391602052736162, ""eos_compact_q4_fp16_o200"": 0.0, ""eos_dense"": 0.0, ""hybrid_minmax_blend_a050"": 0.21398626473452756, ""mxbai"": 0.3391602052736162, ""qwen3"": 0.3391602052736162}"	"{""bm25"": 0.2, ""eos_compact_q4_fp16_o200"": 0.2, ""eos_dense"": 0.2, ""hybrid_minmax_blend_a050"": 0.2, ""mxbai"": 0.4, ""qwen3"": 0.4}"	"{""bm25"": ""MED-4667"", ""eos_compact_q4_fp16_o200"": ""MED-4794"", ""eos_dense"": ""MED-4794"", ""hybrid_minmax_blend_a050"": ""MED-4801"", ""mxbai"": ""MED-4667"", ""qwen3"": ""MED-4667""}"
nfcorpus	PLAIN-1590	18	True	True	False	True	"{""bm25"": 1, ""eos_compact_q4_fp16_o200"": 34, ""eos_dense"": 34, ""hybrid_minmax_blend_a050"": 2, ""mxbai"": 7, ""qwen3"": 7}"	"{""bm25"": 0.2200917662980802, ""eos_compact_q4_fp16_o200"": 0.0, ""eos_dense"": 0.0, ""hybrid_minmax_blend_a050"": 0.13886244387355454, ""mxbai"": 0.07336392209936006, ""qwen3"": 0.07336392209936006}"	"{""bm25"": 0.2222222222222222, ""eos_compact_q4_fp16_o200"": 0.2222222222222222, ""eos_dense"": 0.2222222222222222, ""hybrid_minmax_blend_a050"": 0.1111111111111111, ""mxbai"": 0.2777777777777778, ""qwen3"": 0.2777777777777778}"	"{""bm25"": ""MED-3604"", ""eos_compact_q4_fp16_o200"": ""MED-1208"", ""eos_dense"": ""MED-1208"", ""hybrid_minmax_blend_a050"": ""MED-748"", ""mxbai"": ""MED-748"", ""qwen3"": ""MED-748""}"
nfcorpus	PLAIN-1601	74	False	True	True	False	"{""bm25"": 2, ""eos_compact_q4_fp16_o200"": 6, ""eos_dense"": 6, ""hybrid_minmax_blend_a050"": 1, ""mxbai"": 1, ""qwen3"": 1}"	"{""bm25"": 0.5806020001118019, ""eos_compact_q4_fp16_o200"": 0.14201905717762706, ""eos_dense"": 0.14201905717762706, ""hybrid_minmax_blend_a050"": 0.7534494445524139, ""mxbai"": 0.636474180103554, ""qwen3"": 0.7788065869851875}"	"{""bm25"": 0.22972972972972974, ""eos_compact_q4_fp16_o200"": 0.05405405405405406, ""eos_dense"": 0.06756756756756757, ""hybrid_minmax_blend_a050"": 0.22972972972972974, ""mxbai"": 0.2972972972972973, ""qwen3"": 0.32432432432432434}"	"{""bm25"": ""MED-1700"", ""eos_compact_q4_fp16_o200"": ""MED-1642"", ""eos_dense"": ""MED-1642"", ""hybrid_minmax_blend_a050"": ""MED-3537"", ""mxbai"": ""MED-4996"", ""qwen3"": ""MED-3537""}"
nfcorpus	PLAIN-1611	6	True	False	False	False	"{""bm25"": 0, ""eos_compact_q4_fp16_o200"": 0, ""eos_dense"": 0, ""hybrid_minmax_blend_a050"": 0, ""mxbai"": 0, ""qwen3"": 85}"	"{""bm25"": 0.0, ""eos_compact_q4_fp16_o200"": 0.0, ""eos_dense"": 0.0, ""hybrid_minmax_blend_a050"": 0.0, ""mxbai"": 0.0, ""qwen3"": 0.0}"	"{""bm25"": 0.0, ""eos_compact_q4_fp16_o200"": 0.0, ""eos_dense"": 0.0, ""hybrid_minmax_blend_a050"": 0.0, ""mxbai"": 0.0, ""qwen3"": 0.16666666666666666}"	"{""bm25"": ""MED-10"", ""eos_compact_q4_fp16_o200"": ""MED-5024"", ""eos_dense"": ""MED-5024"", ""hybrid_minmax_blend_a050"": ""MED-1041"", ""mxbai"": ""MED-3806"", ""qwen3"": ""MED-818""}"
nfcorpus	PLAIN-1621	4	True	False	False	False	"{""bm25"": 0, ""eos_compact_q4_fp16_o200"": 0, ""eos_dense"": 0, ""hybrid_minmax_blend_a050"": 0, ""mxbai"": 0, ""qwen3"": 0}"	"{""bm25"": 0.0, ""eos_compact_q4_fp16_o200"": 0.0, ""eos_dense"": 0.0, ""hybrid_minmax_blend_a050"": 0.0, ""mxbai"": 0.0, ""qwen3"": 0.0}"	"{""bm25"": 0.0, ""eos_compact_q4_fp16_o200"": 0.0, ""eos_dense"": 0.0, ""hybrid_minmax_blend_a050"": 0.0, ""mxbai"": 0.0, ""qwen3"": 0.0}"	"{""bm25"": ""MED-10"", ""eos_compact_q4_fp16_o200"": ""MED-5303"", ""eos_dense"": ""MED-5303"", ""hybrid_minmax_blend_a050"": ""MED-1015"", ""mxbai"": ""MED-1524"", ""qwen3"": ""MED-2807""}"
nfcorpus	PLAIN-1635	431	False	True	True	False	"{""bm25"": 3, ""eos_compact_q4_fp16_o200"": 1, ""eos_dense"": 1, ""hybrid_minmax_blend_a050"": 1, ""mxbai"": 1, ""qwen3"": 1}"	"{""bm25"": 0.4825387500873843, ""eos_compact_q4_fp16_o200"": 0.9305687780632229, ""eos_dense"": 0.9305687780632229, ""hybrid_minmax_blend_a050"": 0.8415908474314977, ""mxbai"": 0.7917063341896683, ""qwen3"": 0.9305687780632229}"	"{""bm25"": 0.14849187935034802, ""eos_compact_q4_fp16_o200"": 0.14849187935034802, ""eos_dense"": 0.14849187935034802, ""hybrid_minmax_blend_a050"": 0.15081206496519722, ""mxbai"": 0.15081206496519722, ""qwen3"": 0.1368909512761021}"	"{""bm25"": ""MED-3087"", ""eos_compact_q4_fp16_o200"": ""MED-4396"", ""eos_dense"": ""MED-4396"", ""hybrid_minmax_blend_a050"": ""MED-4899"", ""mxbai"": ""MED-1226"", ""qwen3"": ""MED-1223""}"
nfcorpus	PLAIN-1645	6	True	False	False	False	"{""bm25"": 1, ""eos_compact_q4_fp16_o200"": 42, ""eos_dense"": 42, ""hybrid_minmax_blend_a050"": 1, ""mxbai"": 1, ""qwen3"": 19}"	"{""bm25"": 0.3026024134988135, ""eos_compact_q4_fp16_o200"": 0.0, ""eos_dense"": 0.0, ""hybrid_minmax_blend_a050"": 0.3026024134988135, ""mxbai"": 0.3026024134988135, ""qwen3"": 0.0}"	"{""bm25"": 0.16666666666666666, ""eos_compact_q4_fp16_o200"": 0.16666666666666666, ""eos_dense"": 0.16666666666666666, ""hybrid_minmax_blend_a050"": 0.16666666666666666, ""mxbai"": 0.16666666666666666, ""qwen3"": 0.16666666666666666}"	"{""bm25"": ""MED-5056"", ""eos_compact_q4_fp16_o200"": ""MED-1160"", ""eos_dense"": ""MED-1160"", ""hybrid_minmax_blend_a050"": ""MED-5056"", ""mxbai"": ""MED-5056"", ""qwen3"": ""MED-4150""}"
nfcorpus	PLAIN-1656	28	True	False	False	False	"{""bm25"": 4, ""eos_compact_q4_fp16_o200"": 13, ""eos_dense"": 13, ""hybrid_minmax_blend_a050"": 7, ""mxbai"": 14, ""qwen3"": 9}"	"{""bm25"": 0.09478836436955079, ""eos_compact_q4_fp16_o200"": 0.0, ""eos_dense"": 0.0, ""hybrid_minmax_blend_a050"": 0.07336392209936006, ""mxbai"": 0.0, ""qwen3"": 0.06625422345438904}"	"{""bm25"": 0.03571428571428571, ""eos_compact_q4_fp16_o200"": 0.03571428571428571, ""eos_dense"": 0.03571428571428571, ""hybrid_minmax_blend_a050"": 0.07142857142857142, ""mxbai"": 0.14285714285714285, ""qwen3"": 0.17857142857142858}"	"{""bm25"": ""MED-4470"", ""eos_compact_q4_fp16_o200"": ""MED-1559"", ""eos_dense"": ""MED-1559"", ""hybrid_minmax_blend_a050"": ""MED-3764"", ""mxbai"": ""MED-4030"", ""qwen3"": ""MED-3717""}"
nfcorpus	PLAIN-1667	159	False	True	True	True	"{""bm25"": 2, ""eos_compact_q4_fp16_o200"": 1, ""eos_dense"": 1, ""hybrid_minmax_blend_a050"": 1, ""mxbai"": 1, ""qwen3"": 1}"	"{""bm25"": 0.7015099647232446, ""eos_compact_q4_fp16_o200"": 0.793584067764911, ""eos_dense"": 0.793584067764911, ""hybrid_minmax_blend_a050"": 0.9305687780632229, ""mxbai"": 0.8454256604216018, ""qwen3"": 0.713308065210993}"	"{""bm25"": 0.22641509433962265, ""eos_compact_q4_fp16_o200"": 0.2138364779874214, ""eos_dense"": 0.2138364779874214, ""hybrid_minmax_blend_a050"": 0.24528301886792453, ""mxbai"": 0.2830188679245283, ""qwen3"": 0.20754716981132076}"	"{""bm25"": ""MED-4626"", ""eos_compact_q4_fp16_o200"": ""MED-4830"", ""eos_dense"": ""MED-4830"", ""hybrid_minmax_blend_a050"": ""MED-4830"", ""mxbai"": ""MED-3460"", ""qwen3"": ""MED-3460""}"
nfcorpus	PLAIN-1679	1	True	False	False	False	"{""bm25"": 0, ""eos_compact_q4_fp16_o200"": 0, ""eos_dense"": 0, ""hybrid_minmax_blend_a050"": 0, ""mxbai"": 1, ""qwen3"": 26}"	"{""bm25"": 0.0, ""eos_compact_q4_fp16_o200"": 0.0, ""eos_dense"": 0.0, ""hybrid_minmax_blend_a050"": 0.0, ""mxbai"": 1.0, ""qwen3"": 0.0}"	"{""bm25"": 0.0, ""eos_compact_q4_fp16_o200"": 0.0, ""eos_dense"": 0.0, ""hybrid_minmax_blend_a050"": 0.0, ""mxbai"": 1.0, ""qwen3"": 1.0}"	"{""bm25"": ""MED-10"", ""eos_compact_q4_fp16_o200"": ""MED-3314"", ""eos_dense"": ""MED-3314"", ""hybrid_minmax_blend_a050"": ""MED-1122"", ""mxbai"": ""MED-5142"", ""qwen3"": ""MED-1105""}"
nfcorpus	PLAIN-1690	4	True	False	False	False	"{""bm25"": 49, ""eos_compact_q4_fp16_o200"": 0, ""eos_dense"": 0, ""hybrid_minmax_blend_a050"": 0, ""mxbai"": 0, ""qwen3"": 0}"	"{""bm25"": 0.0, ""eos_compact_q4_fp16_o200"": 0.0, ""eos_dense"": 0.0, ""hybrid_minmax_blend_a050"": 0.0, ""mxbai"": 0.0, ""qwen3"": 0.0}"	"{""bm25"": 0.25, ""eos_compact_q4_fp16_o200"": 0.0, ""eos_dense"": 0.0, ""hybrid_minmax_blend_a050"": 0.0, ""mxbai"": 0.0, ""qwen3"": 0.0}"	"{""bm25"": ""MED-4599"", ""eos_compact_q4_fp16_o200"": ""MED-2219"", ""eos_dense"": ""MED-2219"", ""hybrid_minmax_blend_a050"": ""MED-2219"", ""mxbai"": ""MED-3635"", ""qwen3"": ""MED-3604""}"
nfcorpus	PLAIN-1700	5	True	False	False	False	"{""bm25"": 0, ""eos_compact_q4_fp16_o200"": 0, ""eos_dense"": 0, ""hybrid_minmax_blend_a050"": 0, ""mxbai"": 28, ""qwen3"": 26}"	"{""bm25"": 0.0, ""eos_compact_q4_fp16_o200"": 0.0, ""eos_dense"": 0.0, ""hybrid_minmax_blend_a050"": 0.0, ""mxbai"": 0.0, ""qwen3"": 0.0}"	"{""bm25"": 0.0, ""eos_compact_q4_fp16_o200"": 0.0, ""eos_dense"": 0.0, ""hybrid_minmax_blend_a050"": 0.0, ""mxbai"": 0.4, ""qwen3"": 0.2}"	"{""bm25"": ""MED-1417"", ""eos_compact_q4_fp16_o200"": ""MED-2016"", ""eos_dense"": ""MED-2016"", ""hybrid_minmax_blend_a050"": ""MED-5201"", ""mxbai"": ""MED-2572"", ""qwen3"": ""MED-5292""}"
nfcorpus	PLAIN-1710	16	False	True	True	True	"{""bm25"": 1, ""eos_compact_q4_fp16_o200"": 1, ""eos_dense"": 1, ""hybrid_minmax_blend_a050"": 1, ""mxbai"": 1, ""qwen3"": 1}"	"{""bm25"": 1.0, ""eos_compact_q4_fp16_o200"": 1.0, ""eos_dense"": 1.0, ""hybrid_minmax_blend_a050"": 1.0, ""mxbai"": 1.0, ""qwen3"": 1.0}"	"{""bm25"": 0.8125, ""eos_compact_q4_fp16_o200"": 0.9375, ""eos_dense"": 0.9375, ""hybrid_minmax_blend_a050"": 0.9375, ""mxbai"": 0.9375, ""qwen3"": 0.9375}"	"{""bm25"": ""MED-3169"", ""eos_compact_q4_fp16_o200"": ""MED-3177"", ""eos_dense"": ""MED-3177"", ""hybrid_minmax_blend_a050"": ""MED-3169"", ""mxbai"": ""MED-3177"", ""qwen3"": ""MED-3177""}"
nfcorpus	PLAIN-1721	31	True	True	False	False	"{""bm25"": 1, ""eos_compact_q4_fp16_o200"": 0, ""eos_dense"": 0, ""hybrid_minmax_blend_a050"": 2, ""mxbai"": 5, ""qwen3"": 5}"	"{""bm25"": 0.6652907408280685, ""eos_compact_q4_fp16_o200"": 0.0, ""eos_dense"": 0.0, ""hybrid_minmax_blend_a050"": 0.3183395489593719, ""mxbai"": 0.08514311764162101, ""qwen3"": 0.08514311764162101}"	"{""bm25"": 0.1935483870967742, ""eos_compact_q4_fp16_o200"": 0.0, ""eos_dense"": 0.0, ""hybrid_minmax_blend_a050"": 0.1935483870967742, ""mxbai"": 0.12903225806451613, ""qwen3"": 0.0967741935483871}"	"{""bm25"": ""MED-4821"", ""eos_compact_q4_fp16_o200"": ""MED-3100"", ""eos_dense"": ""MED-3100"", ""hybrid_minmax_blend_a050"": ""MED-3100"", ""mxbai"": ""MED-1501"", ""qwen3"": ""MED-2213""}"
nfcorpus	PLAIN-1731	3	False	True	True	False	"{""bm25"": 1, ""eos_compact_q4_fp16_o200"": 1, ""eos_dense"": 1, ""hybrid_minmax_blend_a050"": 1, ""mxbai"": 1, ""qwen3"": 1}"	"{""bm25"": 0.7653606369886218, ""eos_compact_q4_fp16_o200"": 0.7039180890341348, ""eos_dense"": 0.7039180890341348, ""hybrid_minmax_blend_a050"": 0.7653606369886218, ""mxbai"": 0.7653606369886218, ""qwen3"": 0.7653606369886218}"	"{""bm25"": 0.6666666666666666, ""eos_compact_q4_fp16_o200"": 1.0, ""eos_dense"": 1.0, ""hybrid_minmax_blend_a050"": 1.0, ""mxbai"": 0.6666666666666666, ""qwen3"": 1.0}"	"{""bm25"": ""MED-2749"", ""eos_compact_q4_fp16_o200"": ""MED-2748"", ""eos_dense"": ""MED-2748"", ""hybrid_minmax_blend_a050"": ""MED-2748"", ""mxbai"": ""MED-2748"", ""qwen3"": ""MED-2749""}"
nfcorpus	PLAIN-1741	420	False	True	True	False	"{""bm25"": 1, ""eos_compact_q4_fp16_o200"": 1, ""eos_dense"": 1, ""hybrid_minmax_blend_a050"": 1, ""mxbai"": 1, ""qwen3"": 1}"	"{""bm25"": 1.0, ""eos_compact_q4_fp16_o200"": 1.0, ""eos_dense"": 1.0, ""hybrid_minmax_blend_a050"": 1.0, ""mxbai"": 1.0, ""qwen3"": 1.0}"	"{""bm25"": 0.15476190476190477, ""eos_compact_q4_fp16_o200"": 0.14285714285714285, ""eos_dense"": 0.14285714285714285, ""hybrid_minmax_blend_a050"": 0.16666666666666666, ""mxbai"": 0.1380952380952381, ""qwen3"": 0.14285714285714285}"	"{""bm25"": ""MED-4286"", ""eos_compact_q4_fp16_o200"": ""MED-4292"", ""eos_dense"": ""MED-4292"", ""hybrid_minmax_blend_a050"": ""MED-4292"", ""mxbai"": ""MED-2381"", ""qwen3"": ""MED-2383""}"
nfcorpus	PLAIN-1752	1	True	False	False	False	"{""bm25"": 0, ""eos_compact_q4_fp16_o200"": 0, ""eos_dense"": 0, ""hybrid_minmax_blend_a050"": 0, ""mxbai"": 9, ""qwen3"": 0}"	"{""bm25"": 0.0, ""eos_compact_q4_fp16_o200"": 0.0, ""eos_dense"": 0.0, ""hybrid_minmax_blend_a050"": 0.0, ""mxbai"": 0.3010299956639812, ""qwen3"": 0.0}"	"{""bm25"": 0.0, ""eos_compact_q4_fp16_o200"": 0.0, ""eos_dense"": 0.0, ""hybrid_minmax_blend_a050"": 0.0, ""mxbai"": 1.0, ""qwen3"": 0.0}"	"{""bm25"": ""MED-10"", ""eos_compact_q4_fp16_o200"": ""MED-2177"", ""eos_dense"": ""MED-2177"", ""hybrid_minmax_blend_a050"": ""MED-1122"", ""mxbai"": ""MED-2202"", ""qwen3"": ""MED-948""}"
nfcorpus	PLAIN-1762	8	False	True	True	True	"{""bm25"": 2, ""eos_compact_q4_fp16_o200"": 5, ""eos_dense"": 5, ""hybrid_minmax_blend_a050"": 3, ""mxbai"": 1, ""qwen3"": 1}"	"{""bm25"": 0.2860604285087249, ""eos_compact_q4_fp16_o200"": 0.09785159463516042, ""eos_dense"": 0.09785159463516042, ""hybrid_minmax_blend_a050"": 0.2354078440015845, ""mxbai"": 0.6368547259115425, ""qwen3"": 0.4637282884073714}"	"{""bm25"": 0.625, ""eos_compact_q4_fp16_o200"": 0.5, ""eos_dense"": 0.5, ""hybrid_minmax_blend_a050"": 0.625, ""mxbai"": 0.625, ""qwen3"": 0.625}"	"{""bm25"": ""MED-865"", ""eos_compact_q4_fp16_o200"": ""MED-759"", ""eos_dense"": ""MED-759"", ""hybrid_minmax_blend_a050"": ""MED-759"", ""mxbai"": ""MED-3716"", ""qwen3"": ""MED-3716""}"
nfcorpus	PLAIN-1772	2	True	True	True	True	"{""bm25"": 1, ""eos_compact_q4_fp16_o200"": 0, ""eos_dense"": 0, ""hybrid_minmax_blend_a050"": 2, ""mxbai"": 1, ""qwen3"": 1}"	"{""bm25"": 1.0, ""eos_compact_q4_fp16_o200"": 0.0, ""eos_dense"": 0.0, ""hybrid_minmax_blend_a050"": 0.6934264036172708, ""mxbai"": 1.0, ""qwen3"": 1.0}"	"{""bm25"": 1.0, ""eos_compact_q4_fp16_o200"": 0.0, ""eos_dense"": 0.0, ""hybrid_minmax_blend_a050"": 1.0, ""mxbai"": 1.0, ""qwen3"": 1.0}"	"{""bm25"": ""MED-4728"", ""eos_compact_q4_fp16_o200"": ""MED-5128"", ""eos_dense"": ""MED-5128"", ""hybrid_minmax_blend_a050"": ""MED-5128"", ""mxbai"": ""MED-4727"", ""qwen3"": ""MED-4727""}"
nfcorpus	PLAIN-1784	2	True	False	False	False	"{""bm25"": 0, ""eos_compact_q4_fp16_o200"": 0, ""eos_dense"": 0, ""hybrid_minmax_blend_a050"": 0, ""mxbai"": 0, ""qwen3"": 0}"	"{""bm25"": 0.0, ""eos_compact_q4_fp16_o200"": 0.0, ""eos_dense"": 0.0, ""hybrid_minmax_blend_a050"": 0.0, ""mxbai"": 0.0, ""qwen3"": 0.0}"	"{""bm25"": 0.0, ""eos_compact_q4_fp16_o200"": 0.0, ""eos_dense"": 0.0, ""hybrid_minmax_blend_a050"": 0.0, ""mxbai"": 0.0, ""qwen3"": 0.0}"	"{""bm25"": ""MED-1802"", ""eos_compact_q4_fp16_o200"": ""MED-5105"", ""eos_dense"": ""MED-5105"", ""hybrid_minmax_blend_a050"": ""MED-4493"", ""mxbai"": ""MED-2672"", ""qwen3"": ""MED-4844""}"
nfcorpus	PLAIN-1794	2	True	True	True	True	"{""bm25"": 1, ""eos_compact_q4_fp16_o200"": 0, ""eos_dense"": 0, ""hybrid_minmax_blend_a050"": 2, ""mxbai"": 1, ""qwen3"": 1}"	"{""bm25"": 1.0, ""eos_compact_q4_fp16_o200"": 0.0, ""eos_dense"": 0.0, ""hybrid_minmax_blend_a050"": 0.6509209298071325, ""mxbai"": 0.9197207891481877, ""qwen3"": 0.8503449055347547}"	"{""bm25"": 1.0, ""eos_compact_q4_fp16_o200"": 0.0, ""eos_dense"": 0.0, ""hybrid_minmax_blend_a050"": 1.0, ""mxbai"": 1.0, ""qwen3"": 1.0}"	"{""bm25"": ""MED-5041"", ""eos_compact_q4_fp16_o200"": ""MED-1570"", ""eos_dense"": ""MED-1570"", ""hybrid_minmax_blend_a050"": ""MED-1570"", ""mxbai"": ""MED-5041"", ""qwen3"": ""MED-5041""}"
nfcorpus	PLAIN-1805	116	False	True	True	False	"{""bm25"": 1, ""eos_compact_q4_fp16_o200"": 1, ""eos_dense"": 1, ""hybrid_minmax_blend_a050"": 1, ""mxbai"": 1, ""qwen3"": 1}"	"{""bm25"": 1.0, ""eos_compact_q4_fp16_o200"": 0.9148568823583791, ""eos_dense"": 0.9148568823583791, ""hybrid_minmax_blend_a050"": 1.0, ""mxbai"": 0.88995411685096, ""qwen3"": 1.0}"	"{""bm25"": 0.22413793103448276, ""eos_compact_q4_fp16_o200"": 0.19827586206896552, ""eos_dense"": 0.19827586206896552, ""hybrid_minmax_blend_a050"": 0.2672413793103448, ""mxbai"": 0.33620689655172414, ""qwen3"": 0.3706896551724138}"	"{""bm25"": ""MED-3938"", ""eos_compact_q4_fp16_o200"": ""MED-3938"", ""eos_dense"": ""MED-3938"", ""hybrid_minmax_blend_a050"": ""MED-3938"", ""mxbai"": ""MED-3935"", ""qwen3"": ""MED-3938""}"
nfcorpus	PLAIN-1817	27	False	True	True	True	"{""bm25"": 1, ""eos_compact_q4_fp16_o200"": 1, ""eos_dense"": 1, ""hybrid_minmax_blend_a050"": 1, ""mxbai"": 1, ""qwen3"": 1}"	"{""bm25"": 0.5352543167750639, ""eos_compact_q4_fp16_o200"": 0.3301376494471203, ""eos_dense"": 0.3301376494471203, ""hybrid_minmax_blend_a050"": 0.4690000933206748, ""mxbai"": 0.4690000933206748, ""qwen3"": 0.28952298823485745}"	"{""bm25"": 0.14814814814814814, ""eos_compact_q4_fp16_o200"": 0.18518518518518517, ""eos_dense"": 0.18518518518518517, ""hybrid_minmax_blend_a050"": 0.25925925925925924, ""mxbai"": 0.2962962962962963, ""qwen3"": 0.37037037037037035}"	"{""bm25"": ""MED-4706"", ""eos_compact_q4_fp16_o200"": ""MED-4284"", ""eos_dense"": ""MED-4284"", ""hybrid_minmax_blend_a050"": ""MED-4284"", ""mxbai"": ""MED-4284"", ""qwen3"": ""MED-4284""}"
nfcorpus	PLAIN-1827	3	True	False	False	False	"{""bm25"": 0, ""eos_compact_q4_fp16_o200"": 0, ""eos_dense"": 0, ""hybrid_minmax_blend_a050"": 0, ""mxbai"": 0, ""qwen3"": 0}"	"{""bm25"": 0.0, ""eos_compact_q4_fp16_o200"": 0.0, ""eos_dense"": 0.0, ""hybrid_minmax_blend_a050"": 0.0, ""mxbai"": 0.0, ""qwen3"": 0.0}"	"{""bm25"": 0.0, ""eos_compact_q4_fp16_o200"": 0.0, ""eos_dense"": 0.0, ""hybrid_minmax_blend_a050"": 0.0, ""mxbai"": 0.0, ""qwen3"": 0.0}"	"{""bm25"": ""MED-10"", ""eos_compact_q4_fp16_o200"": ""MED-3941"", ""eos_dense"": ""MED-3941"", ""hybrid_minmax_blend_a050"": ""MED-1118"", ""mxbai"": ""MED-4915"", ""qwen3"": ""MED-1243""}"
nfcorpus	PLAIN-1837	196	False	True	True	False	"{""bm25"": 1, ""eos_compact_q4_fp16_o200"": 2, ""eos_dense"": 2, ""hybrid_minmax_blend_a050"": 1, ""mxbai"": 1, ""qwen3"": 1}"	"{""bm25"": 1.0, ""eos_compact_q4_fp16_o200"": 0.5270672065167424, ""eos_dense"": 0.5270672065167424, ""hybrid_minmax_blend_a050"": 1.0, ""mxbai"": 1.0, ""qwen3"": 1.0}"	"{""bm25"": 0.23979591836734693, ""eos_compact_q4_fp16_o200"": 0.14795918367346939, ""eos_dense"": 0.14285714285714285, ""hybrid_minmax_blend_a050"": 0.27040816326530615, ""mxbai"": 0.32653061224489793, ""qwen3"": 0.3112244897959184}"	"{""bm25"": ""MED-2748"", ""eos_compact_q4_fp16_o200"": ""MED-5070"", ""eos_dense"": ""MED-5070"", ""hybrid_minmax_blend_a050"": ""MED-1725"", ""mxbai"": ""MED-4179"", ""qwen3"": ""MED-1726""}"
nfcorpus	PLAIN-1847	11	True	True	False	False	"{""bm25"": 1, ""eos_compact_q4_fp16_o200"": 0, ""eos_dense"": 0, ""hybrid_minmax_blend_a050"": 3, ""mxbai"": 2, ""qwen3"": 4}"	"{""bm25"": 0.3301376494471203, ""eos_compact_q4_fp16_o200"": 0.0, ""eos_dense"": 0.0, ""hybrid_minmax_blend_a050"": 0.20483424751859092, ""mxbai"": 0.2808815010511816, ""qwen3"": 0.09478836436955079}"	"{""bm25"": 0.18181818181818182, ""eos_compact_q4_fp16_o200"": 0.0, ""eos_dense"": 0.0, ""hybrid_minmax_blend_a050"": 0.18181818181818182, ""mxbai"": 0.45454545454545453, ""qwen3"": 0.18181818181818182}"	"{""bm25"": ""MED-4000"", ""eos_compact_q4_fp16_o200"": ""MED-4178"", ""eos_dense"": ""MED-4178"", ""hybrid_minmax_blend_a050"": ""MED-3603"", ""mxbai"": ""MED-3603"", ""qwen3"": ""MED-1321""}"
nfcorpus	PLAIN-1857	33	False	True	True	False	"{""bm25"": 1, ""eos_compact_q4_fp16_o200"": 1, ""eos_dense"": 1, ""hybrid_minmax_blend_a050"": 1, ""mxbai"": 1, ""qwen3"": 1}"	"{""bm25"": 0.6274092458891773, ""eos_compact_q4_fp16_o200"": 0.4690000933206748, ""eos_dense"": 0.4690000933206748, ""hybrid_minmax_blend_a050"": 0.5637884576902256, ""mxbai"": 0.6300426811446146, ""qwen3"": 0.5541432109622958}"	"{""bm25"": 0.18181818181818182, ""eos_compact_q4_fp16_o200"": 0.24242424242424243, ""eos_dense"": 0.24242424242424243, ""hybrid_minmax_blend_a050"": 0.24242424242424243, ""mxbai"": 0.6666666666666666, ""qwen3"": 0.45454545454545453}"	"{""bm25"": ""MED-4319"", ""eos_compact_q4_fp16_o200"": ""MED-4319"", ""eos_dense"": ""MED-4319"", ""hybrid_minmax_blend_a050"": ""MED-4319"", ""mxbai"": ""MED-4319"", ""qwen3"": ""MED-2988""}"
nfcorpus	PLAIN-1867	7	False	True	False	False	"{""bm25"": 0, ""eos_compact_q4_fp16_o200"": 3, ""eos_dense"": 3, ""hybrid_minmax_blend_a050"": 0, ""mxbai"": 9, ""qwen3"": 5}"	"{""bm25"": 0.0, ""eos_compact_q4_fp16_o200"": 0.22415199495126514, ""eos_dense"": 0.22415199495126514, ""hybrid_minmax_blend_a050"": 0.0, ""mxbai"": 0.08274602130532004, ""qwen3"": 0.10633668103022986}"	"{""bm25"": 0.0, ""eos_compact_q4_fp16_o200"": 0.8571428571428571, ""eos_dense"": 0.7142857142857143, ""hybrid_minmax_blend_a050"": 0.0, ""mxbai"": 0.2857142857142857, ""qwen3"": 0.2857142857142857}"	"{""bm25"": ""MED-10"", ""eos_compact_q4_fp16_o200"": ""MED-1792"", ""eos_dense"": ""MED-1792"", ""hybrid_minmax_blend_a050"": ""MED-1066"", ""mxbai"": ""MED-4325"", ""qwen3"": ""MED-3906""}"
nfcorpus	PLAIN-1877	36	True	False	False	False	"{""bm25"": 81, ""eos_compact_q4_fp16_o200"": 71, ""eos_dense"": 71, ""hybrid_minmax_blend_a050"": 0, ""mxbai"": 40, ""qwen3"": 39}"	"{""bm25"": 0.0, ""eos_compact_q4_fp16_o200"": 0.0, ""eos_dense"": 0.0, ""hybrid_minmax_blend_a050"": 0.0, ""mxbai"": 0.0, ""qwen3"": 0.0}"	"{""bm25"": 0.027777777777777776, ""eos_compact_q4_fp16_o200"": 0.027777777777777776, ""eos_dense"": 0.027777777777777776, ""hybrid_minmax_blend_a050"": 0.0, ""mxbai"": 0.1388888888888889, ""qwen3"": 0.08333333333333333}"	"{""bm25"": ""MED-4831"", ""eos_compact_q4_fp16_o200"": ""MED-2945"", ""eos_dense"": ""MED-2945"", ""hybrid_minmax_blend_a050"": ""MED-4255"", ""mxbai"": ""MED-1991"", ""qwen3"": ""MED-4831""}"
nfcorpus	PLAIN-1887	4	True	False	False	False	"{""bm25"": 0, ""eos_compact_q4_fp16_o200"": 0, ""eos_dense"": 0, ""hybrid_minmax_blend_a050"": 0, ""mxbai"": 98, ""qwen3"": 52}"	"{""bm25"": 0.0, ""eos_compact_q4_fp16_o200"": 0.0, ""eos_dense"": 0.0, ""hybrid_minmax_blend_a050"": 0.0, ""mxbai"": 0.0, ""qwen3"": 0.0}"	"{""bm25"": 0.0, ""eos_compact_q4_fp16_o200"": 0.0, ""eos_dense"": 0.0, ""hybrid_minmax_blend_a050"": 0.0, ""mxbai"": 0.25, ""qwen3"": 0.25}"	"{""bm25"": ""MED-2824"", ""eos_compact_q4_fp16_o200"": ""MED-2667"", ""eos_dense"": ""MED-2667"", ""hybrid_minmax_blend_a050"": ""MED-2331"", ""mxbai"": ""MED-1731"", ""qwen3"": ""MED-3488""}"
nfcorpus	PLAIN-1897	2	True	False	False	True	"{""bm25"": 0, ""eos_compact_q4_fp16_o200"": 0, ""eos_dense"": 0, ""hybrid_minmax_blend_a050"": 0, ""mxbai"": 37, ""qwen3"": 10}"	"{""bm25"": 0.0, ""eos_compact_q4_fp16_o200"": 0.0, ""eos_dense"": 0.0, ""hybrid_minmax_blend_a050"": 0.0, ""mxbai"": 0.0, ""qwen3"": 0.17723928678404777}"	"{""bm25"": 0.0, ""eos_compact_q4_fp16_o200"": 0.0, ""eos_dense"": 0.0, ""hybrid_minmax_blend_a050"": 0.0, ""mxbai"": 0.5, ""qwen3"": 0.5}"	"{""bm25"": ""MED-4186"", ""eos_compact_q4_fp16_o200"": ""MED-2644"", ""eos_dense"": ""MED-2644"", ""hybrid_minmax_blend_a050"": ""MED-2644"", ""mxbai"": ""MED-2644"", ""qwen3"": ""MED-2644""}"
nfcorpus	PLAIN-1909	463	False	True	False	False	"{""bm25"": 1, ""eos_compact_q4_fp16_o200"": 2, ""eos_dense"": 2, ""hybrid_minmax_blend_a050"": 1, ""mxbai"": 4, ""qwen3"": 1}"	"{""bm25"": 0.9305687780632229, ""eos_compact_q4_fp16_o200"": 0.713654010247531, ""eos_dense"": 0.713654010247531, ""hybrid_minmax_blend_a050"": 0.9052116356304495, ""mxbai"": 0.37642556710092695, ""qwen3"": 0.8006937664098821}"	"{""bm25"": 0.07127429805615551, ""eos_compact_q4_fp16_o200"": 0.10583153347732181, ""eos_dense"": 0.10367170626349892, ""hybrid_minmax_blend_a050"": 0.11447084233261338, ""mxbai"": 0.12311015118790497, ""qwen3"": 0.12095032397408208}"	"{""bm25"": ""MED-2341"", ""eos_compact_q4_fp16_o200"": ""MED-2747"", ""eos_dense"": ""MED-2747"", ""hybrid_minmax_blend_a050"": ""MED-4593"", ""mxbai"": ""MED-3307"", ""qwen3"": ""MED-1979""}"
nfcorpus	PLAIN-1919	27	False	True	True	False	"{""bm25"": 1, ""eos_compact_q4_fp16_o200"": 1, ""eos_dense"": 1, ""hybrid_minmax_blend_a050"": 1, ""mxbai"": 1, ""qwen3"": 1}"	"{""bm25"": 0.7967610662472993, ""eos_compact_q4_fp16_o200"": 1.0, ""eos_dense"": 1.0, ""hybrid_minmax_blend_a050"": 1.0, ""mxbai"": 0.9363792118010483, ""qwen3"": 0.8701249883466594}"	"{""bm25"": 0.7037037037037037, ""eos_compact_q4_fp16_o200"": 0.9259259259259259, ""eos_dense"": 0.9259259259259259, ""hybrid_minmax_blend_a050"": 0.8888888888888888, ""mxbai"": 0.5925925925925926, ""qwen3"": 0.7037037037037037}"	"{""bm25"": ""MED-3321"", ""eos_compact_q4_fp16_o200"": ""MED-3321"", ""eos_dense"": ""MED-3321"", ""hybrid_minmax_blend_a050"": ""MED-3321"", ""mxbai"": ""MED-4431"", ""qwen3"": ""MED-4819""}"
nfcorpus	PLAIN-1929	10	True	True	False	True	"{""bm25"": 0, ""eos_compact_q4_fp16_o200"": 51, ""eos_dense"": 51, ""hybrid_minmax_blend_a050"": 96, ""mxbai"": 9, ""qwen3"": 2}"	"{""bm25"": 0.0, ""eos_compact_q4_fp16_o200"": 0.0, ""eos_dense"": 0.0, ""hybrid_minmax_blend_a050"": 0.0, ""mxbai"": 0.06625422345438904, ""qwen3"": 0.22400556151517553}"	"{""bm25"": 0.0, ""eos_compact_q4_fp16_o200"": 0.1, ""eos_dense"": 0.1, ""hybrid_minmax_blend_a050"": 0.1, ""mxbai"": 0.5, ""qwen3"": 0.6}"	"{""bm25"": ""MED-2497"", ""eos_compact_q4_fp16_o200"": ""MED-1962"", ""eos_dense"": ""MED-1962"", ""hybrid_minmax_blend_a050"": ""MED-4872"", ""mxbai"": ""MED-4724"", ""qwen3"": ""MED-4724""}"
nfcorpus	PLAIN-1940	12	False	True	True	True	"{""bm25"": 1, ""eos_compact_q4_fp16_o200"": 1, ""eos_dense"": 1, ""hybrid_minmax_blend_a050"": 1, ""mxbai"": 1, ""qwen3"": 1}"	"{""bm25"": 0.3589542101716347, ""eos_compact_q4_fp16_o200"": 0.6325414799409712, ""eos_dense"": 0.6325414799409712, ""hybrid_minmax_blend_a050"": 0.4959389204699465, ""mxbai"": 0.42257499837058643, ""qwen3"": 0.3589542101716347}"	"{""bm25"": 0.16666666666666666, ""eos_compact_q4_fp16_o200"": 0.5833333333333334, ""eos_dense"": 0.5833333333333334, ""hybrid_minmax_blend_a050"": 0.5833333333333334, ""mxbai"": 0.4166666666666667, ""qwen3"": 0.16666666666666666}"	"{""bm25"": ""MED-3792"", ""eos_compact_q4_fp16_o200"": ""MED-3797"", ""eos_dense"": ""MED-3797"", ""hybrid_minmax_blend_a050"": ""MED-3797"", ""mxbai"": ""MED-3792"", ""qwen3"": ""MED-3792""}"
nfcorpus	PLAIN-1950	13	True	True	False	True	"{""bm25"": 2, ""eos_compact_q4_fp16_o200"": 0, ""eos_dense"": 0, ""hybrid_minmax_blend_a050"": 2, ""mxbai"": 2, ""qwen3"": 2}"	"{""bm25"": 0.2489083270225946, ""eos_compact_q4_fp16_o200"": 0.0, ""eos_dense"": 0.0, ""hybrid_minmax_blend_a050"": 0.23365080824310533, ""mxbai"": 0.2489083270225946, ""qwen3"": 0.23365080824310533}"	"{""bm25"": 0.15384615384615385, ""eos_compact_q4_fp16_o200"": 0.0, ""eos_dense"": 0.0, ""hybrid_minmax_blend_a050"": 0.15384615384615385, ""mxbai"": 0.3076923076923077, ""qwen3"": 0.3076923076923077}"	"{""bm25"": ""MED-912"", ""eos_compact_q4_fp16_o200"": ""MED-912"", ""eos_dense"": ""MED-912"", ""hybrid_minmax_blend_a050"": ""MED-912"", ""mxbai"": ""MED-912"", ""qwen3"": ""MED-912""}"
nfcorpus	PLAIN-1962	13	True	False	False	False	"{""bm25"": 0, ""eos_compact_q4_fp16_o200"": 0, ""eos_dense"": 0, ""hybrid_minmax_blend_a050"": 0, ""mxbai"": 0, ""qwen3"": 0}"	"{""bm25"": 0.0, ""eos_compact_q4_fp16_o200"": 0.0, ""eos_dense"": 0.0, ""hybrid_minmax_blend_a050"": 0.0, ""mxbai"": 0.0, ""qwen3"": 0.0}"	"{""bm25"": 0.0, ""eos_compact_q4_fp16_o200"": 0.0, ""eos_dense"": 0.0, ""hybrid_minmax_blend_a050"": 0.0, ""mxbai"": 0.0, ""qwen3"": 0.0}"	"{""bm25"": ""MED-2438"", ""eos_compact_q4_fp16_o200"": ""MED-1881"", ""eos_dense"": ""MED-1881"", ""hybrid_minmax_blend_a050"": ""MED-1881"", ""mxbai"": ""MED-4295"", ""qwen3"": ""MED-2202""}"
nfcorpus	PLAIN-1972	11	True	False	False	False	"{""bm25"": 0, ""eos_compact_q4_fp16_o200"": 92, ""eos_dense"": 92, ""hybrid_minmax_blend_a050"": 93, ""mxbai"": 36, ""qwen3"": 18}"	"{""bm25"": 0.0, ""eos_compact_q4_fp16_o200"": 0.0, ""eos_dense"": 0.0, ""hybrid_minmax_blend_a050"": 0.0, ""mxbai"": 0.0, ""qwen3"": 0.0}"	"{""bm25"": 0.0, ""eos_compact_q4_fp16_o200"": 0.09090909090909091, ""eos_dense"": 0.09090909090909091, ""hybrid_minmax_blend_a050"": 0.09090909090909091, ""mxbai"": 0.18181818181818182, ""qwen3"": 0.45454545454545453}"	"{""bm25"": ""MED-1442"", ""eos_compact_q4_fp16_o200"": ""MED-4660"", ""eos_dense"": ""MED-4660"", ""hybrid_minmax_blend_a050"": ""MED-4660"", ""mxbai"": ""MED-2143"", ""qwen3"": ""MED-3543""}"
nfcorpus	PLAIN-1983	32	False	True	True	False	"{""bm25"": 1, ""eos_compact_q4_fp16_o200"": 1, ""eos_dense"": 1, ""hybrid_minmax_blend_a050"": 1, ""mxbai"": 1, ""qwen3"": 1}"	"{""bm25"": 1.0, ""eos_compact_q4_fp16_o200"": 0.8643145546088339, ""eos_dense"": 0.8643145546088339, ""hybrid_minmax_blend_a050"": 1.0, ""mxbai"": 1.0, ""qwen3"": 0.9363792118010483}"	"{""bm25"": 0.5, ""eos_compact_q4_fp16_o200"": 0.6875, ""eos_dense"": 0.6875, ""hybrid_minmax_blend_a050"": 0.71875, ""mxbai"": 0.6875, ""qwen3"": 0.65625}"	"{""bm25"": ""MED-2137"", ""eos_compact_q4_fp16_o200"": ""MED-2134"", ""eos_dense"": ""MED-2134"", ""hybrid_minmax_blend_a050"": ""MED-2134"", ""mxbai"": ""MED-2134"", ""qwen3"": ""MED-2521""}"
nfcorpus	PLAIN-1995	11	True	True	False	False	"{""bm25"": 56, ""eos_compact_q4_fp16_o200"": 19, ""eos_dense"": 19, ""hybrid_minmax_blend_a050"": 41, ""mxbai"": 5, ""qwen3"": 5}"	"{""bm25"": 0.0, ""eos_compact_q4_fp16_o200"": 0.0, ""eos_dense"": 0.0, ""hybrid_minmax_blend_a050"": 0.0, ""mxbai"": 0.08514311764162101, ""qwen3"": 0.08514311764162101}"	"{""bm25"": 0.09090909090909091, ""eos_compact_q4_fp16_o200"": 0.18181818181818182, ""eos_dense"": 0.18181818181818182, ""hybrid_minmax_blend_a050"": 0.18181818181818182, ""mxbai"": 0.2727272727272727, ""qwen3"": 0.2727272727272727}"	"{""bm25"": ""MED-4413"", ""eos_compact_q4_fp16_o200"": ""MED-4780"", ""eos_dense"": ""MED-4780"", ""hybrid_minmax_blend_a050"": ""MED-4780"", ""mxbai"": ""MED-4332"", ""qwen3"": ""MED-5046""}"
nfcorpus	PLAIN-2009	8	False	True	False	False	"{""bm25"": 2, ""eos_compact_q4_fp16_o200"": 6, ""eos_dense"": 6, ""hybrid_minmax_blend_a050"": 3, ""mxbai"": 4, ""qwen3"": 2}"	"{""bm25"": 0.15958907712489634, ""eos_compact_q4_fp16_o200"": 0.0901000086523677, ""eos_dense"": 0.0901000086523677, ""hybrid_minmax_blend_a050"": 0.12647135138382856, ""mxbai"": 0.37000493434919396, ""qwen3"": 0.3586255783950199}"	"{""bm25"": 0.125, ""eos_compact_q4_fp16_o200"": 0.125, ""eos_dense"": 0.125, ""hybrid_minmax_blend_a050"": 0.125, ""mxbai"": 0.5, ""qwen3"": 0.5}"	"{""bm25"": ""MED-3951"", ""eos_compact_q4_fp16_o200"": ""MED-5173"", ""eos_dense"": ""MED-5173"", ""hybrid_minmax_blend_a050"": ""MED-5173"", ""mxbai"": ""MED-3951"", ""qwen3"": ""MED-5173""}"
nfcorpus	PLAIN-2019	3	True	True	False	False	"{""bm25"": 1, ""eos_compact_q4_fp16_o200"": 0, ""eos_dense"": 0, ""hybrid_minmax_blend_a050"": 2, ""mxbai"": 6, ""qwen3"": 8}"	"{""bm25"": 0.46927872602275655, ""eos_compact_q4_fp16_o200"": 0.0, ""eos_dense"": 0.0, ""hybrid_minmax_blend_a050"": 0.2960819109658653, ""mxbai"": 0.31520141044913497, ""qwen3"": 0.14804095548293264}"	"{""bm25"": 0.3333333333333333, ""eos_compact_q4_fp16_o200"": 0.0, ""eos_dense"": 0.0, ""hybrid_minmax_blend_a050"": 0.3333333333333333, ""mxbai"": 1.0, ""qwen3"": 1.0}"	"{""bm25"": ""MED-4573"", ""eos_compact_q4_fp16_o200"": ""MED-3500"", ""eos_dense"": ""MED-3500"", ""hybrid_minmax_blend_a050"": ""MED-3500"", ""mxbai"": ""MED-962"", ""qwen3"": ""MED-4668""}"
nfcorpus	PLAIN-2030	6	True	False	False	False	"{""bm25"": 1, ""eos_compact_q4_fp16_o200"": 88, ""eos_dense"": 88, ""hybrid_minmax_blend_a050"": 2, ""mxbai"": 2, ""qwen3"": 65}"	"{""bm25"": 0.3026024134988135, ""eos_compact_q4_fp16_o200"": 0.0, ""eos_dense"": 0.0, ""hybrid_minmax_blend_a050"": 0.19092086617893464, ""mxbai"": 0.19092086617893464, ""qwen3"": 0.0}"	"{""bm25"": 0.16666666666666666, ""eos_compact_q4_fp16_o200"": 0.16666666666666666, ""eos_dense"": 0.16666666666666666, ""hybrid_minmax_blend_a050"": 0.3333333333333333, ""mxbai"": 0.16666666666666666, ""qwen3"": 0.16666666666666666}"	"{""bm25"": ""MED-4051"", ""eos_compact_q4_fp16_o200"": ""MED-1795"", ""eos_dense"": ""MED-1795"", ""hybrid_minmax_blend_a050"": ""MED-1795"", ""mxbai"": ""MED-3743"", ""qwen3"": ""MED-5172""}"
nfcorpus	PLAIN-2040	132	True	True	False	False	"{""bm25"": 1, ""eos_compact_q4_fp16_o200"": 15, ""eos_dense"": 15, ""hybrid_minmax_blend_a050"": 1, ""mxbai"": 2, ""qwen3"": 1}"	"{""bm25"": 0.7506372960520511, ""eos_compact_q4_fp16_o200"": 0.0, ""eos_dense"": 0.0, ""hybrid_minmax_blend_a050"": 0.5473983622993502, ""mxbai"": 0.6468562235661909, ""qwen3"": 0.47215670662474735}"	"{""bm25"": 0.06060606060606061, ""eos_compact_q4_fp16_o200"": 0.08333333333333333, ""eos_dense"": 0.08333333333333333, ""hybrid_minmax_blend_a050"": 0.11363636363636363, ""mxbai"": 0.18181818181818182, ""qwen3"": 0.18181818181818182}"	"{""bm25"": ""MED-4933"", ""eos_compact_q4_fp16_o200"": ""MED-1404"", ""eos_dense"": ""MED-1404"", ""hybrid_minmax_blend_a050"": ""MED-3024"", ""mxbai"": ""MED-4964"", ""qwen3"": ""MED-4933""}"
nfcorpus	PLAIN-2051	355	False	True	True	True	"{""bm25"": 1, ""eos_compact_q4_fp16_o200"": 1, ""eos_dense"": 1, ""hybrid_minmax_blend_a050"": 1, ""mxbai"": 1, ""qwen3"": 1}"	"{""bm25"": 0.7411902110103873, ""eos_compact_q4_fp16_o200"": 0.45767527470376834, ""eos_dense"": 0.45767527470376834, ""hybrid_minmax_blend_a050"": 0.6898286563534621, ""mxbai"": 0.7453016244178956, ""qwen3"": 0.826813366651774}"	"{""bm25"": 0.12394366197183099, ""eos_compact_q4_fp16_o200"": 0.09859154929577464, ""eos_dense"": 0.09859154929577464, ""hybrid_minmax_blend_a050"": 0.1323943661971831, ""mxbai"": 0.10422535211267606, ""qwen3"": 0.09295774647887324}"	"{""bm25"": ""MED-1556"", ""eos_compact_q4_fp16_o200"": ""MED-4004"", ""eos_dense"": ""MED-4004"", ""hybrid_minmax_blend_a050"": ""MED-4004"", ""mxbai"": ""MED-1556"", ""qwen3"": ""MED-1556""}"
nfcorpus	PLAIN-2061	410	False	True	True	False	"{""bm25"": 1, ""eos_compact_q4_fp16_o200"": 1, ""eos_dense"": 1, ""hybrid_minmax_blend_a050"": 1, ""mxbai"": 1, ""qwen3"": 1}"	"{""bm25"": 0.9305687780632229, ""eos_compact_q4_fp16_o200"": 0.7655934900767002, ""eos_dense"": 0.7655934900767002, ""hybrid_minmax_blend_a050"": 1.0, ""mxbai"": 0.9052116356304495, ""qwen3"": 0.9148568823583791}"	"{""bm25"": 0.07804878048780488, ""eos_compact_q4_fp16_o200"": 0.11951219512195121, ""eos_dense"": 0.11951219512195121, ""hybrid_minmax_blend_a050"": 0.13414634146341464, ""mxbai"": 0.16585365853658537, ""qwen3"": 0.16829268292682928}"	"{""bm25"": ""MED-3031"", ""eos_compact_q4_fp16_o200"": ""MED-3031"", ""eos_dense"": ""MED-3031"", ""hybrid_minmax_blend_a050"": ""MED-3031"", ""mxbai"": ""MED-3030"", ""qwen3"": ""MED-2751""}"
nfcorpus	PLAIN-2071	45	False	True	True	False	"{""bm25"": 1, ""eos_compact_q4_fp16_o200"": 2, ""eos_dense"": 2, ""hybrid_minmax_blend_a050"": 2, ""mxbai"": 1, ""qwen3"": 1}"	"{""bm25"": 0.5579780239524, ""eos_compact_q4_fp16_o200"": 0.3222722491219547, ""eos_dense"": 0.3222722491219547, ""hybrid_minmax_blend_a050"": 0.5404673768993047, ""mxbai"": 0.6975961695061493, ""qwen3"": 0.544221363816962}"	"{""bm25"": 0.2, ""eos_compact_q4_fp16_o200"": 0.26666666666666666, ""eos_dense"": 0.26666666666666666, ""hybrid_minmax_blend_a050"": 0.3333333333333333, ""mxbai"": 0.4888888888888889, ""qwen3"": 0.5333333333333333}"	"{""bm25"": ""MED-3532"", ""eos_compact_q4_fp16_o200"": ""MED-4309"", ""eos_dense"": ""MED-4309"", ""hybrid_minmax_blend_a050"": ""MED-4309"", ""mxbai"": ""MED-3532"", ""qwen3"": ""MED-4306""}"
nfcorpus	PLAIN-2081	1	True	True	True	True	"{""bm25"": 1, ""eos_compact_q4_fp16_o200"": 0, ""eos_dense"": 0, ""hybrid_minmax_blend_a050"": 2, ""mxbai"": 1, ""qwen3"": 1}"	"{""bm25"": 1.0, ""eos_compact_q4_fp16_o200"": 0.0, ""eos_dense"": 0.0, ""hybrid_minmax_blend_a050"": 0.6309297535714574, ""mxbai"": 1.0, ""qwen3"": 1.0}"	"{""bm25"": 1.0, ""eos_compact_q4_fp16_o200"": 0.0, ""eos_dense"": 0.0, ""hybrid_minmax_blend_a050"": 1.0, ""mxbai"": 1.0, ""qwen3"": 1.0}"	"{""bm25"": ""MED-4303"", ""eos_compact_q4_fp16_o200"": ""MED-3580"", ""eos_dense"": ""MED-3580"", ""hybrid_minmax_blend_a050"": ""MED-3580"", ""mxbai"": ""MED-4303"", ""qwen3"": ""MED-4303""}"
nfcorpus	PLAIN-2092	10	False	True	True	True	"{""bm25"": 1, ""eos_compact_q4_fp16_o200"": 1, ""eos_dense"": 1, ""hybrid_minmax_blend_a050"": 1, ""mxbai"": 1, ""qwen3"": 1}"	"{""bm25"": 0.6489315753318465, ""eos_compact_q4_fp16_o200"": 0.8669479898642711, ""eos_dense"": 0.8669479898642711, ""hybrid_minmax_blend_a050"": 0.8669479898642711, ""mxbai"": 0.6489315753318465, ""qwen3"": 0.6489315753318465}"	"{""bm25"": 0.5, ""eos_compact_q4_fp16_o200"": 0.9, ""eos_dense"": 0.9, ""hybrid_minmax_blend_a050"": 0.9, ""mxbai"": 0.6, ""qwen3"": 0.5}"	"{""bm25"": ""MED-1434"", ""eos_compact_q4_fp16_o200"": ""MED-1437"", ""eos_dense"": ""MED-1437"", ""hybrid_minmax_blend_a050"": ""MED-1437"", ""mxbai"": ""MED-1432"", ""qwen3"": ""MED-1432""}"
nfcorpus	PLAIN-2102	421	False	True	False	False	"{""bm25"": 1, ""eos_compact_q4_fp16_o200"": 1, ""eos_dense"": 1, ""hybrid_minmax_blend_a050"": 1, ""mxbai"": 2, ""qwen3"": 1}"	"{""bm25"": 0.5326208815196266, ""eos_compact_q4_fp16_o200"": 0.5033242827953465, ""eos_dense"": 0.5033242827953465, ""hybrid_minmax_blend_a050"": 0.6835381846158709, ""mxbai"": 0.713654010247531, ""qwen3"": 0.7948833326720566}"	"{""bm25"": 0.0997624703087886, ""eos_compact_q4_fp16_o200"": 0.06413301662707839, ""eos_dense"": 0.06413301662707839, ""hybrid_minmax_blend_a050"": 0.0831353919239905, ""mxbai"": 0.13064133016627077, ""qwen3"": 0.12351543942992874}"	"{""bm25"": ""MED-1545"", ""eos_compact_q4_fp16_o200"": ""MED-1545"", ""eos_dense"": ""MED-1545"", ""hybrid_minmax_blend_a050"": ""MED-1545"", ""mxbai"": ""MED-3033"", ""qwen3"": ""MED-2237""}"
nfcorpus	PLAIN-2113	1	True	False	False	True	"{""bm25"": 0, ""eos_compact_q4_fp16_o200"": 0, ""eos_dense"": 0, ""hybrid_minmax_blend_a050"": 0, ""mxbai"": 0, ""qwen3"": 0}"	"{""bm25"": 0.0, ""eos_compact_q4_fp16_o200"": 0.0, ""eos_dense"": 0.0, ""hybrid_minmax_blend_a050"": 0.0, ""mxbai"": 0.0, ""qwen3"": 0.0}"	"{""bm25"": 0.0, ""eos_compact_q4_fp16_o200"": 0.0, ""eos_dense"": 0.0, ""hybrid_minmax_blend_a050"": 0.0, ""mxbai"": 0.0, ""qwen3"": 0.0}"	"{""bm25"": ""MED-3890"", ""eos_compact_q4_fp16_o200"": ""MED-1351"", ""eos_dense"": ""MED-1351"", ""hybrid_minmax_blend_a050"": ""MED-3890"", ""mxbai"": ""MED-1182"", ""qwen3"": ""MED-1182""}"
nfcorpus	PLAIN-2124	17	False	True	True	True	"{""bm25"": 1, ""eos_compact_q4_fp16_o200"": 2, ""eos_dense"": 2, ""hybrid_minmax_blend_a050"": 1, ""mxbai"": 1, ""qwen3"": 1}"	"{""bm25"": 0.3589542101716347, ""eos_compact_q4_fp16_o200"": 0.3340514446642156, ""eos_dense"": 0.3340514446642156, ""hybrid_minmax_blend_a050"": 0.5321408435198609, ""mxbai"": 0.7819835854675756, ""qwen3"": 0.7222954974312067}"	"{""bm25"": 0.11764705882352941, ""eos_compact_q4_fp16_o200"": 0.29411764705882354, ""eos_dense"": 0.23529411764705882, ""hybrid_minmax_blend_a050"": 0.23529411764705882, ""mxbai"": 0.6470588235294118, ""qwen3"": 0.6470588235294118}"	"{""bm25"": ""MED-1522"", ""eos_compact_q4_fp16_o200"": ""MED-1543"", ""eos_dense"": ""MED-1543"", ""hybrid_minmax_blend_a050"": ""MED-1525"", ""mxbai"": ""MED-1525"", ""qwen3"": ""MED-1525""}"
nfcorpus	PLAIN-2134	12	True	False	False	False	"{""bm25"": 0, ""eos_compact_q4_fp16_o200"": 0, ""eos_dense"": 0, ""hybrid_minmax_blend_a050"": 0, ""mxbai"": 13, ""qwen3"": 10}"	"{""bm25"": 0.0, ""eos_compact_q4_fp16_o200"": 0.0, ""eos_dense"": 0.0, ""hybrid_minmax_blend_a050"": 0.0, ""mxbai"": 0.0, ""qwen3"": 0.06362078819895173}"	"{""bm25"": 0.0, ""eos_compact_q4_fp16_o200"": 0.0, ""eos_dense"": 0.0, ""hybrid_minmax_blend_a050"": 0.0, ""mxbai"": 0.16666666666666666, ""qwen3"": 0.25}"	"{""bm25"": ""MED-10"", ""eos_compact_q4_fp16_o200"": ""MED-4330"", ""eos_dense"": ""MED-4330"", ""hybrid_minmax_blend_a050"": ""MED-4330"", ""mxbai"": ""MED-918"", ""qwen3"": ""MED-4868""}"
nfcorpus	PLAIN-2145	9	True	False	False	True	"{""bm25"": 2, ""eos_compact_q4_fp16_o200"": 0, ""eos_dense"": 0, ""hybrid_minmax_blend_a050"": 6, ""mxbai"": 4, ""qwen3"": 32}"	"{""bm25"": 0.1482972305701491, ""eos_compact_q4_fp16_o200"": 0.0, ""eos_dense"": 0.0, ""hybrid_minmax_blend_a050"": 0.08372491399919348, ""mxbai"": 0.1012286082123002, ""qwen3"": 0.0}"	"{""bm25"": 0.1111111111111111, ""eos_compact_q4_fp16_o200"": 0.0, ""eos_dense"": 0.0, ""hybrid_minmax_blend_a050"": 0.1111111111111111, ""mxbai"": 0.5555555555555556, ""qwen3"": 0.1111111111111111}"	"{""bm25"": ""MED-743"", ""eos_compact_q4_fp16_o200"": ""MED-1918"", ""eos_dense"": ""MED-1918"", ""hybrid_minmax_blend_a050"": ""MED-743"", ""mxbai"": ""MED-743"", ""qwen3"": ""MED-743""}"
nfcorpus	PLAIN-2156	6	False	True	True	True	"{""bm25"": 1, ""eos_compact_q4_fp16_o200"": 1, ""eos_dense"": 1, ""hybrid_minmax_blend_a050"": 1, ""mxbai"": 1, ""qwen3"": 1}"	"{""bm25"": 0.6448244864271548, ""eos_compact_q4_fp16_o200"": 0.6238470455881187, ""eos_dense"": 0.6238470455881187, ""hybrid_minmax_blend_a050"": 0.6448244864271548, ""mxbai"": 0.8829374068620365, ""qwen3"": 0.6448244864271548}"	"{""bm25"": 0.5, ""eos_compact_q4_fp16_o200"": 0.6666666666666666, ""eos_dense"": 0.6666666666666666, ""hybrid_minmax_blend_a050"": 0.6666666666666666, ""mxbai"": 1.0, ""qwen3"": 0.8333333333333334}"	"{""bm25"": ""MED-4868"", ""eos_compact_q4_fp16_o200"": ""MED-5055"", ""eos_dense"": ""MED-5055"", ""hybrid_minmax_blend_a050"": ""MED-4868"", ""mxbai"": ""MED-4868"", ""qwen3"": ""MED-4868""}"
nfcorpus	PLAIN-2167	1	True	False	False	False	"{""bm25"": 0, ""eos_compact_q4_fp16_o200"": 0, ""eos_dense"": 0, ""hybrid_minmax_blend_a050"": 0, ""mxbai"": 0, ""qwen3"": 0}"	"{""bm25"": 0.0, ""eos_compact_q4_fp16_o200"": 0.0, ""eos_dense"": 0.0, ""hybrid_minmax_blend_a050"": 0.0, ""mxbai"": 0.0, ""qwen3"": 0.0}"	"{""bm25"": 0.0, ""eos_compact_q4_fp16_o200"": 0.0, ""eos_dense"": 0.0, ""hybrid_minmax_blend_a050"": 0.0, ""mxbai"": 0.0, ""qwen3"": 0.0}"	"{""bm25"": ""MED-2488"", ""eos_compact_q4_fp16_o200"": ""MED-4847"", ""eos_dense"": ""MED-4847"", ""hybrid_minmax_blend_a050"": ""MED-4847"", ""mxbai"": ""MED-2488"", ""qwen3"": ""MED-4366""}"
nfcorpus	PLAIN-2177	24	False	True	True	False	"{""bm25"": 2, ""eos_compact_q4_fp16_o200"": 1, ""eos_dense"": 1, ""hybrid_minmax_blend_a050"": 1, ""mxbai"": 1, ""qwen3"": 1}"	"{""bm25"": 0.29727159644205703, ""eos_compact_q4_fp16_o200"": 0.4152807670887413, ""eos_dense"": 0.4152807670887413, ""hybrid_minmax_blend_a050"": 0.5415879285615246, ""mxbai"": 0.5033242827953465, ""qwen3"": 0.5884674004369674}"	"{""bm25"": 0.125, ""eos_compact_q4_fp16_o200"": 0.4166666666666667, ""eos_dense"": 0.4166666666666667, ""hybrid_minmax_blend_a050"": 0.375, ""mxbai"": 0.20833333333333334, ""qwen3"": 0.2916666666666667}"	"{""bm25"": ""MED-3282"", ""eos_compact_q4_fp16_o200"": ""MED-1185"", ""eos_dense"": ""MED-1185"", ""hybrid_minmax_blend_a050"": ""MED-1185"", ""mxbai"": ""MED-1421"", ""qwen3"": ""MED-1185""}"
nfcorpus	PLAIN-2187	9	True	False	False	False	"{""bm25"": 1, ""eos_compact_q4_fp16_o200"": 61, ""eos_dense"": 61, ""hybrid_minmax_blend_a050"": 1, ""mxbai"": 18, ""qwen3"": 1}"	"{""bm25"": 0.38334277998463445, ""eos_compact_q4_fp16_o200"": 0.0, ""eos_dense"": 0.0, ""hybrid_minmax_blend_a050"": 0.33627415762678564, ""mxbai"": 0.0, ""qwen3"": 0.2350455494144854}"	"{""bm25"": 0.2222222222222222, ""eos_compact_q4_fp16_o200"": 0.1111111111111111, ""eos_dense"": 0.1111111111111111, ""hybrid_minmax_blend_a050"": 0.2222222222222222, ""mxbai"": 0.1111111111111111, ""qwen3"": 0.4444444444444444}"	"{""bm25"": ""MED-1248"", ""eos_compact_q4_fp16_o200"": ""MED-1533"", ""eos_dense"": ""MED-1533"", ""hybrid_minmax_blend_a050"": ""MED-1248"", ""mxbai"": ""MED-843"", ""qwen3"": ""MED-1248""}"
nfcorpus	PLAIN-2197	58	False	True	True	True	"{""bm25"": 1, ""eos_compact_q4_fp16_o200"": 1, ""eos_dense"": 1, ""hybrid_minmax_blend_a050"": 1, ""mxbai"": 1, ""qwen3"": 1}"	"{""bm25"": 0.857980942822373, ""eos_compact_q4_fp16_o200"": 0.9305687780632229, ""eos_dense"": 0.9305687780632229, ""hybrid_minmax_blend_a050"": 0.9337457765456111, ""mxbai"": 0.8482378089219648, ""qwen3"": 0.9305687780632229}"	"{""bm25"": 0.13793103448275862, ""eos_compact_q4_fp16_o200"": 0.39655172413793105, ""eos_dense"": 0.39655172413793105, ""hybrid_minmax_blend_a050"": 0.41379310344827586, ""mxbai"": 0.3620689655172414, ""qwen3"": 0.3275862068965517}"	"{""bm25"": ""MED-5054"", ""eos_compact_q4_fp16_o200"": ""MED-5054"", ""eos_dense"": ""MED-5054"", ""hybrid_minmax_blend_a050"": ""MED-5054"", ""mxbai"": ""MED-5054"", ""qwen3"": ""MED-5054""}"
nfcorpus	PLAIN-2209	2	True	False	False	False	"{""bm25"": 0, ""eos_compact_q4_fp16_o200"": 0, ""eos_dense"": 0, ""hybrid_minmax_blend_a050"": 0, ""mxbai"": 31, ""qwen3"": 0}"	"{""bm25"": 0.0, ""eos_compact_q4_fp16_o200"": 0.0, ""eos_dense"": 0.0, ""hybrid_minmax_blend_a050"": 0.0, ""mxbai"": 0.0, ""qwen3"": 0.0}"	"{""bm25"": 0.0, ""eos_compact_q4_fp16_o200"": 0.0, ""eos_dense"": 0.0, ""hybrid_minmax_blend_a050"": 0.0, ""mxbai"": 0.5, ""qwen3"": 0.0}"	"{""bm25"": ""MED-10"", ""eos_compact_q4_fp16_o200"": ""MED-702"", ""eos_dense"": ""MED-702"", ""hybrid_minmax_blend_a050"": ""MED-1071"", ""mxbai"": ""MED-2511"", ""qwen3"": ""MED-3807""}"
nfcorpus	PLAIN-2220	9	True	True	True	True	"{""bm25"": 1, ""eos_compact_q4_fp16_o200"": 28, ""eos_dense"": 28, ""hybrid_minmax_blend_a050"": 1, ""mxbai"": 1, ""qwen3"": 1}"	"{""bm25"": 0.2350455494144854, ""eos_compact_q4_fp16_o200"": 0.0, ""eos_dense"": 0.0, ""hybrid_minmax_blend_a050"": 0.2350455494144854, ""mxbai"": 0.3133940658859805, ""qwen3"": 0.6020941629041774}"	"{""bm25"": 0.1111111111111111, ""eos_compact_q4_fp16_o200"": 0.1111111111111111, ""eos_dense"": 0.1111111111111111, ""hybrid_minmax_blend_a050"": 0.1111111111111111, ""mxbai"": 0.2222222222222222, ""qwen3"": 0.4444444444444444}"	"{""bm25"": ""MED-4976"", ""eos_compact_q4_fp16_o200"": ""MED-4805"", ""eos_dense"": ""MED-4805"", ""hybrid_minmax_blend_a050"": ""MED-4976"", ""mxbai"": ""MED-5002"", ""qwen3"": ""MED-5002""}"
nfcorpus	PLAIN-2230	7	True	False	False	False	"{""bm25"": 0, ""eos_compact_q4_fp16_o200"": 0, ""eos_dense"": 0, ""hybrid_minmax_blend_a050"": 0, ""mxbai"": 50, ""qwen3"": 0}"	"{""bm25"": 0.0, ""eos_compact_q4_fp16_o200"": 0.0, ""eos_dense"": 0.0, ""hybrid_minmax_blend_a050"": 0.0, ""mxbai"": 0.0, ""qwen3"": 0.0}"	"{""bm25"": 0.0, ""eos_compact_q4_fp16_o200"": 0.0, ""eos_dense"": 0.0, ""hybrid_minmax_blend_a050"": 0.0, ""mxbai"": 0.14285714285714285, ""qwen3"": 0.0}"	"{""bm25"": ""MED-557"", ""eos_compact_q4_fp16_o200"": ""MED-3547"", ""eos_dense"": ""MED-3547"", ""hybrid_minmax_blend_a050"": ""MED-557"", ""mxbai"": ""MED-5128"", ""qwen3"": ""MED-981""}"
nfcorpus	PLAIN-2240	11	False	True	True	True	"{""bm25"": 1, ""eos_compact_q4_fp16_o200"": 1, ""eos_dense"": 1, ""hybrid_minmax_blend_a050"": 1, ""mxbai"": 1, ""qwen3"": 1}"	"{""bm25"": 0.5884674004369674, ""eos_compact_q4_fp16_o200"": 0.2200917662980802, ""eos_dense"": 0.2200917662980802, ""hybrid_minmax_blend_a050"": 0.5670429581667767, ""mxbai"": 0.6177639991612476, ""qwen3"": 0.4409203293308675}"	"{""bm25"": 0.45454545454545453, ""eos_compact_q4_fp16_o200"": 0.5454545454545454, ""eos_dense"": 0.5454545454545454, ""hybrid_minmax_blend_a050"": 0.6363636363636364, ""mxbai"": 0.6363636363636364, ""qwen3"": 0.45454545454545453}"	"{""bm25"": ""MED-3969"", ""eos_compact_q4_fp16_o200"": ""MED-3969"", ""eos_dense"": ""MED-3969"", ""hybrid_minmax_blend_a050"": ""MED-3969"", ""mxbai"": ""MED-3969"", ""qwen3"": ""MED-3969""}"
nfcorpus	PLAIN-2250	2	True	False	False	True	"{""bm25"": 0, ""eos_compact_q4_fp16_o200"": 0, ""eos_dense"": 0, ""hybrid_minmax_blend_a050"": 0, ""mxbai"": 20, ""qwen3"": 21}"	"{""bm25"": 0.0, ""eos_compact_q4_fp16_o200"": 0.0, ""eos_dense"": 0.0, ""hybrid_minmax_blend_a050"": 0.0, ""mxbai"": 0.0, ""qwen3"": 0.0}"	"{""bm25"": 0.0, ""eos_compact_q4_fp16_o200"": 0.0, ""eos_dense"": 0.0, ""hybrid_minmax_blend_a050"": 0.0, ""mxbai"": 1.0, ""qwen3"": 0.5}"	"{""bm25"": ""MED-2346"", ""eos_compact_q4_fp16_o200"": ""MED-2018"", ""eos_dense"": ""MED-2018"", ""hybrid_minmax_blend_a050"": ""MED-2346"", ""mxbai"": ""MED-5094"", ""qwen3"": ""MED-5094""}"
nfcorpus	PLAIN-2261	60	False	True	True	True	"{""bm25"": 2, ""eos_compact_q4_fp16_o200"": 1, ""eos_dense"": 1, ""hybrid_minmax_blend_a050"": 1, ""mxbai"": 1, ""qwen3"": 1}"	"{""bm25"": 0.44270017573363163, ""eos_compact_q4_fp16_o200"": 0.5388856921828065, ""eos_dense"": 0.5388856921828065, ""hybrid_minmax_blend_a050"": 0.642186726668901, ""mxbai"": 0.727329844310522, ""qwen3"": 0.7116179486056783}"	"{""bm25"": 0.15, ""eos_compact_q4_fp16_o200"": 0.13333333333333333, ""eos_dense"": 0.13333333333333333, ""hybrid_minmax_blend_a050"": 0.15, ""mxbai"": 0.2, ""qwen3"": 0.16666666666666666}"	"{""bm25"": ""MED-4600"", ""eos_compact_q4_fp16_o200"": ""MED-3599"", ""eos_dense"": ""MED-3599"", ""hybrid_minmax_blend_a050"": ""MED-3599"", ""mxbai"": ""MED-3598"", ""qwen3"": ""MED-3598""}"
nfcorpus	PLAIN-2271	10	True	False	False	False	"{""bm25"": 0, ""eos_compact_q4_fp16_o200"": 0, ""eos_dense"": 0, ""hybrid_minmax_blend_a050"": 0, ""mxbai"": 6, ""qwen3"": 69}"	"{""bm25"": 0.0, ""eos_compact_q4_fp16_o200"": 0.0, ""eos_dense"": 0.0, ""hybrid_minmax_blend_a050"": 0.0, ""mxbai"": 0.07839826897867534, ""qwen3"": 0.0}"	"{""bm25"": 0.0, ""eos_compact_q4_fp16_o200"": 0.0, ""eos_dense"": 0.0, ""hybrid_minmax_blend_a050"": 0.0, ""mxbai"": 0.1, ""qwen3"": 0.1}"	"{""bm25"": ""MED-10"", ""eos_compact_q4_fp16_o200"": ""MED-3567"", ""eos_dense"": ""MED-3567"", ""hybrid_minmax_blend_a050"": ""MED-1036"", ""mxbai"": ""MED-4599"", ""qwen3"": ""MED-4727""}"
nfcorpus	PLAIN-2281	1	True	False	False	True	"{""bm25"": 0, ""eos_compact_q4_fp16_o200"": 0, ""eos_dense"": 0, ""hybrid_minmax_blend_a050"": 0, ""mxbai"": 66, ""qwen3"": 24}"	"{""bm25"": 0.0, ""eos_compact_q4_fp16_o200"": 0.0, ""eos_dense"": 0.0, ""hybrid_minmax_blend_a050"": 0.0, ""mxbai"": 0.0, ""qwen3"": 0.0}"	"{""bm25"": 0.0, ""eos_compact_q4_fp16_o200"": 0.0, ""eos_dense"": 0.0, ""hybrid_minmax_blend_a050"": 0.0, ""mxbai"": 1.0, ""qwen3"": 1.0}"	"{""bm25"": ""MED-10"", ""eos_compact_q4_fp16_o200"": ""MED-5085"", ""eos_dense"": ""MED-5085"", ""hybrid_minmax_blend_a050"": ""MED-5085"", ""mxbai"": ""MED-948"", ""qwen3"": ""MED-948""}"
nfcorpus	PLAIN-2291	5	False	False	False	False	"{""bm25"": 1, ""eos_compact_q4_fp16_o200"": 7, ""eos_dense"": 7, ""hybrid_minmax_blend_a050"": 1, ""mxbai"": 34, ""qwen3"": 4}"	"{""bm25"": 0.3391602052736162, ""eos_compact_q4_fp16_o200"": 0.11305340175787205, ""eos_dense"": 0.11305340175787205, ""hybrid_minmax_blend_a050"": 0.3391602052736162, ""mxbai"": 0.0, ""qwen3"": 0.14606834984270647}"	"{""bm25"": 0.4, ""eos_compact_q4_fp16_o200"": 0.2, ""eos_dense"": 0.2, ""hybrid_minmax_blend_a050"": 0.4, ""mxbai"": 0.4, ""qwen3"": 0.4}"	"{""bm25"": ""MED-2726"", ""eos_compact_q4_fp16_o200"": ""MED-4930"", ""eos_dense"": ""MED-4930"", ""hybrid_minmax_blend_a050"": ""MED-2726"", ""mxbai"": ""MED-5105"", ""qwen3"": ""MED-2180""}"
nfcorpus	PLAIN-2301	13	True	False	False	False	"{""bm25"": 0, ""eos_compact_q4_fp16_o200"": 0, ""eos_dense"": 0, ""hybrid_minmax_blend_a050"": 0, ""mxbai"": 4, ""qwen3"": 29}"	"{""bm25"": 0.0, ""eos_compact_q4_fp16_o200"": 0.0, ""eos_dense"": 0.0, ""hybrid_minmax_blend_a050"": 0.0, ""mxbai"": 0.15840915256850252, ""qwen3"": 0.0}"	"{""bm25"": 0.0, ""eos_compact_q4_fp16_o200"": 0.0, ""eos_dense"": 0.0, ""hybrid_minmax_blend_a050"": 0.0, ""mxbai"": 0.46153846153846156, ""qwen3"": 0.23076923076923078}"	"{""bm25"": ""MED-2122"", ""eos_compact_q4_fp16_o200"": ""MED-4427"", ""eos_dense"": ""MED-4427"", ""hybrid_minmax_blend_a050"": ""MED-2122"", ""mxbai"": ""MED-5186"", ""qwen3"": ""MED-4600""}"
nfcorpus	PLAIN-2311	2	True	False	False	False	"{""bm25"": 0, ""eos_compact_q4_fp16_o200"": 0, ""eos_dense"": 0, ""hybrid_minmax_blend_a050"": 0, ""mxbai"": 47, ""qwen3"": 0}"	"{""bm25"": 0.0, ""eos_compact_q4_fp16_o200"": 0.0, ""eos_dense"": 0.0, ""hybrid_minmax_blend_a050"": 0.0, ""mxbai"": 0.0, ""qwen3"": 0.0}"	"{""bm25"": 0.0, ""eos_compact_q4_fp16_o200"": 0.0, ""eos_dense"": 0.0, ""hybrid_minmax_blend_a050"": 0.0, ""mxbai"": 0.5, ""qwen3"": 0.0}"	"{""bm25"": ""MED-4801"", ""eos_compact_q4_fp16_o200"": ""MED-4909"", ""eos_dense"": ""MED-4909"", ""hybrid_minmax_blend_a050"": ""MED-4909"", ""mxbai"": ""MED-2341"", ""qwen3"": ""MED-4201""}"
nfcorpus	PLAIN-2321	5	True	False	False	False	"{""bm25"": 0, ""eos_compact_q4_fp16_o200"": 0, ""eos_dense"": 0, ""hybrid_minmax_blend_a050"": 0, ""mxbai"": 16, ""qwen3"": 0}"	"{""bm25"": 0.0, ""eos_compact_q4_fp16_o200"": 0.0, ""eos_dense"": 0.0, ""hybrid_minmax_blend_a050"": 0.0, ""mxbai"": 0.0, ""qwen3"": 0.0}"	"{""bm25"": 0.0, ""eos_compact_q4_fp16_o200"": 0.0, ""eos_dense"": 0.0, ""hybrid_minmax_blend_a050"": 0.0, ""mxbai"": 0.2, ""qwen3"": 0.0}"	"{""bm25"": ""MED-840"", ""eos_compact_q4_fp16_o200"": ""MED-860"", ""eos_dense"": ""MED-860"", ""hybrid_minmax_blend_a050"": ""MED-1138"", ""mxbai"": ""MED-3089"", ""qwen3"": ""MED-2991""}"
nfcorpus	PLAIN-2332	97	False	True	True	True	"{""bm25"": 1, ""eos_compact_q4_fp16_o200"": 2, ""eos_dense"": 2, ""hybrid_minmax_blend_a050"": 2, ""mxbai"": 1, ""qwen3"": 1}"	"{""bm25"": 0.5637884576902256, ""eos_compact_q4_fp16_o200"": 0.13886244387355454, ""eos_dense"": 0.13886244387355454, ""hybrid_minmax_blend_a050"": 0.46662341680017894, ""mxbai"": 0.7241528458281338, ""qwen3"": 0.5396413938630011}"	"{""bm25"": 0.13402061855670103, ""eos_compact_q4_fp16_o200"": 0.061855670103092786, ""eos_dense"": 0.061855670103092786, ""hybrid_minmax_blend_a050"": 0.14432989690721648, ""mxbai"": 0.38144329896907214, ""qwen3"": 0.38144329896907214}"	"{""bm25"": ""MED-4766"", ""eos_compact_q4_fp16_o200"": ""MED-5126"", ""eos_dense"": ""MED-5126"", ""hybrid_minmax_blend_a050"": ""MED-5126"", ""mxbai"": ""MED-4766"", ""qwen3"": ""MED-4766""}"
nfcorpus	PLAIN-2343	2	True	False	False	True	"{""bm25"": 0, ""eos_compact_q4_fp16_o200"": 0, ""eos_dense"": 0, ""hybrid_minmax_blend_a050"": 0, ""mxbai"": 0, ""qwen3"": 0}"	"{""bm25"": 0.0, ""eos_compact_q4_fp16_o200"": 0.0, ""eos_dense"": 0.0, ""hybrid_minmax_blend_a050"": 0.0, ""mxbai"": 0.0, ""qwen3"": 0.0}"	"{""bm25"": 0.0, ""eos_compact_q4_fp16_o200"": 0.0, ""eos_dense"": 0.0, ""hybrid_minmax_blend_a050"": 0.0, ""mxbai"": 0.0, ""qwen3"": 0.0}"	"{""bm25"": ""MED-859"", ""eos_compact_q4_fp16_o200"": ""MED-5131"", ""eos_dense"": ""MED-5131"", ""hybrid_minmax_blend_a050"": ""MED-2762"", ""mxbai"": ""MED-4872"", ""qwen3"": ""MED-4872""}"
nfcorpus	PLAIN-2354	5	False	True	False	False	"{""bm25"": 1, ""eos_compact_q4_fp16_o200"": 1, ""eos_dense"": 1, ""hybrid_minmax_blend_a050"": 1, ""mxbai"": 1, ""qwen3"": 2}"	"{""bm25"": 0.5087403079104242, ""eos_compact_q4_fp16_o200"": 0.47036528278595796, ""eos_dense"": 0.47036528278595796, ""hybrid_minmax_blend_a050"": 0.5531464700081437, ""mxbai"": 0.5531464700081437, ""qwen3"": 0.36005461457723403}"	"{""bm25"": 0.4, ""eos_compact_q4_fp16_o200"": 0.6, ""eos_dense"": 0.6, ""hybrid_minmax_blend_a050"": 0.6, ""mxbai"": 0.4, ""qwen3"": 0.4}"	"{""bm25"": ""MED-4303"", ""eos_compact_q4_fp16_o200"": ""MED-4303"", ""eos_dense"": ""MED-4303"", ""hybrid_minmax_blend_a050"": ""MED-4303"", ""mxbai"": ""MED-4303"", ""qwen3"": ""MED-4705""}"
nfcorpus	PLAIN-2364	15	True	False	False	True	"{""bm25"": 0, ""eos_compact_q4_fp16_o200"": 0, ""eos_dense"": 0, ""hybrid_minmax_blend_a050"": 0, ""mxbai"": 0, ""qwen3"": 0}"	"{""bm25"": 0.0, ""eos_compact_q4_fp16_o200"": 0.0, ""eos_dense"": 0.0, ""hybrid_minmax_blend_a050"": 0.0, ""mxbai"": 0.0, ""qwen3"": 0.0}"	"{""bm25"": 0.0, ""eos_compact_q4_fp16_o200"": 0.0, ""eos_dense"": 0.0, ""hybrid_minmax_blend_a050"": 0.0, ""mxbai"": 0.0, ""qwen3"": 0.0}"	"{""bm25"": ""MED-5004"", ""eos_compact_q4_fp16_o200"": ""MED-4707"", ""eos_dense"": ""MED-4707"", ""hybrid_minmax_blend_a050"": ""MED-4707"", ""mxbai"": ""MED-5004"", ""qwen3"": ""MED-5004""}"
nfcorpus	PLAIN-2375	2	True	False	False	False	"{""bm25"": 0, ""eos_compact_q4_fp16_o200"": 0, ""eos_dense"": 0, ""hybrid_minmax_blend_a050"": 0, ""mxbai"": 87, ""qwen3"": 0}"	"{""bm25"": 0.0, ""eos_compact_q4_fp16_o200"": 0.0, ""eos_dense"": 0.0, ""hybrid_minmax_blend_a050"": 0.0, ""mxbai"": 0.0, ""qwen3"": 0.0}"	"{""bm25"": 0.0, ""eos_compact_q4_fp16_o200"": 0.0, ""eos_dense"": 0.0, ""hybrid_minmax_blend_a050"": 0.0, ""mxbai"": 0.5, ""qwen3"": 0.0}"	"{""bm25"": ""MED-10"", ""eos_compact_q4_fp16_o200"": ""MED-3772"", ""eos_dense"": ""MED-3772"", ""hybrid_minmax_blend_a050"": ""MED-1067"", ""mxbai"": ""MED-2751"", ""qwen3"": ""MED-4874""}"
nfcorpus	PLAIN-2386	19	True	True	False	False	"{""bm25"": 0, ""eos_compact_q4_fp16_o200"": 33, ""eos_dense"": 33, ""hybrid_minmax_blend_a050"": 35, ""mxbai"": 4, ""qwen3"": 3}"	"{""bm25"": 0.0, ""eos_compact_q4_fp16_o200"": 0.0, ""eos_dense"": 0.0, ""hybrid_minmax_blend_a050"": 0.0, ""mxbai"": 0.09478836436955079, ""qwen3"": 0.17947710508581735}"	"{""bm25"": 0.0, ""eos_compact_q4_fp16_o200"": 0.15789473684210525, ""eos_dense"": 0.15789473684210525, ""hybrid_minmax_blend_a050"": 0.10526315789473684, ""mxbai"": 0.5789473684210527, ""qwen3"": 0.631578947368421}"	"{""bm25"": ""MED-2346"", ""eos_compact_q4_fp16_o200"": ""MED-2016"", ""eos_dense"": ""MED-2016"", ""hybrid_minmax_blend_a050"": ""MED-2346"", ""mxbai"": ""MED-2346"", ""qwen3"": ""MED-5094""}"
nfcorpus	PLAIN-2396	18	True	False	False	False	"{""bm25"": 0, ""eos_compact_q4_fp16_o200"": 0, ""eos_dense"": 0, ""hybrid_minmax_blend_a050"": 0, ""mxbai"": 0, ""qwen3"": 14}"	"{""bm25"": 0.0, ""eos_compact_q4_fp16_o200"": 0.0, ""eos_dense"": 0.0, ""hybrid_minmax_blend_a050"": 0.0, ""mxbai"": 0.0, ""qwen3"": 0.0}"	"{""bm25"": 0.0, ""eos_compact_q4_fp16_o200"": 0.0, ""eos_dense"": 0.0, ""hybrid_minmax_blend_a050"": 0.0, ""mxbai"": 0.0, ""qwen3"": 0.1111111111111111}"	"{""bm25"": ""MED-10"", ""eos_compact_q4_fp16_o200"": ""MED-3630"", ""eos_dense"": ""MED-3630"", ""hybrid_minmax_blend_a050"": ""MED-1097"", ""mxbai"": ""MED-5028"", ""qwen3"": ""MED-4135""}"
nfcorpus	PLAIN-2408	5	True	False	False	False	"{""bm25"": 0, ""eos_compact_q4_fp16_o200"": 0, ""eos_dense"": 0, ""hybrid_minmax_blend_a050"": 0, ""mxbai"": 2, ""qwen3"": 28}"	"{""bm25"": 0.0, ""eos_compact_q4_fp16_o200"": 0.0, ""eos_dense"": 0.0, ""hybrid_minmax_blend_a050"": 0.0, ""mxbai"": 0.3160836598574392, ""qwen3"": 0.0}"	"{""bm25"": 0.0, ""eos_compact_q4_fp16_o200"": 0.0, ""eos_dense"": 0.0, ""hybrid_minmax_blend_a050"": 0.0, ""mxbai"": 0.8, ""qwen3"": 0.4}"	"{""bm25"": ""MED-10"", ""eos_compact_q4_fp16_o200"": ""MED-1247"", ""eos_dense"": ""MED-1247"", ""hybrid_minmax_blend_a050"": ""MED-1020"", ""mxbai"": ""MED-1342"", ""qwen3"": ""MED-3676""}"
nfcorpus	PLAIN-2430	46	False	True	True	True	"{""bm25"": 1, ""eos_compact_q4_fp16_o200"": 1, ""eos_dense"": 1, ""hybrid_minmax_blend_a050"": 1, ""mxbai"": 1, ""qwen3"": 1}"	"{""bm25"": 0.4252084336260238, ""eos_compact_q4_fp16_o200"": 0.49237542072483015, ""eos_dense"": 0.49237542072483015, ""hybrid_minmax_blend_a050"": 0.5163942755054501, ""mxbai"": 0.6033688210841225, ""qwen3"": 0.584886630654606}"	"{""bm25"": 0.1956521739130435, ""eos_compact_q4_fp16_o200"": 0.2826086956521739, ""eos_dense"": 0.2826086956521739, ""hybrid_minmax_blend_a050"": 0.2608695652173913, ""mxbai"": 0.41304347826086957, ""qwen3"": 0.45652173913043476}"	"{""bm25"": ""MED-994"", ""eos_compact_q4_fp16_o200"": ""MED-980"", ""eos_dense"": ""MED-980"", ""hybrid_minmax_blend_a050"": ""MED-994"", ""mxbai"": ""MED-994"", ""qwen3"": ""MED-994""}"
nfcorpus	PLAIN-2440	21	True	False	False	True	"{""bm25"": 0, ""eos_compact_q4_fp16_o200"": 0, ""eos_dense"": 0, ""hybrid_minmax_blend_a050"": 0, ""mxbai"": 0, ""qwen3"": 0}"	"{""bm25"": 0.0, ""eos_compact_q4_fp16_o200"": 0.0, ""eos_dense"": 0.0, ""hybrid_minmax_blend_a050"": 0.0, ""mxbai"": 0.0, ""qwen3"": 0.0}"	"{""bm25"": 0.0, ""eos_compact_q4_fp16_o200"": 0.0, ""eos_dense"": 0.0, ""hybrid_minmax_blend_a050"": 0.0, ""mxbai"": 0.0, ""qwen3"": 0.0}"	"{""bm25"": ""MED-1792"", ""eos_compact_q4_fp16_o200"": ""MED-1789"", ""eos_dense"": ""MED-1789"", ""hybrid_minmax_blend_a050"": ""MED-1792"", ""mxbai"": ""MED-5019"", ""qwen3"": ""MED-5019""}"
nfcorpus	PLAIN-2450	38	False	True	False	True	"{""bm25"": 1, ""eos_compact_q4_fp16_o200"": 1, ""eos_dense"": 1, ""hybrid_minmax_blend_a050"": 1, ""mxbai"": 2, ""qwen3"": 2}"	"{""bm25"": 0.29849003527675555, ""eos_compact_q4_fp16_o200"": 0.3746661058764785, ""eos_dense"": 0.3746661058764785, ""hybrid_minmax_blend_a050"": 0.4252084336260238, ""mxbai"": 0.28351493630661895, ""qwen3"": 0.13886244387355454}"	"{""bm25"": 0.18421052631578946, ""eos_compact_q4_fp16_o200"": 0.2894736842105263, ""eos_dense"": 0.2894736842105263, ""hybrid_minmax_blend_a050"": 0.2894736842105263, ""mxbai"": 0.2631578947368421, ""qwen3"": 0.2631578947368421}"	"{""bm25"": ""MED-1178"", ""eos_compact_q4_fp16_o200"": ""MED-1173"", ""eos_dense"": ""MED-1173"", ""hybrid_minmax_blend_a050"": ""MED-1178"", ""mxbai"": ""MED-1140"", ""qwen3"": ""MED-1140""}"
nfcorpus	PLAIN-2460	31	False	True	False	True	"{""bm25"": 2, ""eos_compact_q4_fp16_o200"": 2, ""eos_dense"": 2, ""hybrid_minmax_blend_a050"": 2, ""mxbai"": 3, ""qwen3"": 6}"	"{""bm25"": 0.1684271754522119, ""eos_compact_q4_fp16_o200"": 0.3501155404974355, ""eos_dense"": 0.3501155404974355, ""hybrid_minmax_blend_a050"": 0.34068302803244505, ""mxbai"": 0.2176889663231753, ""qwen3"": 0.09508977831648077}"	"{""bm25"": 0.22580645161290322, ""eos_compact_q4_fp16_o200"": 0.3225806451612903, ""eos_dense"": 0.3225806451612903, ""hybrid_minmax_blend_a050"": 0.3225806451612903, ""mxbai"": 0.5483870967741935, ""qwen3"": 0.2903225806451613}"	"{""bm25"": ""MED-1864"", ""eos_compact_q4_fp16_o200"": ""MED-4984"", ""eos_dense"": ""MED-4984"", ""hybrid_minmax_blend_a050"": ""MED-4984"", ""mxbai"": ""MED-1062"", ""qwen3"": ""MED-1062""}"
nfcorpus	PLAIN-2470	73	False	True	True	True	"{""bm25"": 7, ""eos_compact_q4_fp16_o200"": 9, ""eos_dense"": 9, ""hybrid_minmax_blend_a050"": 7, ""mxbai"": 1, ""qwen3"": 1}"	"{""bm25"": 0.16774671550357978, ""eos_compact_q4_fp16_o200"": 0.07876312977220022, ""eos_dense"": 0.07876312977220022, ""hybrid_minmax_blend_a050"": 0.08659858672874277, ""mxbai"": 0.6665181205254729, ""qwen3"": 0.7539046507484046}"	"{""bm25"": 0.1643835616438356, ""eos_compact_q4_fp16_o200"": 0.1232876712328767, ""eos_dense"": 0.1232876712328767, ""hybrid_minmax_blend_a050"": 0.1506849315068493, ""mxbai"": 0.3424657534246575, ""qwen3"": 0.3424657534246575}"	"{""bm25"": ""MED-4897"", ""eos_compact_q4_fp16_o200"": ""MED-4396"", ""eos_dense"": ""MED-4396"", ""hybrid_minmax_blend_a050"": ""MED-4897"", ""mxbai"": ""MED-1337"", ""qwen3"": ""MED-1337""}"
nfcorpus	PLAIN-2480	18	False	True	True	False	"{""bm25"": 2, ""eos_compact_q4_fp16_o200"": 2, ""eos_dense"": 2, ""hybrid_minmax_blend_a050"": 2, ""mxbai"": 1, ""qwen3"": 1}"	"{""bm25"": 0.24335144930682967, ""eos_compact_q4_fp16_o200"": 0.1434248447073515, ""eos_dense"": 0.1434248447073515, ""hybrid_minmax_blend_a050"": 0.24335144930682967, ""mxbai"": 0.46969580143814516, ""qwen3"": 0.24945135446236685}"	"{""bm25"": 0.3333333333333333, ""eos_compact_q4_fp16_o200"": 0.3333333333333333, ""eos_dense"": 0.3333333333333333, ""hybrid_minmax_blend_a050"": 0.3888888888888889, ""mxbai"": 0.6666666666666666, ""qwen3"": 0.7222222222222222}"	"{""bm25"": ""MED-2811"", ""eos_compact_q4_fp16_o200"": ""MED-1039"", ""eos_dense"": ""MED-1039"", ""hybrid_minmax_blend_a050"": ""MED-1039"", ""mxbai"": ""MED-3964"", ""qwen3"": ""MED-1582""}"
nfcorpus	PLAIN-2490	23	False	True	False	False	"{""bm25"": 1, ""eos_compact_q4_fp16_o200"": 1, ""eos_dense"": 1, ""hybrid_minmax_blend_a050"": 1, ""mxbai"": 6, ""qwen3"": 2}"	"{""bm25"": 0.5386485824602897, ""eos_compact_q4_fp16_o200"": 0.26695075719413874, ""eos_dense"": 0.26695075719413874, ""hybrid_minmax_blend_a050"": 0.45791085243293694, ""mxbai"": 0.09508977831648077, ""qwen3"": 0.35363389753517693}"	"{""bm25"": 0.2608695652173913, ""eos_compact_q4_fp16_o200"": 0.08695652173913043, ""eos_dense"": 0.08695652173913043, ""hybrid_minmax_blend_a050"": 0.21739130434782608, ""mxbai"": 0.2608695652173913, ""qwen3"": 0.2608695652173913}"	"{""bm25"": ""MED-1490"", ""eos_compact_q4_fp16_o200"": ""MED-1490"", ""eos_dense"": ""MED-1490"", ""hybrid_minmax_blend_a050"": ""MED-1490"", ""mxbai"": ""MED-4994"", ""qwen3"": ""MED-2301""}"
nfcorpus	PLAIN-2500	7	True	True	False	True	"{""bm25"": 6, ""eos_compact_q4_fp16_o200"": 15, ""eos_dense"": 15, ""hybrid_minmax_blend_a050"": 4, ""mxbai"": 4, ""qwen3"": 3}"	"{""bm25"": 0.13521046138463969, ""eos_compact_q4_fp16_o200"": 0.0, ""eos_dense"": 0.0, ""hybrid_minmax_blend_a050"": 0.16347782479468279, ""mxbai"": 0.16347782479468279, ""qwen3"": 0.23010639995510163}"	"{""bm25"": 0.42857142857142855, ""eos_compact_q4_fp16_o200"": 0.7142857142857143, ""eos_dense"": 0.7142857142857143, ""hybrid_minmax_blend_a050"": 0.8571428571428571, ""mxbai"": 1.0, ""qwen3"": 0.8571428571428571}"	"{""bm25"": ""MED-1556"", ""eos_compact_q4_fp16_o200"": ""MED-3198"", ""eos_dense"": ""MED-3198"", ""hybrid_minmax_blend_a050"": ""MED-3198"", ""mxbai"": ""MED-1556"", ""qwen3"": ""MED-1556""}"
nfcorpus	PLAIN-2510	46	False	True	False	False	"{""bm25"": 1, ""eos_compact_q4_fp16_o200"": 1, ""eos_dense"": 1, ""hybrid_minmax_blend_a050"": 1, ""mxbai"": 1, ""qwen3"": 2}"	"{""bm25"": 0.7721596254947204, ""eos_compact_q4_fp16_o200"": 0.5829393865084945, ""eos_dense"": 0.5829393865084945, ""hybrid_minmax_blend_a050"": 0.7569021067152311, ""mxbai"": 0.7220039004349634, ""qwen3"": 0.6442227883107536}"	"{""bm25"": 0.5434782608695652, ""eos_compact_q4_fp16_o200"": 0.4782608695652174, ""eos_dense"": 0.4782608695652174, ""hybrid_minmax_blend_a050"": 0.5434782608695652, ""mxbai"": 0.6956521739130435, ""qwen3"": 0.6086956521739131}"	"{""bm25"": ""MED-1648"", ""eos_compact_q4_fp16_o200"": ""MED-1648"", ""eos_dense"": ""MED-1648"", ""hybrid_minmax_blend_a050"": ""MED-1648"", ""mxbai"": ""MED-1639"", ""qwen3"": ""MED-878""}"
nfcorpus	PLAIN-2520	73	False	True	False	False	"{""bm25"": 4, ""eos_compact_q4_fp16_o200"": 8, ""eos_dense"": 8, ""hybrid_minmax_blend_a050"": 3, ""mxbai"": 3, ""qwen3"": 2}"	"{""bm25"": 0.11840371077358892, ""eos_compact_q4_fp16_o200"": 0.034715610968388634, ""eos_dense"": 0.034715610968388634, ""hybrid_minmax_blend_a050"": 0.09422207606385771, ""mxbai"": 0.09170490262420007, ""qwen3"": 0.2536190390062209}"	"{""bm25"": 0.1232876712328767, ""eos_compact_q4_fp16_o200"": 0.1506849315068493, ""eos_dense"": 0.1506849315068493, ""hybrid_minmax_blend_a050"": 0.2054794520547945, ""mxbai"": 0.136986301369863, ""qwen3"": 0.1643835616438356}"	"{""bm25"": ""MED-3273"", ""eos_compact_q4_fp16_o200"": ""MED-1614"", ""eos_dense"": ""MED-1614"", ""hybrid_minmax_blend_a050"": ""MED-4996"", ""mxbai"": ""MED-1445"", ""qwen3"": ""MED-3273""}"
nfcorpus	PLAIN-2530	72	False	True	True	True	"{""bm25"": 1, ""eos_compact_q4_fp16_o200"": 1, ""eos_dense"": 1, ""hybrid_minmax_blend_a050"": 1, ""mxbai"": 1, ""qwen3"": 1}"	"{""bm25"": 0.932157277304417, ""eos_compact_q4_fp16_o200"": 0.6621137423456802, ""eos_dense"": 0.6621137423456802, ""hybrid_minmax_blend_a050"": 0.932157277304417, ""mxbai"": 0.9652843890316114, ""qwen3"": 0.9668728882728055}"	"{""bm25"": 0.3194444444444444, ""eos_compact_q4_fp16_o200"": 0.2222222222222222, ""eos_dense"": 0.2222222222222222, ""hybrid_minmax_blend_a050"": 0.3055555555555556, ""mxbai"": 0.3472222222222222, ""qwen3"": 0.375}"	"{""bm25"": ""MED-1804"", ""eos_compact_q4_fp16_o200"": ""MED-4769"", ""eos_dense"": ""MED-4769"", ""hybrid_minmax_blend_a050"": ""MED-1804"", ""mxbai"": ""MED-1804"", ""qwen3"": ""MED-1804""}"
nfcorpus	PLAIN-2540	21	False	True	False	False	"{""bm25"": 1, ""eos_compact_q4_fp16_o200"": 1, ""eos_dense"": 1, ""hybrid_minmax_blend_a050"": 1, ""mxbai"": 1, ""qwen3"": 4}"	"{""bm25"": 0.26521016728839186, ""eos_compact_q4_fp16_o200"": 0.3481190832715947, ""eos_dense"": 0.3481190832715947, ""hybrid_minmax_blend_a050"": 0.40360338707381177, ""mxbai"": 0.44246026759393453, ""qwen3"": 0.28437864048999356}"	"{""bm25"": 0.38095238095238093, ""eos_compact_q4_fp16_o200"": 0.42857142857142855, ""eos_dense"": 0.42857142857142855, ""hybrid_minmax_blend_a050"": 0.47619047619047616, ""mxbai"": 0.5714285714285714, ""qwen3"": 0.9047619047619048}"	"{""bm25"": ""MED-1886"", ""eos_compact_q4_fp16_o200"": ""MED-1886"", ""eos_dense"": ""MED-1886"", ""hybrid_minmax_blend_a050"": ""MED-1886"", ""mxbai"": ""MED-1882"", ""qwen3"": ""MED-2967""}"
nfcorpus	PLAIN-2550	25	True	False	False	False	"{""bm25"": 8, ""eos_compact_q4_fp16_o200"": 31, ""eos_dense"": 31, ""hybrid_minmax_blend_a050"": 16, ""mxbai"": 4, ""qwen3"": 12}"	"{""bm25"": 0.08039138809008574, ""eos_compact_q4_fp16_o200"": 0.0, ""eos_dense"": 0.0, ""hybrid_minmax_blend_a050"": 0.0, ""mxbai"": 0.1901427070773245, ""qwen3"": 0.0}"	"{""bm25"": 0.2, ""eos_compact_q4_fp16_o200"": 0.2, ""eos_dense"": 0.2, ""hybrid_minmax_blend_a050"": 0.24, ""mxbai"": 0.28, ""qwen3"": 0.2}"	"{""bm25"": ""MED-2301"", ""eos_compact_q4_fp16_o200"": ""MED-5014"", ""eos_dense"": ""MED-5014"", ""hybrid_minmax_blend_a050"": ""MED-5014"", ""mxbai"": ""MED-1194"", ""qwen3"": ""MED-1679""}"
nfcorpus	PLAIN-2560	21	False	True	True	False	"{""bm25"": 1, ""eos_compact_q4_fp16_o200"": 1, ""eos_dense"": 1, ""hybrid_minmax_blend_a050"": 1, ""mxbai"": 1, ""qwen3"": 1}"	"{""bm25"": 0.791726719367984, ""eos_compact_q4_fp16_o200"": 0.7753366239771086, ""eos_dense"": 0.7753366239771086, ""hybrid_minmax_blend_a050"": 0.793584067764911, ""mxbai"": 0.9337457765456111, ""qwen3"": 0.92663607790064}"	"{""bm25"": 0.7619047619047619, ""eos_compact_q4_fp16_o200"": 0.6190476190476191, ""eos_dense"": 0.6190476190476191, ""hybrid_minmax_blend_a050"": 0.6666666666666666, ""mxbai"": 0.5714285714285714, ""qwen3"": 0.6666666666666666}"	"{""bm25"": ""MED-2053"", ""eos_compact_q4_fp16_o200"": ""MED-2055"", ""eos_dense"": ""MED-2055"", ""hybrid_minmax_blend_a050"": ""MED-2055"", ""mxbai"": ""MED-2055"", ""qwen3"": ""MED-2058""}"
nfcorpus	PLAIN-2570	40	False	True	False	False	"{""bm25"": 3, ""eos_compact_q4_fp16_o200"": 1, ""eos_dense"": 1, ""hybrid_minmax_blend_a050"": 1, ""mxbai"": 1, ""qwen3"": 2}"	"{""bm25"": 0.1222260944107594, ""eos_compact_q4_fp16_o200"": 0.5192416182675534, ""eos_dense"": 0.5192416182675534, ""hybrid_minmax_blend_a050"": 0.27978345357387874, ""mxbai"": 0.31511471832623866, ""qwen3"": 0.44832214567485135}"	"{""bm25"": 0.1, ""eos_compact_q4_fp16_o200"": 0.35, ""eos_dense"": 0.35, ""hybrid_minmax_blend_a050"": 0.25, ""mxbai"": 0.3, ""qwen3"": 0.4}"	"{""bm25"": ""MED-1248"", ""eos_compact_q4_fp16_o200"": ""MED-2145"", ""eos_dense"": ""MED-2145"", ""hybrid_minmax_blend_a050"": ""MED-2145"", ""mxbai"": ""MED-2145"", ""qwen3"": ""MED-2148""}"
nfcorpus	PLAIN-2580	23	False	True	True	True	"{""bm25"": 1, ""eos_compact_q4_fp16_o200"": 1, ""eos_dense"": 1, ""hybrid_minmax_blend_a050"": 1, ""mxbai"": 1, ""qwen3"": 1}"	"{""bm25"": 0.3641741749358281, ""eos_compact_q4_fp16_o200"": 0.4494726051389747, ""eos_dense"": 0.4494726051389747, ""hybrid_minmax_blend_a050"": 0.41556822947467315, ""mxbai"": 0.23644201540575577, ""qwen3"": 0.3388812950446277}"	"{""bm25"": 0.13043478260869565, ""eos_compact_q4_fp16_o200"": 0.13043478260869565, ""eos_dense"": 0.13043478260869565, ""hybrid_minmax_blend_a050"": 0.21739130434782608, ""mxbai"": 0.17391304347826086, ""qwen3"": 0.08695652173913043}"	"{""bm25"": ""MED-2220"", ""eos_compact_q4_fp16_o200"": ""MED-2220"", ""eos_dense"": ""MED-2220"", ""hybrid_minmax_blend_a050"": ""MED-2220"", ""mxbai"": ""MED-2725"", ""qwen3"": ""MED-2725""}"
nfcorpus	PLAIN-2590	63	True	True	False	True	"{""bm25"": 13, ""eos_compact_q4_fp16_o200"": 20, ""eos_dense"": 20, ""hybrid_minmax_blend_a050"": 14, ""mxbai"": 3, ""qwen3"": 4}"	"{""bm25"": 0.0, ""eos_compact_q4_fp16_o200"": 0.0, ""eos_dense"": 0.0, ""hybrid_minmax_blend_a050"": 0.0, ""mxbai"": 0.05683075013322683, ""qwen3"": 0.20247065162765737}"	"{""bm25"": 0.07936507936507936, ""eos_compact_q4_fp16_o200"": 0.047619047619047616, ""eos_dense"": 0.047619047619047616, ""hybrid_minmax_blend_a050"": 0.07936507936507936, ""mxbai"": 0.09523809523809523, ""qwen3"": 0.1111111111111111}"	"{""bm25"": ""MED-5226"", ""eos_compact_q4_fp16_o200"": ""MED-5324"", ""eos_dense"": ""MED-5324"", ""hybrid_minmax_blend_a050"": ""MED-5325"", ""mxbai"": ""MED-4163"", ""qwen3"": ""MED-4163""}"
nfcorpus	PLAIN-2600	10	False	True	True	True	"{""bm25"": 3, ""eos_compact_q4_fp16_o200"": 4, ""eos_dense"": 4, ""hybrid_minmax_blend_a050"": 1, ""mxbai"": 1, ""qwen3"": 1}"	"{""bm25"": 0.2410097749487863, ""eos_compact_q4_fp16_o200"": 0.22149624202243995, ""eos_dense"": 0.22149624202243995, ""hybrid_minmax_blend_a050"": 0.4915132231786013, ""mxbai"": 0.5998254955960036, ""qwen3"": 0.630445514041735}"	"{""bm25"": 0.3, ""eos_compact_q4_fp16_o200"": 0.4, ""eos_dense"": 0.4, ""hybrid_minmax_blend_a050"": 0.4, ""mxbai"": 0.4, ""qwen3"": 0.4}"	"{""bm25"": ""MED-2939"", ""eos_compact_q4_fp16_o200"": ""MED-1884"", ""eos_dense"": ""MED-1884"", ""hybrid_minmax_blend_a050"": ""MED-2371"", ""mxbai"": ""MED-2372"", ""qwen3"": ""MED-2372""}"
nfcorpus	PLAIN-2610	61	False	True	False	False	"{""bm25"": 1, ""eos_compact_q4_fp16_o200"": 1, ""eos_dense"": 1, ""hybrid_minmax_blend_a050"": 1, ""mxbai"": 1, ""qwen3"": 2}"	"{""bm25"": 0.27511470787260023, ""eos_compact_q4_fp16_o200"": 0.4837862245230293, ""eos_dense"": 0.4837862245230293, ""hybrid_minmax_blend_a050"": 0.37767304153657205, ""mxbai"": 0.5081992278100125, ""qwen3"": 0.4420330905594858}"	"{""bm25"": 0.14754098360655737, ""eos_compact_q4_fp16_o200"": 0.5245901639344263, ""eos_dense"": 0.5245901639344263, ""hybrid_minmax_blend_a050"": 0.47540983606557374, ""mxbai"": 0.22950819672131148, ""qwen3"": 0.19672131147540983}"	"{""bm25"": ""MED-2452"", ""eos_compact_q4_fp16_o200"": ""MED-2452"", ""eos_dense"": ""MED-2452"", ""hybrid_minmax_blend_a050"": ""MED-2452"", ""mxbai"": ""MED-2472"", ""qwen3"": ""MED-5072""}"
nfcorpus	PLAIN-2620	55	False	True	True	False	"{""bm25"": 1, ""eos_compact_q4_fp16_o200"": 1, ""eos_dense"": 1, ""hybrid_minmax_blend_a050"": 1, ""mxbai"": 1, ""qwen3"": 1}"	"{""bm25"": 0.28952298823485745, ""eos_compact_q4_fp16_o200"": 0.7570009158104375, ""eos_dense"": 0.7570009158104375, ""hybrid_minmax_blend_a050"": 0.722199326284048, ""mxbai"": 0.8115471974496538, ""qwen3"": 0.4932162989129128}"	"{""bm25"": 0.18181818181818182, ""eos_compact_q4_fp16_o200"": 0.6181818181818182, ""eos_dense"": 0.6181818181818182, ""hybrid_minmax_blend_a050"": 0.5272727272727272, ""mxbai"": 0.34545454545454546, ""qwen3"": 0.3090909090909091}"	"{""bm25"": ""MED-2988"", ""eos_compact_q4_fp16_o200"": ""MED-2584"", ""eos_dense"": ""MED-2584"", ""hybrid_minmax_blend_a050"": ""MED-2988"", ""mxbai"": ""MED-4319"", ""qwen3"": ""MED-2989""}"
nfcorpus	PLAIN-2630	48	False	True	True	True	"{""bm25"": 1, ""eos_compact_q4_fp16_o200"": 1, ""eos_dense"": 1, ""hybrid_minmax_blend_a050"": 1, ""mxbai"": 1, ""qwen3"": 1}"	"{""bm25"": 0.4252084336260238, ""eos_compact_q4_fp16_o200"": 0.7363186440601831, ""eos_dense"": 0.7363186440601831, ""hybrid_minmax_blend_a050"": 0.9216017310213247, ""mxbai"": 0.6816808362189439, ""qwen3"": 0.7849818707050383}"	"{""bm25"": 0.2708333333333333, ""eos_compact_q4_fp16_o200"": 0.625, ""eos_dense"": 0.625, ""hybrid_minmax_blend_a050"": 0.6041666666666666, ""mxbai"": 0.4791666666666667, ""qwen3"": 0.3958333333333333}"	"{""bm25"": ""MED-2643"", ""eos_compact_q4_fp16_o200"": ""MED-4655"", ""eos_dense"": ""MED-4655"", ""hybrid_minmax_blend_a050"": ""MED-2643"", ""mxbai"": ""MED-2658"", ""qwen3"": ""MED-2658""}"
nfcorpus	PLAIN-2640	48	False	True	True	False	"{""bm25"": 1, ""eos_compact_q4_fp16_o200"": 1, ""eos_dense"": 1, ""hybrid_minmax_blend_a050"": 1, ""mxbai"": 1, ""qwen3"": 1}"	"{""bm25"": 0.6009053751727896, ""eos_compact_q4_fp16_o200"": 0.41527650917888864, ""eos_dense"": 0.41527650917888864, ""hybrid_minmax_blend_a050"": 0.6111456878054878, ""mxbai"": 0.5704107395589224, ""qwen3"": 0.5452817162861779}"	"{""bm25"": 0.5416666666666666, ""eos_compact_q4_fp16_o200"": 0.5208333333333334, ""eos_dense"": 0.5208333333333334, ""hybrid_minmax_blend_a050"": 0.5625, ""mxbai"": 0.5833333333333334, ""qwen3"": 0.5}"	"{""bm25"": ""MED-2745"", ""eos_compact_q4_fp16_o200"": ""MED-2743"", ""eos_dense"": ""MED-2743"", ""hybrid_minmax_blend_a050"": ""MED-2743"", ""mxbai"": ""MED-3892"", ""qwen3"": ""MED-2745""}"
nfcorpus	PLAIN-2650	29	False	True	True	True	"{""bm25"": 1, ""eos_compact_q4_fp16_o200"": 5, ""eos_dense"": 5, ""hybrid_minmax_blend_a050"": 1, ""mxbai"": 1, ""qwen3"": 1}"	"{""bm25"": 0.494639655562801, ""eos_compact_q4_fp16_o200"": 0.15139734109601005, ""eos_dense"": 0.15139734109601005, ""hybrid_minmax_blend_a050"": 0.38824405276699103, ""mxbai"": 0.6489315753318465, ""qwen3"": 0.7222954974312067}"	"{""bm25"": 0.3793103448275862, ""eos_compact_q4_fp16_o200"": 0.5862068965517241, ""eos_dense"": 0.5862068965517241, ""hybrid_minmax_blend_a050"": 0.3793103448275862, ""mxbai"": 0.3793103448275862, ""qwen3"": 0.3793103448275862}"	"{""bm25"": ""MED-2800"", ""eos_compact_q4_fp16_o200"": ""MED-2794"", ""eos_dense"": ""MED-2794"", ""hybrid_minmax_blend_a050"": ""MED-2800"", ""mxbai"": ""MED-2800"", ""qwen3"": ""MED-2800""}"
nfcorpus	PLAIN-2660	27	False	True	False	True	"{""bm25"": 3, ""eos_compact_q4_fp16_o200"": 1, ""eos_dense"": 1, ""hybrid_minmax_blend_a050"": 2, ""mxbai"": 3, ""qwen3"": 5}"	"{""bm25"": 0.18340980524840014, ""eos_compact_q4_fp16_o200"": 0.18340980524840014, ""eos_dense"": 0.18340980524840014, ""hybrid_minmax_blend_a050"": 0.13305201013572898, ""mxbai"": 0.21101571757181775, ""qwen3"": 0.22212782793993277}"	"{""bm25"": 0.2222222222222222, ""eos_compact_q4_fp16_o200"": 0.7407407407407407, ""eos_dense"": 0.7407407407407407, ""hybrid_minmax_blend_a050"": 0.5925925925925926, ""mxbai"": 0.4444444444444444, ""qwen3"": 0.4444444444444444}"	"{""bm25"": ""MED-4465"", ""eos_compact_q4_fp16_o200"": ""MED-4171"", ""eos_dense"": ""MED-4171"", ""hybrid_minmax_blend_a050"": ""MED-5097"", ""mxbai"": ""MED-4376"", ""qwen3"": ""MED-4376""}"
nfcorpus	PLAIN-2670	35	False	True	True	True	"{""bm25"": 1, ""eos_compact_q4_fp16_o200"": 1, ""eos_dense"": 1, ""hybrid_minmax_blend_a050"": 1, ""mxbai"": 1, ""qwen3"": 1}"	"{""bm25"": 0.29964840342598315, ""eos_compact_q4_fp16_o200"": 0.5046887556861165, ""eos_dense"": 0.5046887556861165, ""hybrid_minmax_blend_a050"": 0.4800940009845181, ""mxbai"": 0.29964840342598315, ""qwen3"": 0.29964840342598315}"	"{""bm25"": 0.11428571428571428, ""eos_compact_q4_fp16_o200"": 0.6571428571428571, ""eos_dense"": 0.6571428571428571, ""hybrid_minmax_blend_a050"": 0.2571428571428571, ""mxbai"": 0.05714285714285714, ""qwen3"": 0.08571428571428572}"	"{""bm25"": ""MED-2994"", ""eos_compact_q4_fp16_o200"": ""MED-2994"", ""eos_dense"": ""MED-2994"", ""hybrid_minmax_blend_a050"": ""MED-2994"", ""mxbai"": ""MED-2994"", ""qwen3"": ""MED-2994""}"
nfcorpus	PLAIN-2680	14	False	True	False	True	"{""bm25"": 1, ""eos_compact_q4_fp16_o200"": 1, ""eos_dense"": 1, ""hybrid_minmax_blend_a050"": 1, ""mxbai"": 2, ""qwen3"": 2}"	"{""bm25"": 0.3645859899946533, ""eos_compact_q4_fp16_o200"": 0.6527861016785319, ""eos_dense"": 0.6527861016785319, ""hybrid_minmax_blend_a050"": 0.6239522740347339, ""mxbai"": 0.3766973018981686, ""qwen3"": 0.35774784638470775}"	"{""bm25"": 0.2857142857142857, ""eos_compact_q4_fp16_o200"": 0.5, ""eos_dense"": 0.5, ""hybrid_minmax_blend_a050"": 0.35714285714285715, ""mxbai"": 0.5, ""qwen3"": 0.5}"	"{""bm25"": ""MED-3100"", ""eos_compact_q4_fp16_o200"": ""MED-3102"", ""eos_dense"": ""MED-3102"", ""hybrid_minmax_blend_a050"": ""MED-3102"", ""mxbai"": ""MED-1961"", ""qwen3"": ""MED-1961""}"
nfcorpus	PLAIN-2690	43	True	True	True	True	"{""bm25"": 2, ""eos_compact_q4_fp16_o200"": 29, ""eos_dense"": 29, ""hybrid_minmax_blend_a050"": 3, ""mxbai"": 1, ""qwen3"": 1}"	"{""bm25"": 0.06943122193677727, ""eos_compact_q4_fp16_o200"": 0.0, ""eos_dense"": 0.0, ""hybrid_minmax_blend_a050"": 0.05502294157452005, ""mxbai"": 0.7873742131625534, ""qwen3"": 0.578260437138461}"	"{""bm25"": 0.11627906976744186, ""eos_compact_q4_fp16_o200"": 0.023255813953488372, ""eos_dense"": 0.023255813953488372, ""hybrid_minmax_blend_a050"": 0.13953488372093023, ""mxbai"": 0.5813953488372093, ""qwen3"": 0.4418604651162791}"	"{""bm25"": ""MED-3515"", ""eos_compact_q4_fp16_o200"": ""MED-1013"", ""eos_dense"": ""MED-1013"", ""hybrid_minmax_blend_a050"": ""MED-1013"", ""mxbai"": ""MED-3175"", ""qwen3"": ""MED-3175""}"
nfcorpus	PLAIN-2700	10	False	True	False	True	"{""bm25"": 2, ""eos_compact_q4_fp16_o200"": 2, ""eos_dense"": 2, ""hybrid_minmax_blend_a050"": 1, ""mxbai"": 2, ""qwen3"": 3}"	"{""bm25"": 0.1890570933316362, ""eos_compact_q4_fp16_o200"": 0.1890570933316362, ""eos_dense"": 0.1890570933316362, ""hybrid_minmax_blend_a050"": 0.29964840342598315, ""mxbai"": 0.31810863635132614, ""qwen3"": 0.35236184145444577}"	"{""bm25"": 0.3, ""eos_compact_q4_fp16_o200"": 0.3, ""eos_dense"": 0.3, ""hybrid_minmax_blend_a050"": 0.3, ""mxbai"": 0.7, ""qwen3"": 0.7}"	"{""bm25"": ""MED-3954"", ""eos_compact_q4_fp16_o200"": ""MED-1570"", ""eos_dense"": ""MED-1570"", ""hybrid_minmax_blend_a050"": ""MED-3253"", ""mxbai"": ""MED-3954"", ""qwen3"": ""MED-3954""}"
nfcorpus	PLAIN-2710	21	False	True	True	True	"{""bm25"": 1, ""eos_compact_q4_fp16_o200"": 2, ""eos_dense"": 2, ""hybrid_minmax_blend_a050"": 1, ""mxbai"": 1, ""qwen3"": 1}"	"{""bm25"": 0.6090334038837439, ""eos_compact_q4_fp16_o200"": 0.416871987332739, ""eos_dense"": 0.416871987332739, ""hybrid_minmax_blend_a050"": 0.56885331124342, ""mxbai"": 0.6779733527921183, ""qwen3"": 0.6687203801353125}"	"{""bm25"": 0.2857142857142857, ""eos_compact_q4_fp16_o200"": 0.47619047619047616, ""eos_dense"": 0.47619047619047616, ""hybrid_minmax_blend_a050"": 0.47619047619047616, ""mxbai"": 0.5714285714285714, ""qwen3"": 0.2857142857142857}"	"{""bm25"": ""MED-3382"", ""eos_compact_q4_fp16_o200"": ""MED-2994"", ""eos_dense"": ""MED-2994"", ""hybrid_minmax_blend_a050"": ""MED-3382"", ""mxbai"": ""MED-3380"", ""qwen3"": ""MED-3380""}"
nfcorpus	PLAIN-2720	36	True	True	False	False	"{""bm25"": 6, ""eos_compact_q4_fp16_o200"": 16, ""eos_dense"": 16, ""hybrid_minmax_blend_a050"": 1, ""mxbai"": 3, ""qwen3"": 1}"	"{""bm25"": 0.11256305658869774, ""eos_compact_q4_fp16_o200"": 0.0, ""eos_dense"": 0.0, ""hybrid_minmax_blend_a050"": 0.1100458831490401, ""mxbai"": 0.23080398743317557, ""qwen3"": 0.20483424751859092}"	"{""bm25"": 0.19444444444444445, ""eos_compact_q4_fp16_o200"": 0.027777777777777776, ""eos_dense"": 0.027777777777777776, ""hybrid_minmax_blend_a050"": 0.16666666666666666, ""mxbai"": 0.3055555555555556, ""qwen3"": 0.19444444444444445}"	"{""bm25"": ""MED-4429"", ""eos_compact_q4_fp16_o200"": ""MED-3487"", ""eos_dense"": ""MED-3487"", ""hybrid_minmax_blend_a050"": ""MED-4392"", ""mxbai"": ""MED-2707"", ""qwen3"": ""MED-4392""}"
nfcorpus	PLAIN-2730	29	False	True	True	False	"{""bm25"": 5, ""eos_compact_q4_fp16_o200"": 1, ""eos_dense"": 1, ""hybrid_minmax_blend_a050"": 2, ""mxbai"": 1, ""qwen3"": 1}"	"{""bm25"": 0.28498370192887795, ""eos_compact_q4_fp16_o200"": 0.6022167090575359, ""eos_dense"": 0.6022167090575359, ""hybrid_minmax_blend_a050"": 0.5511899106962879, ""mxbai"": 0.73391134873038, ""qwen3"": 0.7310080223249393}"	"{""bm25"": 0.3448275862068966, ""eos_compact_q4_fp16_o200"": 0.4482758620689655, ""eos_dense"": 0.4482758620689655, ""hybrid_minmax_blend_a050"": 0.4482758620689655, ""mxbai"": 0.3793103448275862, ""qwen3"": 0.3103448275862069}"	"{""bm25"": ""MED-2573"", ""eos_compact_q4_fp16_o200"": ""MED-3548"", ""eos_dense"": ""MED-3548"", ""hybrid_minmax_blend_a050"": ""MED-2573"", ""mxbai"": ""MED-3550"", ""qwen3"": ""MED-3554""}"
nfcorpus	PLAIN-2740	50	False	True	False	False	"{""bm25"": 2, ""eos_compact_q4_fp16_o200"": 1, ""eos_dense"": 1, ""hybrid_minmax_blend_a050"": 2, ""mxbai"": 1, ""qwen3"": 2}"	"{""bm25"": 0.4437562409950965, ""eos_compact_q4_fp16_o200"": 0.8216329970642997, ""eos_dense"": 0.8216329970642997, ""hybrid_minmax_blend_a050"": 0.640445881764379, ""mxbai"": 0.6836484813905771, ""qwen3"": 0.5721319758726111}"	"{""bm25"": 0.28, ""eos_compact_q4_fp16_o200"": 0.6, ""eos_dense"": 0.6, ""hybrid_minmax_blend_a050"": 0.54, ""mxbai"": 0.2, ""qwen3"": 0.2}"	"{""bm25"": ""MED-2940"", ""eos_compact_q4_fp16_o200"": ""MED-3624"", ""eos_dense"": ""MED-3624"", ""hybrid_minmax_blend_a050"": ""MED-2940"", ""mxbai"": ""MED-3627"", ""qwen3"": ""MED-2940""}"
nfcorpus	PLAIN-2750	59	False	True	True	True	"{""bm25"": 1, ""eos_compact_q4_fp16_o200"": 1, ""eos_dense"": 1, ""hybrid_minmax_blend_a050"": 1, ""mxbai"": 1, ""qwen3"": 1}"	"{""bm25"": 0.5067597279986089, ""eos_compact_q4_fp16_o200"": 0.713348815173912, ""eos_dense"": 0.713348815173912, ""hybrid_minmax_blend_a050"": 0.5966747270049432, ""mxbai"": 0.46754041505914845, ""qwen3"": 0.5960747500504402}"	"{""bm25"": 0.22033898305084745, ""eos_compact_q4_fp16_o200"": 0.4576271186440678, ""eos_dense"": 0.4576271186440678, ""hybrid_minmax_blend_a050"": 0.4745762711864407, ""mxbai"": 0.4745762711864407, ""qwen3"": 0.3728813559322034}"	"{""bm25"": ""MED-3683"", ""eos_compact_q4_fp16_o200"": ""MED-3683"", ""eos_dense"": ""MED-3683"", ""hybrid_minmax_blend_a050"": ""MED-3683"", ""mxbai"": ""MED-3683"", ""qwen3"": ""MED-3683""}"
nfcorpus	PLAIN-2760	8	True	True	False	False	"{""bm25"": 0, ""eos_compact_q4_fp16_o200"": 0, ""eos_dense"": 0, ""hybrid_minmax_blend_a050"": 0, ""mxbai"": 2, ""qwen3"": 4}"	"{""bm25"": 0.0, ""eos_compact_q4_fp16_o200"": 0.0, ""eos_dense"": 0.0, ""hybrid_minmax_blend_a050"": 0.0, ""mxbai"": 0.38020464185673486, ""qwen3"": 0.2927907041760803}"	"{""bm25"": 0.0, ""eos_compact_q4_fp16_o200"": 0.0, ""eos_dense"": 0.0, ""hybrid_minmax_blend_a050"": 0.0, ""mxbai"": 0.375, ""qwen3"": 0.25}"	"{""bm25"": ""MED-2220"", ""eos_compact_q4_fp16_o200"": ""MED-4765"", ""eos_dense"": ""MED-4765"", ""hybrid_minmax_blend_a050"": ""MED-4765"", ""mxbai"": ""MED-2201"", ""qwen3"": ""MED-4600""}"
nfcorpus	PLAIN-2770	41	False	True	False	True	"{""bm25"": 1, ""eos_compact_q4_fp16_o200"": 2, ""eos_dense"": 2, ""hybrid_minmax_blend_a050"": 1, ""mxbai"": 2, ""qwen3"": 2}"	"{""bm25"": 0.3557505847304329, ""eos_compact_q4_fp16_o200"": 0.3060376886940194, ""eos_dense"": 0.3060376886940194, ""hybrid_minmax_blend_a050"": 0.4409083807795789, ""mxbai"": 0.3389234916708022, ""qwen3"": 0.2822083298269524}"	"{""bm25"": 0.2926829268292683, ""eos_compact_q4_fp16_o200"": 0.7804878048780488, ""eos_dense"": 0.7804878048780488, ""hybrid_minmax_blend_a050"": 0.5853658536585366, ""mxbai"": 0.6097560975609756, ""qwen3"": 0.5365853658536586}"	"{""bm25"": ""MED-3832"", ""eos_compact_q4_fp16_o200"": ""MED-1826"", ""eos_dense"": ""MED-1826"", ""hybrid_minmax_blend_a050"": ""MED-3832"", ""mxbai"": ""MED-1825"", ""qwen3"": ""MED-1825""}"
nfcorpus	PLAIN-2780	22	False	True	True	True	"{""bm25"": 1, ""eos_compact_q4_fp16_o200"": 1, ""eos_dense"": 1, ""hybrid_minmax_blend_a050"": 1, ""mxbai"": 1, ""qwen3"": 1}"	"{""bm25"": 0.39433467475892453, ""eos_compact_q4_fp16_o200"": 0.5960747500504402, ""eos_dense"": 0.5960747500504402, ""hybrid_minmax_blend_a050"": 0.5361418870122419, ""mxbai"": 0.4363084233801602, ""qwen3"": 0.49480955749223515}"	"{""bm25"": 0.4090909090909091, ""eos_compact_q4_fp16_o200"": 0.5454545454545454, ""eos_dense"": 0.5454545454545454, ""hybrid_minmax_blend_a050"": 0.5454545454545454, ""mxbai"": 0.5909090909090909, ""qwen3"": 0.5}"	"{""bm25"": ""MED-3896"", ""eos_compact_q4_fp16_o200"": ""MED-3896"", ""eos_dense"": ""MED-3896"", ""hybrid_minmax_blend_a050"": ""MED-3896"", ""mxbai"": ""MED-3896"", ""qwen3"": ""MED-3896""}"
nfcorpus	PLAIN-2790	59	False	True	True	True	"{""bm25"": 1, ""eos_compact_q4_fp16_o200"": 1, ""eos_dense"": 1, ""hybrid_minmax_blend_a050"": 1, ""mxbai"": 1, ""qwen3"": 1}"	"{""bm25"": 0.6489315753318465, ""eos_compact_q4_fp16_o200"": 0.7101677495731862, ""eos_dense"": 0.7101677495731862, ""hybrid_minmax_blend_a050"": 0.7787274229518825, ""mxbai"": 0.7058075148678526, ""qwen3"": 0.81192069785431}"	"{""bm25"": 0.11864406779661017, ""eos_compact_q4_fp16_o200"": 0.2542372881355932, ""eos_dense"": 0.2542372881355932, ""hybrid_minmax_blend_a050"": 0.2542372881355932, ""mxbai"": 0.2542372881355932, ""qwen3"": 0.1864406779661017}"	"{""bm25"": ""MED-3964"", ""eos_compact_q4_fp16_o200"": ""MED-3964"", ""eos_dense"": ""MED-3964"", ""hybrid_minmax_blend_a050"": ""MED-3964"", ""mxbai"": ""MED-3970"", ""qwen3"": ""MED-3970""}"
nfcorpus	PLAIN-2800	24	False	False	False	False	"{""bm25"": 2, ""eos_compact_q4_fp16_o200"": 2, ""eos_dense"": 2, ""hybrid_minmax_blend_a050"": 1, ""mxbai"": 15, ""qwen3"": 2}"	"{""bm25"": 0.1890570933316362, ""eos_compact_q4_fp16_o200"": 0.0945285466658181, ""eos_dense"": 0.0945285466658181, ""hybrid_minmax_blend_a050"": 0.24002735929703417, ""mxbai"": 0.0, ""qwen3"": 0.0945285466658181}"	"{""bm25"": 0.125, ""eos_compact_q4_fp16_o200"": 0.08333333333333333, ""eos_dense"": 0.08333333333333333, ""hybrid_minmax_blend_a050"": 0.08333333333333333, ""mxbai"": 0.08333333333333333, ""qwen3"": 0.125}"	"{""bm25"": ""MED-4456"", ""eos_compact_q4_fp16_o200"": ""MED-5150"", ""eos_dense"": ""MED-5150"", ""hybrid_minmax_blend_a050"": ""MED-4454"", ""mxbai"": ""MED-4456"", ""qwen3"": ""MED-2235""}"
nfcorpus	PLAIN-2810	8	False	False	False	False	"{""bm25"": 5, ""eos_compact_q4_fp16_o200"": 6, ""eos_dense"": 6, ""hybrid_minmax_blend_a050"": 6, ""mxbai"": 12, ""qwen3"": 17}"	"{""bm25"": 0.06358115370045193, ""eos_compact_q4_fp16_o200"": 0.11708879185663865, ""eos_dense"": 0.11708879185663865, ""hybrid_minmax_blend_a050"": 0.11708879185663865, ""mxbai"": 0.0, ""qwen3"": 0.0}"	"{""bm25"": 0.5, ""eos_compact_q4_fp16_o200"": 0.625, ""eos_dense"": 0.625, ""hybrid_minmax_blend_a050"": 0.625, ""mxbai"": 0.125, ""qwen3"": 0.375}"	"{""bm25"": ""MED-2491"", ""eos_compact_q4_fp16_o200"": ""MED-2491"", ""eos_dense"": ""MED-2491"", ""hybrid_minmax_blend_a050"": ""MED-2491"", ""mxbai"": ""MED-1792"", ""qwen3"": ""MED-3469""}"
nfcorpus	PLAIN-2820	8	True	True	False	False	"{""bm25"": 35, ""eos_compact_q4_fp16_o200"": 0, ""eos_dense"": 0, ""hybrid_minmax_blend_a050"": 75, ""mxbai"": 9, ""qwen3"": 7}"	"{""bm25"": 0.0, ""eos_compact_q4_fp16_o200"": 0.0, ""eos_dense"": 0.0, ""hybrid_minmax_blend_a050"": 0.0, ""mxbai"": 0.1215432127090705, ""qwen3"": 0.13458593768037733}"	"{""bm25"": 0.25, ""eos_compact_q4_fp16_o200"": 0.0, ""eos_dense"": 0.0, ""hybrid_minmax_blend_a050"": 0.125, ""mxbai"": 0.25, ""qwen3"": 0.375}"	"{""bm25"": ""MED-1192"", ""eos_compact_q4_fp16_o200"": ""MED-2213"", ""eos_dense"": ""MED-2213"", ""hybrid_minmax_blend_a050"": ""MED-2213"", ""mxbai"": ""MED-1677"", ""qwen3"": ""MED-1232""}"
nfcorpus	PLAIN-2830	3	True	True	True	True	"{""bm25"": 2, ""eos_compact_q4_fp16_o200"": 28, ""eos_dense"": 28, ""hybrid_minmax_blend_a050"": 5, ""mxbai"": 1, ""qwen3"": 1}"	"{""bm25"": 0.4030302838010049, ""eos_compact_q4_fp16_o200"": 0.0, ""eos_dense"": 0.0, ""hybrid_minmax_blend_a050"": 0.2471168871120522, ""mxbai"": 0.638787886479598, ""qwen3"": 0.638787886479598}"	"{""bm25"": 0.3333333333333333, ""eos_compact_q4_fp16_o200"": 0.6666666666666666, ""eos_dense"": 0.6666666666666666, ""hybrid_minmax_blend_a050"": 0.6666666666666666, ""mxbai"": 0.6666666666666666, ""qwen3"": 0.6666666666666666}"	"{""bm25"": ""MED-5054"", ""eos_compact_q4_fp16_o200"": ""MED-1623"", ""eos_dense"": ""MED-1623"", ""hybrid_minmax_blend_a050"": ""MED-5054"", ""mxbai"": ""MED-4120"", ""qwen3"": ""MED-4120""}"
nfcorpus	PLAIN-2840	17	True	False	False	False	"{""bm25"": 0, ""eos_compact_q4_fp16_o200"": 0, ""eos_dense"": 0, ""hybrid_minmax_blend_a050"": 0, ""mxbai"": 38, ""qwen3"": 0}"	"{""bm25"": 0.0, ""eos_compact_q4_fp16_o200"": 0.0, ""eos_dense"": 0.0, ""hybrid_minmax_blend_a050"": 0.0, ""mxbai"": 0.0, ""qwen3"": 0.0}"	"{""bm25"": 0.0, ""eos_compact_q4_fp16_o200"": 0.0, ""eos_dense"": 0.0, ""hybrid_minmax_blend_a050"": 0.0, ""mxbai"": 0.11764705882352941, ""qwen3"": 0.0}"	"{""bm25"": ""MED-4150"", ""eos_compact_q4_fp16_o200"": ""MED-940"", ""eos_dense"": ""MED-940"", ""hybrid_minmax_blend_a050"": ""MED-4716"", ""mxbai"": ""MED-3869"", ""qwen3"": ""MED-4443""}"
nfcorpus	PLAIN-2850	9	True	True	False	False	"{""bm25"": 0, ""eos_compact_q4_fp16_o200"": 88, ""eos_dense"": 88, ""hybrid_minmax_blend_a050"": 0, ""mxbai"": 3, ""qwen3"": 3}"	"{""bm25"": 0.0, ""eos_compact_q4_fp16_o200"": 0.0, ""eos_dense"": 0.0, ""hybrid_minmax_blend_a050"": 0.0, ""mxbai"": 0.19031326377064928, ""qwen3"": 0.19031326377064928}"	"{""bm25"": 0.0, ""eos_compact_q4_fp16_o200"": 0.1111111111111111, ""eos_dense"": 0.1111111111111111, ""hybrid_minmax_blend_a050"": 0.0, ""mxbai"": 0.5555555555555556, ""qwen3"": 0.3333333333333333}"	"{""bm25"": ""MED-2584"", ""eos_compact_q4_fp16_o200"": ""MED-4797"", ""eos_dense"": ""MED-4797"", ""hybrid_minmax_blend_a050"": ""MED-4797"", ""mxbai"": ""MED-3891"", ""qwen3"": ""MED-2671""}"
nfcorpus	PLAIN-2860	2	False	True	True	True	"{""bm25"": 1, ""eos_compact_q4_fp16_o200"": 1, ""eos_dense"": 1, ""hybrid_minmax_blend_a050"": 1, ""mxbai"": 1, ""qwen3"": 1}"	"{""bm25"": 1.0, ""eos_compact_q4_fp16_o200"": 1.0, ""eos_dense"": 1.0, ""hybrid_minmax_blend_a050"": 1.0, ""mxbai"": 0.9197207891481877, ""qwen3"": 0.8772153153380494}"	"{""bm25"": 1.0, ""eos_compact_q4_fp16_o200"": 1.0, ""eos_dense"": 1.0, ""hybrid_minmax_blend_a050"": 1.0, ""mxbai"": 1.0, ""qwen3"": 1.0}"	"{""bm25"": ""MED-4186"", ""eos_compact_q4_fp16_o200"": ""MED-4185"", ""eos_dense"": ""MED-4185"", ""hybrid_minmax_blend_a050"": ""MED-4185"", ""mxbai"": ""MED-4185"", ""qwen3"": ""MED-4185""}"
nfcorpus	PLAIN-2870	5	True	False	False	False	"{""bm25"": 16, ""eos_compact_q4_fp16_o200"": 0, ""eos_dense"": 0, ""hybrid_minmax_blend_a050"": 58, ""mxbai"": 8, ""qwen3"": 11}"	"{""bm25"": 0.0, ""eos_compact_q4_fp16_o200"": 0.0, ""eos_dense"": 0.0, ""hybrid_minmax_blend_a050"": 0.0, ""mxbai"": 0.07989569279756414, ""qwen3"": 0.0}"	"{""bm25"": 0.2, ""eos_compact_q4_fp16_o200"": 0.0, ""eos_dense"": 0.0, ""hybrid_minmax_blend_a050"": 0.2, ""mxbai"": 0.2, ""qwen3"": 0.2}"	"{""bm25"": ""MED-4033"", ""eos_compact_q4_fp16_o200"": ""MED-1992"", ""eos_dense"": ""MED-1992"", ""hybrid_minmax_blend_a050"": ""MED-1992"", ""mxbai"": ""MED-3379"", ""qwen3"": ""MED-2253""}"
nfcorpus	PLAIN-2880	17	True	False	False	False	"{""bm25"": 0, ""eos_compact_q4_fp16_o200"": 0, ""eos_dense"": 0, ""hybrid_minmax_blend_a050"": 0, ""mxbai"": 0, ""qwen3"": 0}"	"{""bm25"": 0.0, ""eos_compact_q4_fp16_o200"": 0.0, ""eos_dense"": 0.0, ""hybrid_minmax_blend_a050"": 0.0, ""mxbai"": 0.0, ""qwen3"": 0.0}"	"{""bm25"": 0.0, ""eos_compact_q4_fp16_o200"": 0.0, ""eos_dense"": 0.0, ""hybrid_minmax_blend_a050"": 0.0, ""mxbai"": 0.0, ""qwen3"": 0.0}"	"{""bm25"": ""MED-2522"", ""eos_compact_q4_fp16_o200"": ""MED-4654"", ""eos_dense"": ""MED-4654"", ""hybrid_minmax_blend_a050"": ""MED-1773"", ""mxbai"": ""MED-2514"", ""qwen3"": ""MED-1859""}"
nfcorpus	PLAIN-2890	29	True	True	False	False	"{""bm25"": 6, ""eos_compact_q4_fp16_o200"": 13, ""eos_dense"": 13, ""hybrid_minmax_blend_a050"": 6, ""mxbai"": 5, ""qwen3"": 3}"	"{""bm25"": 0.1285120859663631, ""eos_compact_q4_fp16_o200"": 0.0, ""eos_dense"": 0.0, ""hybrid_minmax_blend_a050"": 0.1285120859663631, ""mxbai"": 0.13956838328637605, ""qwen3"": 0.1803895185407797}"	"{""bm25"": 0.034482758620689655, ""eos_compact_q4_fp16_o200"": 0.034482758620689655, ""eos_dense"": 0.034482758620689655, ""hybrid_minmax_blend_a050"": 0.034482758620689655, ""mxbai"": 0.06896551724137931, ""qwen3"": 0.034482758620689655}"	"{""bm25"": ""MED-1538"", ""eos_compact_q4_fp16_o200"": ""MED-1533"", ""eos_dense"": ""MED-1533"", ""hybrid_minmax_blend_a050"": ""MED-1533"", ""mxbai"": ""MED-3376"", ""qwen3"": ""MED-1533""}"
nfcorpus	PLAIN-2900	12	False	False	False	True	"{""bm25"": 8, ""eos_compact_q4_fp16_o200"": 2, ""eos_dense"": 2, ""hybrid_minmax_blend_a050"": 5, ""mxbai"": 38, ""qwen3"": 24}"	"{""bm25"": 0.08879873949105598, ""eos_compact_q4_fp16_o200"": 0.08879873949105598, ""eos_dense"": 0.08879873949105598, ""hybrid_minmax_blend_a050"": 0.10889339568010446, ""mxbai"": 0.0, ""qwen3"": 0.0}"	"{""bm25"": 0.16666666666666666, ""eos_compact_q4_fp16_o200"": 0.8333333333333334, ""eos_dense"": 0.8333333333333334, ""hybrid_minmax_blend_a050"": 0.6666666666666666, ""mxbai"": 0.3333333333333333, ""qwen3"": 0.4166666666666667}"	"{""bm25"": ""MED-2105"", ""eos_compact_q4_fp16_o200"": ""MED-4763"", ""eos_dense"": ""MED-4763"", ""hybrid_minmax_blend_a050"": ""MED-4763"", ""mxbai"": ""MED-1420"", ""qwen3"": ""MED-1420""}"
nfcorpus	PLAIN-2910	15	False	True	False	False	"{""bm25"": 2, ""eos_compact_q4_fp16_o200"": 2, ""eos_dense"": 2, ""hybrid_minmax_blend_a050"": 2, ""mxbai"": 2, ""qwen3"": 1}"	"{""bm25"": 0.20436662668128655, ""eos_compact_q4_fp16_o200"": 0.20436662668128655, ""eos_dense"": 0.20436662668128655, ""hybrid_minmax_blend_a050"": 0.20436662668128655, ""mxbai"": 0.36632334652564597, ""qwen3"": 0.4175454218743681}"	"{""bm25"": 0.06666666666666667, ""eos_compact_q4_fp16_o200"": 0.06666666666666667, ""eos_dense"": 0.06666666666666667, ""hybrid_minmax_blend_a050"": 0.06666666666666667, ""mxbai"": 0.26666666666666666, ""qwen3"": 0.2}"	"{""bm25"": ""MED-4296"", ""eos_compact_q4_fp16_o200"": ""MED-4296"", ""eos_dense"": ""MED-4296"", ""hybrid_minmax_blend_a050"": ""MED-4296"", ""mxbai"": ""MED-4296"", ""qwen3"": ""MED-4295""}"
nfcorpus	PLAIN-2920	7	True	False	False	True	"{""bm25"": 29, ""eos_compact_q4_fp16_o200"": 74, ""eos_dense"": 74, ""hybrid_minmax_blend_a050"": 45, ""mxbai"": 63, ""qwen3"": 81}"	"{""bm25"": 0.0, ""eos_compact_q4_fp16_o200"": 0.0, ""eos_dense"": 0.0, ""hybrid_minmax_blend_a050"": 0.0, ""mxbai"": 0.0, ""qwen3"": 0.0}"	"{""bm25"": 0.14285714285714285, ""eos_compact_q4_fp16_o200"": 0.14285714285714285, ""eos_dense"": 0.14285714285714285, ""hybrid_minmax_blend_a050"": 0.14285714285714285, ""mxbai"": 0.14285714285714285, ""qwen3"": 0.14285714285714285}"	"{""bm25"": ""MED-4309"", ""eos_compact_q4_fp16_o200"": ""MED-4312"", ""eos_dense"": ""MED-4312"", ""hybrid_minmax_blend_a050"": ""MED-4309"", ""mxbai"": ""MED-4309"", ""qwen3"": ""MED-4309""}"
nfcorpus	PLAIN-2930	14	False	True	True	True	"{""bm25"": 1, ""eos_compact_q4_fp16_o200"": 4, ""eos_dense"": 4, ""hybrid_minmax_blend_a050"": 2, ""mxbai"": 1, ""qwen3"": 1}"	"{""bm25"": 0.3607790370815594, ""eos_compact_q4_fp16_o200"": 0.07768953695765952, ""eos_dense"": 0.07768953695765952, ""hybrid_minmax_blend_a050"": 0.22762622895961598, ""mxbai"": 0.43056322872474745, ""qwen3"": 0.425035080064741}"	"{""bm25"": 0.42857142857142855, ""eos_compact_q4_fp16_o200"": 0.6428571428571429, ""eos_dense"": 0.6428571428571429, ""hybrid_minmax_blend_a050"": 0.7142857142857143, ""mxbai"": 0.35714285714285715, ""qwen3"": 0.35714285714285715}"	"{""bm25"": ""MED-4325"", ""eos_compact_q4_fp16_o200"": ""MED-1007"", ""eos_dense"": ""MED-1007"", ""hybrid_minmax_blend_a050"": ""MED-1007"", ""mxbai"": ""MED-4325"", ""qwen3"": ""MED-4325""}"
nfcorpus	PLAIN-2940	22	False	False	False	False	"{""bm25"": 0, ""eos_compact_q4_fp16_o200"": 8, ""eos_dense"": 8, ""hybrid_minmax_blend_a050"": 17, ""mxbai"": 10, ""qwen3"": 34}"	"{""bm25"": 0.0, ""eos_compact_q4_fp16_o200"": 0.09790764776314621, ""eos_dense"": 0.09790764776314621, ""hybrid_minmax_blend_a050"": 0.0, ""mxbai"": 0.09363198218564918, ""qwen3"": 0.0}"	"{""bm25"": 0.0, ""eos_compact_q4_fp16_o200"": 0.36363636363636365, ""eos_dense"": 0.36363636363636365, ""hybrid_minmax_blend_a050"": 0.36363636363636365, ""mxbai"": 0.2727272727272727, ""qwen3"": 0.09090909090909091}"	"{""bm25"": ""MED-3961"", ""eos_compact_q4_fp16_o200"": ""MED-3961"", ""eos_dense"": ""MED-3961"", ""hybrid_minmax_blend_a050"": ""MED-3961"", ""mxbai"": ""MED-3961"", ""qwen3"": ""MED-3965""}"
nfcorpus	PLAIN-2950	2	True	False	False	False	"{""bm25"": 0, ""eos_compact_q4_fp16_o200"": 49, ""eos_dense"": 49, ""hybrid_minmax_blend_a050"": 81, ""mxbai"": 0, ""qwen3"": 36}"	"{""bm25"": 0.0, ""eos_compact_q4_fp16_o200"": 0.0, ""eos_dense"": 0.0, ""hybrid_minmax_blend_a050"": 0.0, ""mxbai"": 0.0, ""qwen3"": 0.0}"	"{""bm25"": 0.0, ""eos_compact_q4_fp16_o200"": 0.5, ""eos_dense"": 0.5, ""hybrid_minmax_blend_a050"": 0.5, ""mxbai"": 0.0, ""qwen3"": 0.5}"	"{""bm25"": ""MED-1625"", ""eos_compact_q4_fp16_o200"": ""MED-2428"", ""eos_dense"": ""MED-2428"", ""hybrid_minmax_blend_a050"": ""MED-2428"", ""mxbai"": ""MED-4972"", ""qwen3"": ""MED-4205""}"
nfcorpus	PLAIN-2960	2	True	True	False	False	"{""bm25"": 4, ""eos_compact_q4_fp16_o200"": 0, ""eos_dense"": 0, ""hybrid_minmax_blend_a050"": 8, ""mxbai"": 4, ""qwen3"": 5}"	"{""bm25"": 0.32739495038873956, ""eos_compact_q4_fp16_o200"": 0.0, ""eos_dense"": 0.0, ""hybrid_minmax_blend_a050"": 0.23981246656813146, ""mxbai"": 0.32739495038873956, ""qwen3"": 0.29408068133282034}"	"{""bm25"": 0.5, ""eos_compact_q4_fp16_o200"": 0.0, ""eos_dense"": 0.0, ""hybrid_minmax_blend_a050"": 0.5, ""mxbai"": 0.5, ""qwen3"": 0.5}"	"{""bm25"": ""MED-4371"", ""eos_compact_q4_fp16_o200"": ""MED-4371"", ""eos_dense"": ""MED-4371"", ""hybrid_minmax_blend_a050"": ""MED-4371"", ""mxbai"": ""MED-4371"", ""qwen3"": ""MED-4372""}"
nfcorpus	PLAIN-2970	9	True	True	True	True	"{""bm25"": 0, ""eos_compact_q4_fp16_o200"": 24, ""eos_dense"": 24, ""hybrid_minmax_blend_a050"": 59, ""mxbai"": 1, ""qwen3"": 1}"	"{""bm25"": 0.0, ""eos_compact_q4_fp16_o200"": 0.0, ""eos_dense"": 0.0, ""hybrid_minmax_blend_a050"": 0.0, ""mxbai"": 0.5041014324376127, ""qwen3"": 0.38062652754129855}"	"{""bm25"": 0.0, ""eos_compact_q4_fp16_o200"": 0.2222222222222222, ""eos_dense"": 0.2222222222222222, ""hybrid_minmax_blend_a050"": 0.2222222222222222, ""mxbai"": 0.4444444444444444, ""qwen3"": 0.6666666666666666}"	"{""bm25"": ""MED-3550"", ""eos_compact_q4_fp16_o200"": ""MED-4921"", ""eos_dense"": ""MED-4921"", ""hybrid_minmax_blend_a050"": ""MED-4114"", ""mxbai"": ""MED-4382"", ""qwen3"": ""MED-4382""}"
nfcorpus	PLAIN-2981	7	True	True	True	True	"{""bm25"": 1, ""eos_compact_q4_fp16_o200"": 34, ""eos_dense"": 34, ""hybrid_minmax_blend_a050"": 3, ""mxbai"": 1, ""qwen3"": 1}"	"{""bm25"": 0.5030904516575294, ""eos_compact_q4_fp16_o200"": 0.0, ""eos_dense"": 0.0, ""hybrid_minmax_blend_a050"": 0.21561019356751263, ""mxbai"": 0.43122038713502525, ""qwen3"": 0.43122038713502525}"	"{""bm25"": 0.2857142857142857, ""eos_compact_q4_fp16_o200"": 0.2857142857142857, ""eos_dense"": 0.2857142857142857, ""hybrid_minmax_blend_a050"": 0.2857142857142857, ""mxbai"": 0.14285714285714285, ""qwen3"": 0.14285714285714285}"	"{""bm25"": ""MED-4403"", ""eos_compact_q4_fp16_o200"": ""MED-1962"", ""eos_dense"": ""MED-1962"", ""hybrid_minmax_blend_a050"": ""MED-335"", ""mxbai"": ""MED-4403"", ""qwen3"": ""MED-4403""}"
nfcorpus	PLAIN-2991	2	False	True	False	False	"{""bm25"": 2, ""eos_compact_q4_fp16_o200"": 2, ""eos_dense"": 2, ""hybrid_minmax_blend_a050"": 2, ""mxbai"": 1, ""qwen3"": 2}"	"{""bm25"": 0.38685280723454163, ""eos_compact_q4_fp16_o200"": 0.38685280723454163, ""eos_dense"": 0.38685280723454163, ""hybrid_minmax_blend_a050"": 0.38685280723454163, ""mxbai"": 0.6131471927654585, ""qwen3"": 0.38685280723454163}"	"{""bm25"": 0.5, ""eos_compact_q4_fp16_o200"": 0.5, ""eos_dense"": 0.5, ""hybrid_minmax_blend_a050"": 0.5, ""mxbai"": 0.5, ""qwen3"": 0.5}"	"{""bm25"": ""MED-1663"", ""eos_compact_q4_fp16_o200"": ""MED-1663"", ""eos_dense"": ""MED-1663"", ""hybrid_minmax_blend_a050"": ""MED-1663"", ""mxbai"": ""MED-4424"", ""qwen3"": ""MED-1663""}"
nfcorpus	PLAIN-3001	2	True	True	False	True	"{""bm25"": 6, ""eos_compact_q4_fp16_o200"": 0, ""eos_dense"": 0, ""hybrid_minmax_blend_a050"": 43, ""mxbai"": 5, ""qwen3"": 2}"	"{""bm25"": 0.2184074368181642, ""eos_compact_q4_fp16_o200"": 0.0, ""eos_dense"": 0.0, ""hybrid_minmax_blend_a050"": 0.0, ""mxbai"": 0.23719771276929624, ""qwen3"": 0.38685280723454163}"	"{""bm25"": 0.5, ""eos_compact_q4_fp16_o200"": 0.0, ""eos_dense"": 0.0, ""hybrid_minmax_blend_a050"": 0.5, ""mxbai"": 0.5, ""qwen3"": 0.5}"	"{""bm25"": ""MED-3314"", ""eos_compact_q4_fp16_o200"": ""MED-3178"", ""eos_dense"": ""MED-3178"", ""hybrid_minmax_blend_a050"": ""MED-3314"", ""mxbai"": ""MED-3314"", ""qwen3"": ""MED-3314""}"
nfcorpus	PLAIN-3014	1	True	False	False	False	"{""bm25"": 0, ""eos_compact_q4_fp16_o200"": 0, ""eos_dense"": 0, ""hybrid_minmax_blend_a050"": 0, ""mxbai"": 0, ""qwen3"": 0}"	"{""bm25"": 0.0, ""eos_compact_q4_fp16_o200"": 0.0, ""eos_dense"": 0.0, ""hybrid_minmax_blend_a050"": 0.0, ""mxbai"": 0.0, ""qwen3"": 0.0}"	"{""bm25"": 0.0, ""eos_compact_q4_fp16_o200"": 0.0, ""eos_dense"": 0.0, ""hybrid_minmax_blend_a050"": 0.0, ""mxbai"": 0.0, ""qwen3"": 0.0}"	"{""bm25"": ""MED-4871"", ""eos_compact_q4_fp16_o200"": ""MED-3443"", ""eos_dense"": ""MED-3443"", ""hybrid_minmax_blend_a050"": ""MED-3443"", ""mxbai"": ""MED-5200"", ""qwen3"": ""MED-4871""}"
nfcorpus	PLAIN-3026	1	False	True	True	True	"{""bm25"": 12, ""eos_compact_q4_fp16_o200"": 6, ""eos_dense"": 6, ""hybrid_minmax_blend_a050"": 2, ""mxbai"": 1, ""qwen3"": 1}"	"{""bm25"": 0.0, ""eos_compact_q4_fp16_o200"": 0.3562071871080222, ""eos_dense"": 0.3562071871080222, ""hybrid_minmax_blend_a050"": 0.6309297535714574, ""mxbai"": 1.0, ""qwen3"": 1.0}"	"{""bm25"": 1.0, ""eos_compact_q4_fp16_o200"": 1.0, ""eos_dense"": 1.0, ""hybrid_minmax_blend_a050"": 1.0, ""mxbai"": 1.0, ""qwen3"": 1.0}"	"{""bm25"": ""MED-4976"", ""eos_compact_q4_fp16_o200"": ""MED-2349"", ""eos_dense"": ""MED-2349"", ""hybrid_minmax_blend_a050"": ""MED-5131"", ""mxbai"": ""MED-4470"", ""qwen3"": ""MED-4470""}"
nfcorpus	PLAIN-3037	4	True	False	False	False	"{""bm25"": 0, ""eos_compact_q4_fp16_o200"": 0, ""eos_dense"": 0, ""hybrid_minmax_blend_a050"": 0, ""mxbai"": 1, ""qwen3"": 46}"	"{""bm25"": 0.0, ""eos_compact_q4_fp16_o200"": 0.0, ""eos_dense"": 0.0, ""hybrid_minmax_blend_a050"": 0.0, ""mxbai"": 0.39038004999210174, ""qwen3"": 0.0}"	"{""bm25"": 0.0, ""eos_compact_q4_fp16_o200"": 0.0, ""eos_dense"": 0.0, ""hybrid_minmax_blend_a050"": 0.0, ""mxbai"": 1.0, ""qwen3"": 0.5}"	"{""bm25"": ""MED-5069"", ""eos_compact_q4_fp16_o200"": ""MED-2971"", ""eos_dense"": ""MED-2971"", ""hybrid_minmax_blend_a050"": ""MED-2971"", ""mxbai"": ""MED-4506"", ""qwen3"": ""MED-3457""}"
nfcorpus	PLAIN-3053	3	True	True	True	True	"{""bm25"": 1, ""eos_compact_q4_fp16_o200"": 0, ""eos_dense"": 0, ""hybrid_minmax_blend_a050"": 2, ""mxbai"": 1, ""qwen3"": 1}"	"{""bm25"": 0.7653606369886218, ""eos_compact_q4_fp16_o200"": 0.0, ""eos_dense"": 0.0, ""hybrid_minmax_blend_a050"": 0.2960819109658653, ""mxbai"": 0.8710785440003371, ""qwen3"": 0.7653606369886218}"	"{""bm25"": 0.6666666666666666, ""eos_compact_q4_fp16_o200"": 0.0, ""eos_dense"": 0.0, ""hybrid_minmax_blend_a050"": 0.6666666666666666, ""mxbai"": 1.0, ""qwen3"": 1.0}"	"{""bm25"": ""MED-4525"", ""eos_compact_q4_fp16_o200"": ""MED-1867"", ""eos_dense"": ""MED-1867"", ""hybrid_minmax_blend_a050"": ""MED-1867"", ""mxbai"": ""MED-4525"", ""qwen3"": ""MED-4525""}"
nfcorpus	PLAIN-3063	4	True	True	False	False	"{""bm25"": 0, ""eos_compact_q4_fp16_o200"": 0, ""eos_dense"": 0, ""hybrid_minmax_blend_a050"": 0, ""mxbai"": 3, ""qwen3"": 9}"	"{""bm25"": 0.0, ""eos_compact_q4_fp16_o200"": 0.0, ""eos_dense"": 0.0, ""hybrid_minmax_blend_a050"": 0.0, ""mxbai"": 0.19519002499605087, ""qwen3"": 0.11751610475642715}"	"{""bm25"": 0.0, ""eos_compact_q4_fp16_o200"": 0.0, ""eos_dense"": 0.0, ""hybrid_minmax_blend_a050"": 0.0, ""mxbai"": 0.25, ""qwen3"": 0.25}"	"{""bm25"": ""MED-4712"", ""eos_compact_q4_fp16_o200"": ""MED-3738"", ""eos_dense"": ""MED-3738"", ""hybrid_minmax_blend_a050"": ""MED-3738"", ""mxbai"": ""MED-2886"", ""qwen3"": ""MED-4712""}"
nfcorpus	PLAIN-3074	1	True	True	True	True	"{""bm25"": 1, ""eos_compact_q4_fp16_o200"": 15, ""eos_dense"": 15, ""hybrid_minmax_blend_a050"": 1, ""mxbai"": 1, ""qwen3"": 1}"	"{""bm25"": 1.0, ""eos_compact_q4_fp16_o200"": 0.0, ""eos_dense"": 0.0, ""hybrid_minmax_blend_a050"": 1.0, ""mxbai"": 1.0, ""qwen3"": 1.0}"	"{""bm25"": 1.0, ""eos_compact_q4_fp16_o200"": 1.0, ""eos_dense"": 1.0, ""hybrid_minmax_blend_a050"": 1.0, ""mxbai"": 1.0, ""qwen3"": 1.0}"	"{""bm25"": ""MED-4555"", ""eos_compact_q4_fp16_o200"": ""MED-3253"", ""eos_dense"": ""MED-3253"", ""hybrid_minmax_blend_a050"": ""MED-4555"", ""mxbai"": ""MED-4555"", ""qwen3"": ""MED-4555""}"
nfcorpus	PLAIN-3085	2	True	True	False	True	"{""bm25"": 3, ""eos_compact_q4_fp16_o200"": 15, ""eos_dense"": 15, ""hybrid_minmax_blend_a050"": 6, ""mxbai"": 4, ""qwen3"": 4}"	"{""bm25"": 0.5249810332008934, ""eos_compact_q4_fp16_o200"": 0.0, ""eos_dense"": 0.0, ""hybrid_minmax_blend_a050"": 0.2184074368181642, ""mxbai"": 0.4824755593907551, ""qwen3"": 0.5012658353418872}"	"{""bm25"": 1.0, ""eos_compact_q4_fp16_o200"": 1.0, ""eos_dense"": 1.0, ""hybrid_minmax_blend_a050"": 1.0, ""mxbai"": 1.0, ""qwen3"": 1.0}"	"{""bm25"": ""MED-4872"", ""eos_compact_q4_fp16_o200"": ""MED-2313"", ""eos_dense"": ""MED-2313"", ""hybrid_minmax_blend_a050"": ""MED-714"", ""mxbai"": ""MED-714"", ""qwen3"": ""MED-714""}"
nfcorpus	PLAIN-3097	4	False	True	True	True	"{""bm25"": 1, ""eos_compact_q4_fp16_o200"": 1, ""eos_dense"": 1, ""hybrid_minmax_blend_a050"": 1, ""mxbai"": 1, ""qwen3"": 1}"	"{""bm25"": 0.4770382338730849, ""eos_compact_q4_fp16_o200"": 0.4770382338730849, ""eos_dense"": 0.4770382338730849, ""hybrid_minmax_blend_a050"": 0.4770382338730849, ""mxbai"": 0.4770382338730849, ""qwen3"": 0.4770382338730849}"	"{""bm25"": 0.5, ""eos_compact_q4_fp16_o200"": 0.75, ""eos_dense"": 0.75, ""hybrid_minmax_blend_a050"": 0.75, ""mxbai"": 0.5, ""qwen3"": 0.75}"	"{""bm25"": ""MED-4590"", ""eos_compact_q4_fp16_o200"": ""MED-4590"", ""eos_dense"": ""MED-4590"", ""hybrid_minmax_blend_a050"": ""MED-4590"", ""mxbai"": ""MED-4590"", ""qwen3"": ""MED-4590""}"
nfcorpus	PLAIN-3116	1	True	False	False	False	"{""bm25"": 85, ""eos_compact_q4_fp16_o200"": 80, ""eos_dense"": 80, ""hybrid_minmax_blend_a050"": 0, ""mxbai"": 83, ""qwen3"": 0}"	"{""bm25"": 0.0, ""eos_compact_q4_fp16_o200"": 0.0, ""eos_dense"": 0.0, ""hybrid_minmax_blend_a050"": 0.0, ""mxbai"": 0.0, ""qwen3"": 0.0}"	"{""bm25"": 1.0, ""eos_compact_q4_fp16_o200"": 1.0, ""eos_dense"": 1.0, ""hybrid_minmax_blend_a050"": 0.0, ""mxbai"": 1.0, ""qwen3"": 0.0}"	"{""bm25"": ""MED-2924"", ""eos_compact_q4_fp16_o200"": ""MED-3703"", ""eos_dense"": ""MED-3703"", ""hybrid_minmax_blend_a050"": ""MED-2924"", ""mxbai"": ""MED-1558"", ""qwen3"": ""MED-2220""}"
nfcorpus	PLAIN-3131	6	True	True	False	False	"{""bm25"": 7, ""eos_compact_q4_fp16_o200"": 32, ""eos_dense"": 32, ""hybrid_minmax_blend_a050"": 14, ""mxbai"": 1, ""qwen3"": 2}"	"{""bm25"": 0.12264830928602342, ""eos_compact_q4_fp16_o200"": 0.0, ""eos_dense"": 0.0, ""hybrid_minmax_blend_a050"": 0.0, ""mxbai"": 0.5760048611532679, ""qwen3"": 0.3033176667861627}"	"{""bm25"": 0.16666666666666666, ""eos_compact_q4_fp16_o200"": 0.16666666666666666, ""eos_dense"": 0.16666666666666666, ""hybrid_minmax_blend_a050"": 0.16666666666666666, ""mxbai"": 0.5, ""qwen3"": 0.5}"	"{""bm25"": ""MED-2291"", ""eos_compact_q4_fp16_o200"": ""MED-3819"", ""eos_dense"": ""MED-3819"", ""hybrid_minmax_blend_a050"": ""MED-3819"", ""mxbai"": ""MED-4620"", ""qwen3"": ""MED-5010""}"
nfcorpus	PLAIN-3141	34	True	True	False	False	"{""bm25"": 14, ""eos_compact_q4_fp16_o200"": 0, ""eos_dense"": 0, ""hybrid_minmax_blend_a050"": 32, ""mxbai"": 5, ""qwen3"": 4}"	"{""bm25"": 0.0, ""eos_compact_q4_fp16_o200"": 0.0, ""eos_dense"": 0.0, ""hybrid_minmax_blend_a050"": 0.0, ""mxbai"": 0.2104483727145081, ""qwen3"": 0.17236044986607202}"	"{""bm25"": 0.14705882352941177, ""eos_compact_q4_fp16_o200"": 0.0, ""eos_dense"": 0.0, ""hybrid_minmax_blend_a050"": 0.08823529411764706, ""mxbai"": 0.20588235294117646, ""qwen3"": 0.23529411764705882}"	"{""bm25"": ""MED-4160"", ""eos_compact_q4_fp16_o200"": ""MED-1029"", ""eos_dense"": ""MED-1029"", ""hybrid_minmax_blend_a050"": ""MED-1029"", ""mxbai"": ""MED-5226"", ""qwen3"": ""MED-3446""}"
nfcorpus	PLAIN-3151	18	False	True	True	False	"{""bm25"": 21, ""eos_compact_q4_fp16_o200"": 1, ""eos_dense"": 1, ""hybrid_minmax_blend_a050"": 1, ""mxbai"": 1, ""qwen3"": 1}"	"{""bm25"": 0.0, ""eos_compact_q4_fp16_o200"": 0.7425828439383582, ""eos_dense"": 0.7425828439383582, ""hybrid_minmax_blend_a050"": 0.7333298712815524, ""mxbai"": 0.880839042300307, ""qwen3"": 0.8077457644546814}"	"{""bm25"": 0.5555555555555556, ""eos_compact_q4_fp16_o200"": 0.7222222222222222, ""eos_dense"": 0.7222222222222222, ""hybrid_minmax_blend_a050"": 0.7222222222222222, ""mxbai"": 0.5555555555555556, ""qwen3"": 0.6111111111111112}"	"{""bm25"": ""MED-4560"", ""eos_compact_q4_fp16_o200"": ""MED-4660"", ""eos_dense"": ""MED-4660"", ""hybrid_minmax_blend_a050"": ""MED-4660"", ""mxbai"": ""MED-4662"", ""qwen3"": ""MED-4664""}"
nfcorpus	PLAIN-3161	43	False	True	True	True	"{""bm25"": 1, ""eos_compact_q4_fp16_o200"": 2, ""eos_dense"": 2, ""hybrid_minmax_blend_a050"": 1, ""mxbai"": 1, ""qwen3"": 1}"	"{""bm25"": 0.4209088765951527, ""eos_compact_q4_fp16_o200"": 0.27716659255042847, ""eos_dense"": 0.27716659255042847, ""hybrid_minmax_blend_a050"": 0.5574207171826657, ""mxbai"": 0.3607790370815594, ""qwen3"": 0.5776645452350413}"	"{""bm25"": 0.3488372093023256, ""eos_compact_q4_fp16_o200"": 0.3023255813953488, ""eos_dense"": 0.3023255813953488, ""hybrid_minmax_blend_a050"": 0.3953488372093023, ""mxbai"": 0.32558139534883723, ""qwen3"": 0.3488372093023256}"	"{""bm25"": ""MED-4677"", ""eos_compact_q4_fp16_o200"": ""MED-2774"", ""eos_dense"": ""MED-2774"", ""hybrid_minmax_blend_a050"": ""MED-4677"", ""mxbai"": ""MED-4677"", ""qwen3"": ""MED-4677""}"
nfcorpus	PLAIN-3171	34	True	False	False	False	"{""bm25"": 2, ""eos_compact_q4_fp16_o200"": 0, ""eos_dense"": 0, ""hybrid_minmax_blend_a050"": 74, ""mxbai"": 17, ""qwen3"": 14}"	"{""bm25"": 0.24785334910617754, ""eos_compact_q4_fp16_o200"": 0.0, ""eos_dense"": 0.0, ""hybrid_minmax_blend_a050"": 0.0, ""mxbai"": 0.0, ""qwen3"": 0.0}"	"{""bm25"": 0.20588235294117646, ""eos_compact_q4_fp16_o200"": 0.0, ""eos_dense"": 0.0, ""hybrid_minmax_blend_a050"": 0.11764705882352941, ""mxbai"": 0.11764705882352941, ""qwen3"": 0.11764705882352941}"	"{""bm25"": ""MED-2333"", ""eos_compact_q4_fp16_o200"": ""MED-2900"", ""eos_dense"": ""MED-2900"", ""hybrid_minmax_blend_a050"": ""MED-2900"", ""mxbai"": ""MED-745"", ""qwen3"": ""MED-4840""}"
nfcorpus	PLAIN-3181	27	True	False	False	False	"{""bm25"": 20, ""eos_compact_q4_fp16_o200"": 18, ""eos_dense"": 18, ""hybrid_minmax_blend_a050"": 17, ""mxbai"": 42, ""qwen3"": 18}"	"{""bm25"": 0.0, ""eos_compact_q4_fp16_o200"": 0.0, ""eos_dense"": 0.0, ""hybrid_minmax_blend_a050"": 0.0, ""mxbai"": 0.0, ""qwen3"": 0.0}"	"{""bm25"": 0.1111111111111111, ""eos_compact_q4_fp16_o200"": 0.07407407407407407, ""eos_dense"": 0.07407407407407407, ""hybrid_minmax_blend_a050"": 0.1111111111111111, ""mxbai"": 0.1111111111111111, ""qwen3"": 0.1111111111111111}"	"{""bm25"": ""MED-3359"", ""eos_compact_q4_fp16_o200"": ""MED-3908"", ""eos_dense"": ""MED-3908"", ""hybrid_minmax_blend_a050"": ""MED-4618"", ""mxbai"": ""MED-4525"", ""qwen3"": ""MED-3906""}"
nfcorpus	PLAIN-3191	16	False	True	False	False	"{""bm25"": 7, ""eos_compact_q4_fp16_o200"": 2, ""eos_dense"": 2, ""hybrid_minmax_blend_a050"": 1, ""mxbai"": 2, ""qwen3"": 1}"	"{""bm25"": 0.13164975607520432, ""eos_compact_q4_fp16_o200"": 0.4284729564940524, ""eos_dense"": 0.4284729564940524, ""hybrid_minmax_blend_a050"": 0.5112349427408197, ""mxbai"": 0.23821204862125406, ""qwen3"": 0.28148534440926115}"	"{""bm25"": 0.5, ""eos_compact_q4_fp16_o200"": 0.75, ""eos_dense"": 0.75, ""hybrid_minmax_blend_a050"": 0.75, ""mxbai"": 0.6875, ""qwen3"": 0.3125}"	"{""bm25"": ""MED-928"", ""eos_compact_q4_fp16_o200"": ""MED-4303"", ""eos_dense"": ""MED-4303"", ""hybrid_minmax_blend_a050"": ""MED-1831"", ""mxbai"": ""MED-4943"", ""qwen3"": ""MED-4730""}"
nfcorpus	PLAIN-3201	32	False	True	False	False	"{""bm25"": 5, ""eos_compact_q4_fp16_o200"": 4, ""eos_dense"": 4, ""hybrid_minmax_blend_a050"": 3, ""mxbai"": 2, ""qwen3"": 1}"	"{""bm25"": 0.2507775965104386, ""eos_compact_q4_fp16_o200"": 0.20968172989947761, ""eos_dense"": 0.20968172989947761, ""hybrid_minmax_blend_a050"": 0.29678982637051915, ""mxbai"": 0.28453278619952, ""qwen3"": 0.415081693065718}"	"{""bm25"": 0.125, ""eos_compact_q4_fp16_o200"": 0.25, ""eos_dense"": 0.25, ""hybrid_minmax_blend_a050"": 0.28125, ""mxbai"": 0.09375, ""qwen3"": 0.09375}"	"{""bm25"": ""MED-2120"", ""eos_compact_q4_fp16_o200"": ""MED-2120"", ""eos_dense"": ""MED-2120"", ""hybrid_minmax_blend_a050"": ""MED-2120"", ""mxbai"": ""MED-2120"", ""qwen3"": ""MED-4752""}"
nfcorpus	PLAIN-3211	18	True	False	False	False	"{""bm25"": 0, ""eos_compact_q4_fp16_o200"": 0, ""eos_dense"": 0, ""hybrid_minmax_blend_a050"": 0, ""mxbai"": 27, ""qwen3"": 0}"	"{""bm25"": 0.0, ""eos_compact_q4_fp16_o200"": 0.0, ""eos_dense"": 0.0, ""hybrid_minmax_blend_a050"": 0.0, ""mxbai"": 0.0, ""qwen3"": 0.0}"	"{""bm25"": 0.0, ""eos_compact_q4_fp16_o200"": 0.0, ""eos_dense"": 0.0, ""hybrid_minmax_blend_a050"": 0.0, ""mxbai"": 0.05555555555555555, ""qwen3"": 0.0}"	"{""bm25"": ""MED-2098"", ""eos_compact_q4_fp16_o200"": ""MED-2039"", ""eos_dense"": ""MED-2039"", ""hybrid_minmax_blend_a050"": ""MED-2039"", ""mxbai"": ""MED-3806"", ""qwen3"": ""MED-4365""}"
nfcorpus	PLAIN-3221	24	True	True	False	True	"{""bm25"": 20, ""eos_compact_q4_fp16_o200"": 90, ""eos_dense"": 90, ""hybrid_minmax_blend_a050"": 25, ""mxbai"": 5, ""qwen3"": 9}"	"{""bm25"": 0.0, ""eos_compact_q4_fp16_o200"": 0.0, ""eos_dense"": 0.0, ""hybrid_minmax_blend_a050"": 0.0, ""mxbai"": 0.06978419164318803, ""qwen3"": 0.05430265598415857}"	"{""bm25"": 0.125, ""eos_compact_q4_fp16_o200"": 0.041666666666666664, ""eos_dense"": 0.041666666666666664, ""hybrid_minmax_blend_a050"": 0.125, ""mxbai"": 0.16666666666666666, ""qwen3"": 0.16666666666666666}"	"{""bm25"": ""MED-2212"", ""eos_compact_q4_fp16_o200"": ""MED-1845"", ""eos_dense"": ""MED-1845"", ""hybrid_minmax_blend_a050"": ""MED-987"", ""mxbai"": ""MED-2212"", ""qwen3"": ""MED-2212""}"
nfcorpus	PLAIN-3231	8	True	True	False	False	"{""bm25"": 72, ""eos_compact_q4_fp16_o200"": 48, ""eos_dense"": 48, ""hybrid_minmax_blend_a050"": 73, ""mxbai"": 2, ""qwen3"": 10}"	"{""bm25"": 0.0, ""eos_compact_q4_fp16_o200"": 0.0, ""eos_dense"": 0.0, ""hybrid_minmax_blend_a050"": 0.0, ""mxbai"": 0.2025161009336615, ""qwen3"": 0.05176296879456525}"	"{""bm25"": 0.25, ""eos_compact_q4_fp16_o200"": 0.125, ""eos_dense"": 0.125, ""hybrid_minmax_blend_a050"": 0.125, ""mxbai"": 0.75, ""qwen3"": 0.625}"	"{""bm25"": ""MED-3314"", ""eos_compact_q4_fp16_o200"": ""MED-1105"", ""eos_dense"": ""MED-1105"", ""hybrid_minmax_blend_a050"": ""MED-1105"", ""mxbai"": ""MED-1109"", ""qwen3"": ""MED-1104""}"
nfcorpus	PLAIN-3241	29	True	True	False	False	"{""bm25"": 0, ""eos_compact_q4_fp16_o200"": 25, ""eos_dense"": 25, ""hybrid_minmax_blend_a050"": 42, ""mxbai"": 2, ""qwen3"": 1}"	"{""bm25"": 0.0, ""eos_compact_q4_fp16_o200"": 0.0, ""eos_dense"": 0.0, ""hybrid_minmax_blend_a050"": 0.0, ""mxbai"": 0.3178209882300058, ""qwen3"": 0.425035080064741}"	"{""bm25"": 0.0, ""eos_compact_q4_fp16_o200"": 0.13793103448275862, ""eos_dense"": 0.13793103448275862, ""hybrid_minmax_blend_a050"": 0.13793103448275862, ""mxbai"": 0.20689655172413793, ""qwen3"": 0.06896551724137931}"	"{""bm25"": ""MED-735"", ""eos_compact_q4_fp16_o200"": ""MED-4130"", ""eos_dense"": ""MED-4130"", ""hybrid_minmax_blend_a050"": ""MED-2821"", ""mxbai"": ""MED-735"", ""qwen3"": ""MED-4841""}"
nfcorpus	PLAIN-3251	21	True	True	False	False	"{""bm25"": 6, ""eos_compact_q4_fp16_o200"": 0, ""eos_dense"": 0, ""hybrid_minmax_blend_a050"": 8, ""mxbai"": 5, ""qwen3"": 1}"	"{""bm25"": 0.06425604298318155, ""eos_compact_q4_fp16_o200"": 0.0, ""eos_dense"": 0.0, ""hybrid_minmax_blend_a050"": 0.056906557239903996, ""mxbai"": 0.19829627760955112, ""qwen3"": 0.4509737963519493}"	"{""bm25"": 0.09523809523809523, ""eos_compact_q4_fp16_o200"": 0.0, ""eos_dense"": 0.0, ""hybrid_minmax_blend_a050"": 0.09523809523809523, ""mxbai"": 0.14285714285714285, ""qwen3"": 0.14285714285714285}"	"{""bm25"": ""MED-5236"", ""eos_compact_q4_fp16_o200"": ""MED-1833"", ""eos_dense"": ""MED-1833"", ""hybrid_minmax_blend_a050"": ""MED-1833"", ""mxbai"": ""MED-5236"", ""qwen3"": ""MED-4861""}"
nfcorpus	PLAIN-3261	13	True	False	False	False	"{""bm25"": 3, ""eos_compact_q4_fp16_o200"": 0, ""eos_dense"": 0, ""hybrid_minmax_blend_a050"": 8, ""mxbai"": 21, ""qwen3"": 6}"	"{""bm25"": 0.14982420171299157, ""eos_compact_q4_fp16_o200"": 0.0, ""eos_dense"": 0.0, ""hybrid_minmax_blend_a050"": 0.0945285466658181, ""mxbai"": 0.0, ""qwen3"": 0.10673691490577929}"	"{""bm25"": 0.15384615384615385, ""eos_compact_q4_fp16_o200"": 0.0, ""eos_dense"": 0.0, ""hybrid_minmax_blend_a050"": 0.15384615384615385, ""mxbai"": 0.07692307692307693, ""qwen3"": 0.07692307692307693}"	"{""bm25"": ""MED-5158"", ""eos_compact_q4_fp16_o200"": ""MED-5158"", ""eos_dense"": ""MED-5158"", ""hybrid_minmax_blend_a050"": ""MED-5158"", ""mxbai"": ""MED-5158"", ""qwen3"": ""MED-5157""}"
nfcorpus	PLAIN-3271	49	False	False	False	False	"{""bm25"": 27, ""eos_compact_q4_fp16_o200"": 1, ""eos_dense"": 1, ""hybrid_minmax_blend_a050"": 2, ""mxbai"": 9, ""qwen3"": 13}"	"{""bm25"": 0.0, ""eos_compact_q4_fp16_o200"": 0.2200917662980802, ""eos_dense"": 0.2200917662980802, ""hybrid_minmax_blend_a050"": 0.13886244387355454, ""mxbai"": 0.06625422345438904, ""qwen3"": 0.0}"	"{""bm25"": 0.061224489795918366, ""eos_compact_q4_fp16_o200"": 0.20408163265306123, ""eos_dense"": 0.20408163265306123, ""hybrid_minmax_blend_a050"": 0.14285714285714285, ""mxbai"": 0.16326530612244897, ""qwen3"": 0.08163265306122448}"	"{""bm25"": ""MED-4450"", ""eos_compact_q4_fp16_o200"": ""MED-3790"", ""eos_dense"": ""MED-3790"", ""hybrid_minmax_blend_a050"": ""MED-3244"", ""mxbai"": ""MED-4450"", ""qwen3"": ""MED-4823""}"
nfcorpus	PLAIN-3281	26	False	True	False	False	"{""bm25"": 1, ""eos_compact_q4_fp16_o200"": 3, ""eos_dense"": 3, ""hybrid_minmax_blend_a050"": 4, ""mxbai"": 1, ""qwen3"": 2}"	"{""bm25"": 0.3239134396887189, ""eos_compact_q4_fp16_o200"": 0.16195671984435944, ""eos_dense"": 0.16195671984435944, ""hybrid_minmax_blend_a050"": 0.26480874876342836, ""mxbai"": 0.3239134396887189, ""qwen3"": 0.20436662668128655}"	"{""bm25"": 0.11538461538461539, ""eos_compact_q4_fp16_o200"": 0.07692307692307693, ""eos_dense"": 0.07692307692307693, ""hybrid_minmax_blend_a050"": 0.11538461538461539, ""mxbai"": 0.19230769230769232, ""qwen3"": 0.15384615384615385}"	"{""bm25"": ""MED-4909"", ""eos_compact_q4_fp16_o200"": ""MED-1849"", ""eos_dense"": ""MED-1849"", ""hybrid_minmax_blend_a050"": ""MED-1849"", ""mxbai"": ""MED-4909"", ""qwen3"": ""MED-3087""}"
nfcorpus	PLAIN-3292	7	False	True	False	True	"{""bm25"": 2, ""eos_compact_q4_fp16_o200"": 2, ""eos_dense"": 2, ""hybrid_minmax_blend_a050"": 1, ""mxbai"": 2, ""qwen3"": 2}"	"{""bm25"": 0.4399863245525284, ""eos_compact_q4_fp16_o200"": 0.5782284602661941, ""eos_dense"": 0.5782284602661941, ""hybrid_minmax_blend_a050"": 0.6605586542511553, ""mxbai"": 0.5536643164573549, ""qwen3"": 0.49443133072480977}"	"{""bm25"": 0.7142857142857143, ""eos_compact_q4_fp16_o200"": 1.0, ""eos_dense"": 1.0, ""hybrid_minmax_blend_a050"": 1.0, ""mxbai"": 0.8571428571428571, ""qwen3"": 0.8571428571428571}"	"{""bm25"": ""MED-2291"", ""eos_compact_q4_fp16_o200"": ""MED-2758"", ""eos_dense"": ""MED-2758"", ""hybrid_minmax_blend_a050"": ""MED-2761"", ""mxbai"": ""MED-2757"", ""qwen3"": ""MED-2757""}"
nfcorpus	PLAIN-3302	37	True	False	False	False	"{""bm25"": 1, ""eos_compact_q4_fp16_o200"": 11, ""eos_dense"": 11, ""hybrid_minmax_blend_a050"": 10, ""mxbai"": 6, ""qwen3"": 25}"	"{""bm25"": 0.2942026330205877, ""eos_compact_q4_fp16_o200"": 0.0, ""eos_dense"": 0.0, ""hybrid_minmax_blend_a050"": 0.0521442648465579, ""mxbai"": 0.06425604298318155, ""qwen3"": 0.0}"	"{""bm25"": 0.3783783783783784, ""eos_compact_q4_fp16_o200"": 0.7297297297297297, ""eos_dense"": 0.7297297297297297, ""hybrid_minmax_blend_a050"": 0.5405405405405406, ""mxbai"": 0.40540540540540543, ""qwen3"": 0.2702702702702703}"	"{""bm25"": ""MED-2907"", ""eos_compact_q4_fp16_o200"": ""MED-2751"", ""eos_dense"": ""MED-2751"", ""hybrid_minmax_blend_a050"": ""MED-2751"", ""mxbai"": ""MED-1572"", ""qwen3"": ""MED-4966""}"
nfcorpus	PLAIN-3312	13	True	True	False	True	"{""bm25"": 6, ""eos_compact_q4_fp16_o200"": 25, ""eos_dense"": 25, ""hybrid_minmax_blend_a050"": 24, ""mxbai"": 4, ""qwen3"": 2}"	"{""bm25"": 0.1171252546222487, ""eos_compact_q4_fp16_o200"": 0.0, ""eos_dense"": 0.0, ""hybrid_minmax_blend_a050"": 0.0, ""mxbai"": 0.1869990479502082, ""qwen3"": 0.33864764961084326}"	"{""bm25"": 0.5384615384615384, ""eos_compact_q4_fp16_o200"": 0.15384615384615385, ""eos_dense"": 0.15384615384615385, ""hybrid_minmax_blend_a050"": 0.5384615384615384, ""mxbai"": 0.7692307692307693, ""qwen3"": 0.9230769230769231}"	"{""bm25"": ""MED-4360"", ""eos_compact_q4_fp16_o200"": ""MED-3178"", ""eos_dense"": ""MED-3178"", ""hybrid_minmax_blend_a050"": ""MED-4328"", ""mxbai"": ""MED-4360"", ""qwen3"": ""MED-4360""}"
nfcorpus	PLAIN-3322	79	False	True	False	False	"{""bm25"": 4, ""eos_compact_q4_fp16_o200"": 3, ""eos_dense"": 3, ""hybrid_minmax_blend_a050"": 5, ""mxbai"": 2, ""qwen3"": 7}"	"{""bm25"": 0.09478836436955079, ""eos_compact_q4_fp16_o200"": 0.1100458831490401, ""eos_dense"": 0.1100458831490401, ""hybrid_minmax_blend_a050"": 0.08514311764162101, ""mxbai"": 0.2122263659729146, ""qwen3"": 0.07336392209936006}"	"{""bm25"": 0.0759493670886076, ""eos_compact_q4_fp16_o200"": 0.0759493670886076, ""eos_dense"": 0.0759493670886076, ""hybrid_minmax_blend_a050"": 0.10126582278481013, ""mxbai"": 0.1518987341772152, ""qwen3"": 0.12658227848101267}"	"{""bm25"": ""MED-2174"", ""eos_compact_q4_fp16_o200"": ""MED-3703"", ""eos_dense"": ""MED-3703"", ""hybrid_minmax_blend_a050"": ""MED-3703"", ""mxbai"": ""MED-5066"", ""qwen3"": ""MED-4861""}"
nfcorpus	PLAIN-3332	14	True	True	True	True	"{""bm25"": 1, ""eos_compact_q4_fp16_o200"": 32, ""eos_dense"": 32, ""hybrid_minmax_blend_a050"": 2, ""mxbai"": 1, ""qwen3"": 1}"	"{""bm25"": 0.28899483050909686, ""eos_compact_q4_fp16_o200"": 0.0, ""eos_dense"": 0.0, ""hybrid_minmax_blend_a050"": 0.21810164417292377, ""mxbai"": 0.7472390964661008, ""qwen3"": 0.8243727738525665}"	"{""bm25"": 0.6428571428571429, ""eos_compact_q4_fp16_o200"": 0.21428571428571427, ""eos_dense"": 0.21428571428571427, ""hybrid_minmax_blend_a050"": 0.35714285714285715, ""mxbai"": 0.7857142857142857, ""qwen3"": 0.7142857142857143}"	"{""bm25"": ""MED-3696"", ""eos_compact_q4_fp16_o200"": ""MED-1643"", ""eos_dense"": ""MED-1643"", ""hybrid_minmax_blend_a050"": ""MED-1643"", ""mxbai"": ""MED-3768"", ""qwen3"": ""MED-3768""}"
nfcorpus	PLAIN-3342	3	True	True	True	False	"{""bm25"": 1, ""eos_compact_q4_fp16_o200"": 23, ""eos_dense"": 23, ""hybrid_minmax_blend_a050"": 1, ""mxbai"": 1, ""qwen3"": 1}"	"{""bm25"": 0.7653606369886218, ""eos_compact_q4_fp16_o200"": 0.0, ""eos_dense"": 0.0, ""hybrid_minmax_blend_a050"": 0.46927872602275655, ""mxbai"": 0.7653606369886218, ""qwen3"": 0.6713860725233042}"	"{""bm25"": 1.0, ""eos_compact_q4_fp16_o200"": 0.6666666666666666, ""eos_dense"": 0.6666666666666666, ""hybrid_minmax_blend_a050"": 1.0, ""mxbai"": 1.0, ""qwen3"": 0.6666666666666666}"	"{""bm25"": ""MED-5012"", ""eos_compact_q4_fp16_o200"": ""MED-4398"", ""eos_dense"": ""MED-4398"", ""hybrid_minmax_blend_a050"": ""MED-5012"", ""mxbai"": ""MED-5014"", ""qwen3"": ""MED-5012""}"
nfcorpus	PLAIN-3352	39	True	True	True	True	"{""bm25"": 23, ""eos_compact_q4_fp16_o200"": 0, ""eos_dense"": 0, ""hybrid_minmax_blend_a050"": 48, ""mxbai"": 1, ""qwen3"": 1}"	"{""bm25"": 0.0, ""eos_compact_q4_fp16_o200"": 0.0, ""eos_dense"": 0.0, ""hybrid_minmax_blend_a050"": 0.0, ""mxbai"": 0.3239134396887189, ""qwen3"": 0.37500509635904056}"	"{""bm25"": 0.20512820512820512, ""eos_compact_q4_fp16_o200"": 0.0, ""eos_dense"": 0.0, ""hybrid_minmax_blend_a050"": 0.10256410256410256, ""mxbai"": 0.15384615384615385, ""qwen3"": 0.10256410256410256}"	"{""bm25"": ""MED-3504"", ""eos_compact_q4_fp16_o200"": ""MED-4247"", ""eos_dense"": ""MED-4247"", ""hybrid_minmax_blend_a050"": ""MED-4247"", ""mxbai"": ""MED-5026"", ""qwen3"": ""MED-5026""}"
nfcorpus	PLAIN-3362	11	True	True	True	True	"{""bm25"": 1, ""eos_compact_q4_fp16_o200"": 0, ""eos_dense"": 0, ""hybrid_minmax_blend_a050"": 2, ""mxbai"": 1, ""qwen3"": 1}"	"{""bm25"": 0.5282800663700055, ""eos_compact_q4_fp16_o200"": 0.0, ""eos_dense"": 0.0, ""hybrid_minmax_blend_a050"": 0.36699206210407165, ""mxbai"": 0.4858701595330784, ""qwen3"": 0.3239134396887189}"	"{""bm25"": 0.2727272727272727, ""eos_compact_q4_fp16_o200"": 0.0, ""eos_dense"": 0.0, ""hybrid_minmax_blend_a050"": 0.2727272727272727, ""mxbai"": 0.2727272727272727, ""qwen3"": 0.2727272727272727}"	"{""bm25"": ""MED-2227"", ""eos_compact_q4_fp16_o200"": ""MED-3461"", ""eos_dense"": ""MED-3461"", ""hybrid_minmax_blend_a050"": ""MED-3461"", ""mxbai"": ""MED-5042"", ""qwen3"": ""MED-5042""}"
nfcorpus	PLAIN-3372	14	True	True	True	True	"{""bm25"": 0, ""eos_compact_q4_fp16_o200"": 61, ""eos_dense"": 61, ""hybrid_minmax_blend_a050"": 69, ""mxbai"": 1, ""qwen3"": 1}"	"{""bm25"": 0.0, ""eos_compact_q4_fp16_o200"": 0.0, ""eos_dense"": 0.0, ""hybrid_minmax_blend_a050"": 0.0, ""mxbai"": 0.3607790370815594, ""qwen3"": 0.3607790370815594}"	"{""bm25"": 0.0, ""eos_compact_q4_fp16_o200"": 0.07142857142857142, ""eos_dense"": 0.07142857142857142, ""hybrid_minmax_blend_a050"": 0.07142857142857142, ""mxbai"": 0.35714285714285715, ""qwen3"": 0.14285714285714285}"	"{""bm25"": ""MED-4868"", ""eos_compact_q4_fp16_o200"": ""MED-4868"", ""eos_dense"": ""MED-4868"", ""hybrid_minmax_blend_a050"": ""MED-4868"", ""mxbai"": ""MED-5056"", ""qwen3"": ""MED-5056""}"
nfcorpus	PLAIN-3382	14	False	True	True	False	"{""bm25"": 1, ""eos_compact_q4_fp16_o200"": 1, ""eos_dense"": 1, ""hybrid_minmax_blend_a050"": 1, ""mxbai"": 1, ""qwen3"": 1}"	"{""bm25"": 0.2618022071871812, ""eos_compact_q4_fp16_o200"": 0.321830180794004, ""eos_dense"": 0.321830180794004, ""hybrid_minmax_blend_a050"": 0.3962100497775041, ""mxbai"": 0.599529285281638, ""qwen3"": 0.6252123542074906}"	"{""bm25"": 0.2857142857142857, ""eos_compact_q4_fp16_o200"": 0.8571428571428571, ""eos_dense"": 0.8571428571428571, ""hybrid_minmax_blend_a050"": 0.8571428571428571, ""mxbai"": 0.7142857142857143, ""qwen3"": 0.7142857142857143}"	"{""bm25"": ""MED-3382"", ""eos_compact_q4_fp16_o200"": ""MED-3382"", ""eos_dense"": ""MED-3382"", ""hybrid_minmax_blend_a050"": ""MED-3382"", ""mxbai"": ""MED-3381"", ""qwen3"": ""MED-2618""}"
nfcorpus	PLAIN-3392	23	True	False	False	True	"{""bm25"": 20, ""eos_compact_q4_fp16_o200"": 0, ""eos_dense"": 0, ""hybrid_minmax_blend_a050"": 33, ""mxbai"": 44, ""qwen3"": 9}"	"{""bm25"": 0.0, ""eos_compact_q4_fp16_o200"": 0.0, ""eos_dense"": 0.0, ""hybrid_minmax_blend_a050"": 0.0, ""mxbai"": 0.0, ""qwen3"": 0.06625422345438904}"	"{""bm25"": 0.08695652173913043, ""eos_compact_q4_fp16_o200"": 0.0, ""eos_dense"": 0.0, ""hybrid_minmax_blend_a050"": 0.08695652173913043, ""mxbai"": 0.21739130434782608, ""qwen3"": 0.30434782608695654}"	"{""bm25"": ""MED-1743"", ""eos_compact_q4_fp16_o200"": ""MED-2664"", ""eos_dense"": ""MED-2664"", ""hybrid_minmax_blend_a050"": ""MED-2664"", ""mxbai"": ""MED-1646"", ""qwen3"": ""MED-1646""}"
nfcorpus	PLAIN-3402	14	True	False	False	True	"{""bm25"": 47, ""eos_compact_q4_fp16_o200"": 0, ""eos_dense"": 0, ""hybrid_minmax_blend_a050"": 81, ""mxbai"": 12, ""qwen3"": 11}"	"{""bm25"": 0.0, ""eos_compact_q4_fp16_o200"": 0.0, ""eos_dense"": 0.0, ""hybrid_minmax_blend_a050"": 0.0, ""mxbai"": 0.0, ""qwen3"": 0.0}"	"{""bm25"": 0.07142857142857142, ""eos_compact_q4_fp16_o200"": 0.0, ""eos_dense"": 0.0, ""hybrid_minmax_blend_a050"": 0.07142857142857142, ""mxbai"": 0.07142857142857142, ""qwen3"": 0.07142857142857142}"	"{""bm25"": ""MED-2951"", ""eos_compact_q4_fp16_o200"": ""MED-2951"", ""eos_dense"": ""MED-2951"", ""hybrid_minmax_blend_a050"": ""MED-2951"", ""mxbai"": ""MED-2951"", ""qwen3"": ""MED-2951""}"
nfcorpus	PLAIN-3412	49	True	True	True	True	"{""bm25"": 1, ""eos_compact_q4_fp16_o200"": 11, ""eos_dense"": 11, ""hybrid_minmax_blend_a050"": 3, ""mxbai"": 1, ""qwen3"": 1}"	"{""bm25"": 0.2670339497961342, ""eos_compact_q4_fp16_o200"": 0.0, ""eos_dense"": 0.0, ""hybrid_minmax_blend_a050"": 0.18976016420150263, ""mxbai"": 0.3006252273755404, ""qwen3"": 0.21964686745336073}"	"{""bm25"": 0.16326530612244897, ""eos_compact_q4_fp16_o200"": 0.22448979591836735, ""eos_dense"": 0.22448979591836735, ""hybrid_minmax_blend_a050"": 0.20408163265306123, ""mxbai"": 0.24489795918367346, ""qwen3"": 0.20408163265306123}"	"{""bm25"": ""MED-4682"", ""eos_compact_q4_fp16_o200"": ""MED-995"", ""eos_dense"": ""MED-995"", ""hybrid_minmax_blend_a050"": ""MED-936"", ""mxbai"": ""MED-4682"", ""qwen3"": ""MED-4682""}"
nfcorpus	PLAIN-3422	31	False	False	False	True	"{""bm25"": 7, ""eos_compact_q4_fp16_o200"": 1, ""eos_dense"": 1, ""hybrid_minmax_blend_a050"": 5, ""mxbai"": 6, ""qwen3"": 11}"	"{""bm25"": 0.03922942186031088, ""eos_compact_q4_fp16_o200"": 0.26123751356722813, ""eos_dense"": 0.26123751356722813, ""hybrid_minmax_blend_a050"": 0.18963239198372392, ""mxbai"": 0.04192140603820588, ""qwen3"": 0.0}"	"{""bm25"": 0.5483870967741935, ""eos_compact_q4_fp16_o200"": 0.7096774193548387, ""eos_dense"": 0.7096774193548387, ""hybrid_minmax_blend_a050"": 0.6129032258064516, ""mxbai"": 0.4838709677419355, ""qwen3"": 0.5161290322580645}"	"{""bm25"": ""MED-4373"", ""eos_compact_q4_fp16_o200"": ""MED-3990"", ""eos_dense"": ""MED-3990"", ""hybrid_minmax_blend_a050"": ""MED-4373"", ""mxbai"": ""MED-2762"", ""qwen3"": ""MED-2762""}"
nfcorpus	PLAIN-3432	42	True	True	False	False	"{""bm25"": 3, ""eos_compact_q4_fp16_o200"": 0, ""eos_dense"": 0, ""hybrid_minmax_blend_a050"": 4, ""mxbai"": 3, ""qwen3"": 3}"	"{""bm25"": 0.27819816961795096, ""eos_compact_q4_fp16_o200"": 0.0, ""eos_dense"": 0.0, ""hybrid_minmax_blend_a050"": 0.17993148201117182, ""mxbai"": 0.18340980524840014, ""qwen3"": 0.20483424751859092}"	"{""bm25"": 0.23809523809523808, ""eos_compact_q4_fp16_o200"": 0.0, ""eos_dense"": 0.0, ""hybrid_minmax_blend_a050"": 0.14285714285714285, ""mxbai"": 0.16666666666666666, ""qwen3"": 0.2619047619047619}"	"{""bm25"": ""MED-4336"", ""eos_compact_q4_fp16_o200"": ""MED-5038"", ""eos_dense"": ""MED-5038"", ""hybrid_minmax_blend_a050"": ""MED-5038"", ""mxbai"": ""MED-5287"", ""qwen3"": ""MED-5283""}"
nfcorpus	PLAIN-3442	29	True	False	False	True	"{""bm25"": 21, ""eos_compact_q4_fp16_o200"": 81, ""eos_dense"": 81, ""hybrid_minmax_blend_a050"": 82, ""mxbai"": 11, ""qwen3"": 2}"	"{""bm25"": 0.0, ""eos_compact_q4_fp16_o200"": 0.0, ""eos_dense"": 0.0, ""hybrid_minmax_blend_a050"": 0.0, ""mxbai"": 0.0, ""qwen3"": 0.08879873949105598}"	"{""bm25"": 0.06896551724137931, ""eos_compact_q4_fp16_o200"": 0.034482758620689655, ""eos_dense"": 0.034482758620689655, ""hybrid_minmax_blend_a050"": 0.034482758620689655, ""mxbai"": 0.034482758620689655, ""qwen3"": 0.034482758620689655}"	"{""bm25"": ""MED-1743"", ""eos_compact_q4_fp16_o200"": ""MED-828"", ""eos_dense"": ""MED-828"", ""hybrid_minmax_blend_a050"": ""MED-828"", ""mxbai"": ""MED-2201"", ""qwen3"": ""MED-2201""}"
nfcorpus	PLAIN-3452	17	False	True	True	True	"{""bm25"": 1, ""eos_compact_q4_fp16_o200"": 6, ""eos_dense"": 6, ""hybrid_minmax_blend_a050"": 1, ""mxbai"": 1, ""qwen3"": 1}"	"{""bm25"": 0.5647652605605432, ""eos_compact_q4_fp16_o200"": 0.21095011698332727, ""eos_dense"": 0.21095011698332727, ""hybrid_minmax_blend_a050"": 0.5103033873518862, ""mxbai"": 0.4048917996108986, ""qwen3"": 0.38656685141100755}"	"{""bm25"": 0.4117647058823529, ""eos_compact_q4_fp16_o200"": 0.47058823529411764, ""eos_dense"": 0.47058823529411764, ""hybrid_minmax_blend_a050"": 0.47058823529411764, ""mxbai"": 0.47058823529411764, ""qwen3"": 0.47058823529411764}"	"{""bm25"": ""MED-5175"", ""eos_compact_q4_fp16_o200"": ""MED-1049"", ""eos_dense"": ""MED-1049"", ""hybrid_minmax_blend_a050"": ""MED-5175"", ""mxbai"": ""MED-5175"", ""qwen3"": ""MED-5175""}"
nfcorpus	PLAIN-3462	64	False	True	False	False	"{""bm25"": 1, ""eos_compact_q4_fp16_o200"": 2, ""eos_dense"": 2, ""hybrid_minmax_blend_a050"": 1, ""mxbai"": 1, ""qwen3"": 2}"	"{""bm25"": 0.643121141594021, ""eos_compact_q4_fp16_o200"": 0.5669261660488107, ""eos_dense"": 0.5669261660488107, ""hybrid_minmax_blend_a050"": 0.6971011349275443, ""mxbai"": 0.7183424120903082, ""qwen3"": 0.6117559472330091}"	"{""bm25"": 0.5, ""eos_compact_q4_fp16_o200"": 0.203125, ""eos_dense"": 0.203125, ""hybrid_minmax_blend_a050"": 0.359375, ""mxbai"": 0.5625, ""qwen3"": 0.484375}"	"{""bm25"": ""MED-5271"", ""eos_compact_q4_fp16_o200"": ""MED-1390"", ""eos_dense"": ""MED-1390"", ""hybrid_minmax_blend_a050"": ""MED-5274"", ""mxbai"": ""MED-5274"", ""qwen3"": ""MED-1373""}"
nfcorpus	PLAIN-3472	17	True	False	False	False	"{""bm25"": 0, ""eos_compact_q4_fp16_o200"": 69, ""eos_dense"": 69, ""hybrid_minmax_blend_a050"": 0, ""mxbai"": 3, ""qwen3"": 11}"	"{""bm25"": 0.0, ""eos_compact_q4_fp16_o200"": 0.0, ""eos_dense"": 0.0, ""hybrid_minmax_blend_a050"": 0.0, ""mxbai"": 0.17365547123739342, ""qwen3"": 0.0}"	"{""bm25"": 0.0, ""eos_compact_q4_fp16_o200"": 0.11764705882352941, ""eos_dense"": 0.11764705882352941, ""hybrid_minmax_blend_a050"": 0.0, ""mxbai"": 0.47058823529411764, ""qwen3"": 0.23529411764705882}"	"{""bm25"": ""MED-3760"", ""eos_compact_q4_fp16_o200"": ""MED-3653"", ""eos_dense"": ""MED-3653"", ""hybrid_minmax_blend_a050"": ""MED-3760"", ""mxbai"": ""MED-3636"", ""qwen3"": ""MED-3603""}"
fiqa	8	2	False	True	True	True	"{""bm25"": 1, ""eos_compact_q4_fp16_o200"": 1, ""eos_dense"": 1, ""hybrid_minmax_blend_a050"": 1, ""mxbai"": 1, ""qwen3"": 1}"	"{""bm25"": 0.6131471927654585, ""eos_compact_q4_fp16_o200"": 0.6131471927654585, ""eos_dense"": 0.6131471927654585, ""hybrid_minmax_blend_a050"": 0.6131471927654585, ""mxbai"": 0.6131471927654585, ""qwen3"": 0.6131471927654585}"	"{""bm25"": 0.5, ""eos_compact_q4_fp16_o200"": 0.5, ""eos_dense"": 0.5, ""hybrid_minmax_blend_a050"": 0.5, ""mxbai"": 1.0, ""qwen3"": 0.5}"	"{""bm25"": ""65404"", ""eos_compact_q4_fp16_o200"": ""65404"", ""eos_dense"": ""65404"", ""hybrid_minmax_blend_a050"": ""65404"", ""mxbai"": ""65404"", ""qwen3"": ""65404""}"
fiqa	15	1	True	True	False	False	"{""bm25"": 41, ""eos_compact_q4_fp16_o200"": 0, ""eos_dense"": 0, ""hybrid_minmax_blend_a050"": 100, ""mxbai"": 2, ""qwen3"": 1}"	"{""bm25"": 0.0, ""eos_compact_q4_fp16_o200"": 0.0, ""eos_dense"": 0.0, ""hybrid_minmax_blend_a050"": 0.0, ""mxbai"": 0.6309297535714574, ""qwen3"": 1.0}"	"{""bm25"": 1.0, ""eos_compact_q4_fp16_o200"": 0.0, ""eos_dense"": 0.0, ""hybrid_minmax_blend_a050"": 1.0, ""mxbai"": 1.0, ""qwen3"": 1.0}"	"{""bm25"": ""420483"", ""eos_compact_q4_fp16_o200"": ""162684"", ""eos_dense"": ""162684"", ""hybrid_minmax_blend_a050"": ""420483"", ""mxbai"": ""224000"", ""qwen3"": ""325273""}"
fiqa	18	1	True	True	False	False	"{""bm25"": 17, ""eos_compact_q4_fp16_o200"": 0, ""eos_dense"": 0, ""hybrid_minmax_blend_a050"": 49, ""mxbai"": 1, ""qwen3"": 2}"	"{""bm25"": 0.0, ""eos_compact_q4_fp16_o200"": 0.0, ""eos_dense"": 0.0, ""hybrid_minmax_blend_a050"": 0.0, ""mxbai"": 1.0, ""qwen3"": 0.6309297535714574}"	"{""bm25"": 1.0, ""eos_compact_q4_fp16_o200"": 0.0, ""eos_dense"": 0.0, ""hybrid_minmax_blend_a050"": 1.0, ""mxbai"": 1.0, ""qwen3"": 1.0}"	"{""bm25"": ""377152"", ""eos_compact_q4_fp16_o200"": ""131483"", ""eos_dense"": ""131483"", ""hybrid_minmax_blend_a050"": ""377152"", ""mxbai"": ""88124"", ""qwen3"": ""377152""}"
fiqa	26	2	True	True	False	False	"{""bm25"": 0, ""eos_compact_q4_fp16_o200"": 0, ""eos_dense"": 0, ""hybrid_minmax_blend_a050"": 0, ""mxbai"": 8, ""qwen3"": 4}"	"{""bm25"": 0.0, ""eos_compact_q4_fp16_o200"": 0.0, ""eos_dense"": 0.0, ""hybrid_minmax_blend_a050"": 0.0, ""mxbai"": 0.19342640361727081, ""qwen3"": 0.2640681225725909}"	"{""bm25"": 0.0, ""eos_compact_q4_fp16_o200"": 0.0, ""eos_dense"": 0.0, ""hybrid_minmax_blend_a050"": 0.0, ""mxbai"": 1.0, ""qwen3"": 1.0}"	"{""bm25"": ""323389"", ""eos_compact_q4_fp16_o200"": ""92419"", ""eos_dense"": ""92419"", ""hybrid_minmax_blend_a050"": ""92419"", ""mxbai"": ""176284"", ""qwen3"": ""483354""}"
fiqa	34	1	True	False	False	False	"{""bm25"": 0, ""eos_compact_q4_fp16_o200"": 0, ""eos_dense"": 0, ""hybrid_minmax_blend_a050"": 0, ""mxbai"": 0, ""qwen3"": 21}"	"{""bm25"": 0.0, ""eos_compact_q4_fp16_o200"": 0.0, ""eos_dense"": 0.0, ""hybrid_minmax_blend_a050"": 0.0, ""mxbai"": 0.0, ""qwen3"": 0.0}"	"{""bm25"": 0.0, ""eos_compact_q4_fp16_o200"": 0.0, ""eos_dense"": 0.0, ""hybrid_minmax_blend_a050"": 0.0, ""mxbai"": 0.0, ""qwen3"": 1.0}"	"{""bm25"": ""231449"", ""eos_compact_q4_fp16_o200"": ""61919"", ""eos_dense"": ""61919"", ""hybrid_minmax_blend_a050"": ""64459"", ""mxbai"": ""490867"", ""qwen3"": ""458917""}"
fiqa	42	3	True	True	False	False	"{""bm25"": 0, ""eos_compact_q4_fp16_o200"": 0, ""eos_dense"": 0, ""hybrid_minmax_blend_a050"": 0, ""mxbai"": 8, ""qwen3"": 1}"	"{""bm25"": 0.0, ""eos_compact_q4_fp16_o200"": 0.0, ""eos_dense"": 0.0, ""hybrid_minmax_blend_a050"": 0.0, ""mxbai"": 0.14804095548293264, ""qwen3"": 0.46927872602275655}"	"{""bm25"": 0.0, ""eos_compact_q4_fp16_o200"": 0.0, ""eos_dense"": 0.0, ""hybrid_minmax_blend_a050"": 0.0, ""mxbai"": 0.6666666666666666, ""qwen3"": 1.0}"	"{""bm25"": ""374443"", ""eos_compact_q4_fp16_o200"": ""500581"", ""eos_dense"": ""500581"", ""hybrid_minmax_blend_a050"": ""581265"", ""mxbai"": ""305222"", ""qwen3"": ""331981""}"
fiqa	56	1	True	True	False	False	"{""bm25"": 20, ""eos_compact_q4_fp16_o200"": 0, ""eos_dense"": 0, ""hybrid_minmax_blend_a050"": 43, ""mxbai"": 2, ""qwen3"": 4}"	"{""bm25"": 0.0, ""eos_compact_q4_fp16_o200"": 0.0, ""eos_dense"": 0.0, ""hybrid_minmax_blend_a050"": 0.0, ""mxbai"": 0.6309297535714574, ""qwen3"": 0.43067655807339306}"	"{""bm25"": 1.0, ""eos_compact_q4_fp16_o200"": 0.0, ""eos_dense"": 0.0, ""hybrid_minmax_blend_a050"": 1.0, ""mxbai"": 1.0, ""qwen3"": 1.0}"	"{""bm25"": ""468741"", ""eos_compact_q4_fp16_o200"": ""227757"", ""eos_dense"": ""227757"", ""hybrid_minmax_blend_a050"": ""334603"", ""mxbai"": ""181187"", ""qwen3"": ""414834""}"
fiqa	68	1	True	False	False	False	"{""bm25"": 0, ""eos_compact_q4_fp16_o200"": 0, ""eos_dense"": 0, ""hybrid_minmax_blend_a050"": 0, ""mxbai"": 0, ""qwen3"": 0}"	"{""bm25"": 0.0, ""eos_compact_q4_fp16_o200"": 0.0, ""eos_dense"": 0.0, ""hybrid_minmax_blend_a050"": 0.0, ""mxbai"": 0.0, ""qwen3"": 0.0}"	"{""bm25"": 0.0, ""eos_compact_q4_fp16_o200"": 0.0, ""eos_dense"": 0.0, ""hybrid_minmax_blend_a050"": 0.0, ""mxbai"": 0.0, ""qwen3"": 0.0}"	"{""bm25"": ""300510"", ""eos_compact_q4_fp16_o200"": ""64899"", ""eos_dense"": ""64899"", ""hybrid_minmax_blend_a050"": ""64899"", ""mxbai"": ""378484"", ""qwen3"": ""418999""}"
fiqa	89	6	True	True	False	True	"{""bm25"": 6, ""eos_compact_q4_fp16_o200"": 16, ""eos_dense"": 16, ""hybrid_minmax_blend_a050"": 6, ""mxbai"": 4, ""qwen3"": 6}"	"{""bm25"": 0.10778915452451095, ""eos_compact_q4_fp16_o200"": 0.0, ""eos_dense"": 0.0, ""hybrid_minmax_blend_a050"": 0.10778915452451095, ""mxbai"": 0.13032376591037065, ""qwen3"": 0.30411705878024947}"	"{""bm25"": 0.3333333333333333, ""eos_compact_q4_fp16_o200"": 0.5, ""eos_dense"": 0.5, ""hybrid_minmax_blend_a050"": 0.5, ""mxbai"": 0.6666666666666666, ""qwen3"": 0.8333333333333334}"	"{""bm25"": ""135196"", ""eos_compact_q4_fp16_o200"": ""526817"", ""eos_dense"": ""526817"", ""hybrid_minmax_blend_a050"": ""309023"", ""mxbai"": ""188893"", ""qwen3"": ""188893""}"
fiqa	90	1	False	True	False	False	"{""bm25"": 0, ""eos_compact_q4_fp16_o200"": 3, ""eos_dense"": 3, ""hybrid_minmax_blend_a050"": 8, ""mxbai"": 6, ""qwen3"": 1}"	"{""bm25"": 0.0, ""eos_compact_q4_fp16_o200"": 0.5, ""eos_dense"": 0.5, ""hybrid_minmax_blend_a050"": 0.3154648767857287, ""mxbai"": 0.3562071871080222, ""qwen3"": 1.0}"	"{""bm25"": 0.0, ""eos_compact_q4_fp16_o200"": 1.0, ""eos_dense"": 1.0, ""hybrid_minmax_blend_a050"": 1.0, ""mxbai"": 1.0, ""qwen3"": 1.0}"	"{""bm25"": ""370542"", ""eos_compact_q4_fp16_o200"": ""274721"", ""eos_dense"": ""274721"", ""hybrid_minmax_blend_a050"": ""411063"", ""mxbai"": ""454537"", ""qwen3"": ""31793""}"
fiqa	94	1	False	True	True	True	"{""bm25"": 2, ""eos_compact_q4_fp16_o200"": 3, ""eos_dense"": 3, ""hybrid_minmax_blend_a050"": 2, ""mxbai"": 1, ""qwen3"": 1}"	"{""bm25"": 0.6309297535714574, ""eos_compact_q4_fp16_o200"": 0.5, ""eos_dense"": 0.5, ""hybrid_minmax_blend_a050"": 0.6309297535714574, ""mxbai"": 1.0, ""qwen3"": 1.0}"	"{""bm25"": 1.0, ""eos_compact_q4_fp16_o200"": 1.0, ""eos_dense"": 1.0, ""hybrid_minmax_blend_a050"": 1.0, ""mxbai"": 1.0, ""qwen3"": 1.0}"	"{""bm25"": ""354716"", ""eos_compact_q4_fp16_o200"": ""354716"", ""eos_dense"": ""354716"", ""hybrid_minmax_blend_a050"": ""354716"", ""mxbai"": ""245447"", ""qwen3"": ""245447""}"
fiqa	98	2	True	True	True	True	"{""bm25"": 0, ""eos_compact_q4_fp16_o200"": 0, ""eos_dense"": 0, ""hybrid_minmax_blend_a050"": 0, ""mxbai"": 1, ""qwen3"": 1}"	"{""bm25"": 0.0, ""eos_compact_q4_fp16_o200"": 0.0, ""eos_dense"": 0.0, ""hybrid_minmax_blend_a050"": 0.0, ""mxbai"": 0.6131471927654585, ""qwen3"": 0.6131471927654585}"	"{""bm25"": 0.0, ""eos_compact_q4_fp16_o200"": 0.0, ""eos_dense"": 0.0, ""hybrid_minmax_blend_a050"": 0.0, ""mxbai"": 0.5, ""qwen3"": 0.5}"	"{""bm25"": ""352363"", ""eos_compact_q4_fp16_o200"": ""298424"", ""eos_dense"": ""298424"", ""hybrid_minmax_blend_a050"": ""146632"", ""mxbai"": ""527522"", ""qwen3"": ""527522""}"
fiqa	104	2	False	True	True	True	"{""bm25"": 0, ""eos_compact_q4_fp16_o200"": 1, ""eos_dense"": 1, ""hybrid_minmax_blend_a050"": 3, ""mxbai"": 1, ""qwen3"": 1}"	"{""bm25"": 0.0, ""eos_compact_q4_fp16_o200"": 0.6131471927654585, ""eos_dense"": 0.6131471927654585, ""hybrid_minmax_blend_a050"": 0.30657359638272924, ""mxbai"": 0.6131471927654585, ""qwen3"": 0.6131471927654585}"	"{""bm25"": 0.0, ""eos_compact_q4_fp16_o200"": 0.5, ""eos_dense"": 0.5, ""hybrid_minmax_blend_a050"": 0.5, ""mxbai"": 0.5, ""qwen3"": 1.0}"	"{""bm25"": ""42625"", ""eos_compact_q4_fp16_o200"": ""575869"", ""eos_dense"": ""575869"", ""hybrid_minmax_blend_a050"": ""477716"", ""mxbai"": ""575869"", ""qwen3"": ""575869""}"
fiqa	106	1	True	True	False	False	"{""bm25"": 36, ""eos_compact_q4_fp16_o200"": 0, ""eos_dense"": 0, ""hybrid_minmax_blend_a050"": 82, ""mxbai"": 1, ""qwen3"": 3}"	"{""bm25"": 0.0, ""eos_compact_q4_fp16_o200"": 0.0, ""eos_dense"": 0.0, ""hybrid_minmax_blend_a050"": 0.0, ""mxbai"": 1.0, ""qwen3"": 0.5}"	"{""bm25"": 1.0, ""eos_compact_q4_fp16_o200"": 0.0, ""eos_dense"": 0.0, ""hybrid_minmax_blend_a050"": 1.0, ""mxbai"": 1.0, ""qwen3"": 1.0}"	"{""bm25"": ""271691"", ""eos_compact_q4_fp16_o200"": ""21764"", ""eos_dense"": ""21764"", ""hybrid_minmax_blend_a050"": ""21764"", ""mxbai"": ""76695"", ""qwen3"": ""365410""}"
fiqa	109	1	False	True	True	True	"{""bm25"": 1, ""eos_compact_q4_fp16_o200"": 2, ""eos_dense"": 2, ""hybrid_minmax_blend_a050"": 1, ""mxbai"": 1, ""qwen3"": 1}"	"{""bm25"": 1.0, ""eos_compact_q4_fp16_o200"": 0.6309297535714574, ""eos_dense"": 0.6309297535714574, ""hybrid_minmax_blend_a050"": 1.0, ""mxbai"": 1.0, ""qwen3"": 1.0}"	"{""bm25"": 1.0, ""eos_compact_q4_fp16_o200"": 1.0, ""eos_dense"": 1.0, ""hybrid_minmax_blend_a050"": 1.0, ""mxbai"": 1.0, ""qwen3"": 1.0}"	"{""bm25"": ""73427"", ""eos_compact_q4_fp16_o200"": ""384192"", ""eos_dense"": ""384192"", ""hybrid_minmax_blend_a050"": ""73427"", ""mxbai"": ""73427"", ""qwen3"": ""73427""}"
fiqa	475	1	True	True	False	False	"{""bm25"": 3, ""eos_compact_q4_fp16_o200"": 69, ""eos_dense"": 69, ""hybrid_minmax_blend_a050"": 5, ""mxbai"": 1, ""qwen3"": 4}"	"{""bm25"": 0.5, ""eos_compact_q4_fp16_o200"": 0.0, ""eos_dense"": 0.0, ""hybrid_minmax_blend_a050"": 0.38685280723454163, ""mxbai"": 1.0, ""qwen3"": 0.43067655807339306}"	"{""bm25"": 1.0, ""eos_compact_q4_fp16_o200"": 1.0, ""eos_dense"": 1.0, ""hybrid_minmax_blend_a050"": 1.0, ""mxbai"": 1.0, ""qwen3"": 1.0}"	"{""bm25"": ""71338"", ""eos_compact_q4_fp16_o200"": ""504317"", ""eos_dense"": ""504317"", ""hybrid_minmax_blend_a050"": ""339463"", ""mxbai"": ""366761"", ""qwen3"": ""504317""}"
fiqa	503	1	True	False	False	False	"{""bm25"": 0, ""eos_compact_q4_fp16_o200"": 0, ""eos_dense"": 0, ""hybrid_minmax_blend_a050"": 0, ""mxbai"": 8, ""qwen3"": 24}"	"{""bm25"": 0.0, ""eos_compact_q4_fp16_o200"": 0.0, ""eos_dense"": 0.0, ""hybrid_minmax_blend_a050"": 0.0, ""mxbai"": 0.3154648767857287, ""qwen3"": 0.0}"	"{""bm25"": 0.0, ""eos_compact_q4_fp16_o200"": 0.0, ""eos_dense"": 0.0, ""hybrid_minmax_blend_a050"": 0.0, ""mxbai"": 1.0, ""qwen3"": 1.0}"	"{""bm25"": ""166921"", ""eos_compact_q4_fp16_o200"": ""510063"", ""eos_dense"": ""510063"", ""hybrid_minmax_blend_a050"": ""510063"", ""mxbai"": ""324686"", ""qwen3"": ""425713""}"
fiqa	504	3	True	False	False	False	"{""bm25"": 0, ""eos_compact_q4_fp16_o200"": 31, ""eos_dense"": 31, ""hybrid_minmax_blend_a050"": 48, ""mxbai"": 0, ""qwen3"": 15}"	"{""bm25"": 0.0, ""eos_compact_q4_fp16_o200"": 0.0, ""eos_dense"": 0.0, ""hybrid_minmax_blend_a050"": 0.0, ""mxbai"": 0.0, ""qwen3"": 0.0}"	"{""bm25"": 0.0, ""eos_compact_q4_fp16_o200"": 0.3333333333333333, ""eos_dense"": 0.3333333333333333, ""hybrid_minmax_blend_a050"": 0.3333333333333333, ""mxbai"": 0.0, ""qwen3"": 0.3333333333333333}"	"{""bm25"": ""77248"", ""eos_compact_q4_fp16_o200"": ""524495"", ""eos_dense"": ""524495"", ""hybrid_minmax_blend_a050"": ""22807"", ""mxbai"": ""546097"", ""qwen3"": ""231688""}"
fiqa	515	1	True	True	True	True	"{""bm25"": 1, ""eos_compact_q4_fp16_o200"": 0, ""eos_dense"": 0, ""hybrid_minmax_blend_a050"": 4, ""mxbai"": 1, ""qwen3"": 1}"	"{""bm25"": 1.0, ""eos_compact_q4_fp16_o200"": 0.0, ""eos_dense"": 0.0, ""hybrid_minmax_blend_a050"": 0.43067655807339306, ""mxbai"": 1.0, ""qwen3"": 1.0}"	"{""bm25"": 1.0, ""eos_compact_q4_fp16_o200"": 0.0, ""eos_dense"": 0.0, ""hybrid_minmax_blend_a050"": 1.0, ""mxbai"": 1.0, ""qwen3"": 1.0}"	"{""bm25"": ""372909"", ""eos_compact_q4_fp16_o200"": ""446870"", ""eos_dense"": ""446870"", ""hybrid_minmax_blend_a050"": ""446870"", ""mxbai"": ""372909"", ""qwen3"": ""372909""}"
fiqa	529	1	True	False	False	False	"{""bm25"": 0, ""eos_compact_q4_fp16_o200"": 0, ""eos_dense"": 0, ""hybrid_minmax_blend_a050"": 0, ""mxbai"": 0, ""qwen3"": 57}"	"{""bm25"": 0.0, ""eos_compact_q4_fp16_o200"": 0.0, ""eos_dense"": 0.0, ""hybrid_minmax_blend_a050"": 0.0, ""mxbai"": 0.0, ""qwen3"": 0.0}"	"{""bm25"": 0.0, ""eos_compact_q4_fp16_o200"": 0.0, ""eos_dense"": 0.0, ""hybrid_minmax_blend_a050"": 0.0, ""mxbai"": 0.0, ""qwen3"": 1.0}"	"{""bm25"": ""66356"", ""eos_compact_q4_fp16_o200"": ""151023"", ""eos_dense"": ""151023"", ""hybrid_minmax_blend_a050"": ""66356"", ""mxbai"": ""552756"", ""qwen3"": ""251392""}"
fiqa	547	2	True	False	False	False	"{""bm25"": 0, ""eos_compact_q4_fp16_o200"": 0, ""eos_dense"": 0, ""hybrid_minmax_blend_a050"": 0, ""mxbai"": 0, ""qwen3"": 5}"	"{""bm25"": 0.0, ""eos_compact_q4_fp16_o200"": 0.0, ""eos_dense"": 0.0, ""hybrid_minmax_blend_a050"": 0.0, ""mxbai"": 0.0, ""qwen3"": 0.23719771276929624}"	"{""bm25"": 0.0, ""eos_compact_q4_fp16_o200"": 0.0, ""eos_dense"": 0.0, ""hybrid_minmax_blend_a050"": 0.0, ""mxbai"": 0.0, ""qwen3"": 0.5}"	"{""bm25"": ""84642"", ""eos_compact_q4_fp16_o200"": ""415432"", ""eos_dense"": ""415432"", ""hybrid_minmax_blend_a050"": ""556421"", ""mxbai"": ""523158"", ""qwen3"": ""68088""}"
fiqa	549	1	True	False	False	False	"{""bm25"": 55, ""eos_compact_q4_fp16_o200"": 97, ""eos_dense"": 97, ""hybrid_minmax_blend_a050"": 0, ""mxbai"": 12, ""qwen3"": 2}"	"{""bm25"": 0.0, ""eos_compact_q4_fp16_o200"": 0.0, ""eos_dense"": 0.0, ""hybrid_minmax_blend_a050"": 0.0, ""mxbai"": 0.0, ""qwen3"": 0.6309297535714574}"	"{""bm25"": 1.0, ""eos_compact_q4_fp16_o200"": 1.0, ""eos_dense"": 1.0, ""hybrid_minmax_blend_a050"": 0.0, ""mxbai"": 1.0, ""qwen3"": 1.0}"	"{""bm25"": ""449279"", ""eos_compact_q4_fp16_o200"": ""449279"", ""eos_dense"": ""449279"", ""hybrid_minmax_blend_a050"": ""449279"", ""mxbai"": ""595633"", ""qwen3"": ""461943""}"
fiqa	559	1	True	False	False	False	"{""bm25"": 0, ""eos_compact_q4_fp16_o200"": 0, ""eos_dense"": 0, ""hybrid_minmax_blend_a050"": 0, ""mxbai"": 0, ""qwen3"": 92}"	"{""bm25"": 0.0, ""eos_compact_q4_fp16_o200"": 0.0, ""eos_dense"": 0.0, ""hybrid_minmax_blend_a050"": 0.0, ""mxbai"": 0.0, ""qwen3"": 0.0}"	"{""bm25"": 0.0, ""eos_compact_q4_fp16_o200"": 0.0, ""eos_dense"": 0.0, ""hybrid_minmax_blend_a050"": 0.0, ""mxbai"": 0.0, ""qwen3"": 1.0}"	"{""bm25"": ""490955"", ""eos_compact_q4_fp16_o200"": ""402902"", ""eos_dense"": ""402902"", ""hybrid_minmax_blend_a050"": ""456098"", ""mxbai"": ""115868"", ""qwen3"": ""382838""}"
fiqa	570	1	True	False	False	True	"{""bm25"": 0, ""eos_compact_q4_fp16_o200"": 76, ""eos_dense"": 76, ""hybrid_minmax_blend_a050"": 0, ""mxbai"": 3, ""qwen3"": 19}"	"{""bm25"": 0.0, ""eos_compact_q4_fp16_o200"": 0.0, ""eos_dense"": 0.0, ""hybrid_minmax_blend_a050"": 0.0, ""mxbai"": 0.5, ""qwen3"": 0.0}"	"{""bm25"": 0.0, ""eos_compact_q4_fp16_o200"": 1.0, ""eos_dense"": 1.0, ""hybrid_minmax_blend_a050"": 0.0, ""mxbai"": 1.0, ""qwen3"": 1.0}"	"{""bm25"": ""346387"", ""eos_compact_q4_fp16_o200"": ""577837"", ""eos_dense"": ""577837"", ""hybrid_minmax_blend_a050"": ""79375"", ""mxbai"": ""532839"", ""qwen3"": ""532839""}"
fiqa	585	2	True	True	True	True	"{""bm25"": 0, ""eos_compact_q4_fp16_o200"": 0, ""eos_dense"": 0, ""hybrid_minmax_blend_a050"": 0, ""mxbai"": 1, ""qwen3"": 1}"	"{""bm25"": 0.0, ""eos_compact_q4_fp16_o200"": 0.0, ""eos_dense"": 0.0, ""hybrid_minmax_blend_a050"": 0.0, ""mxbai"": 1.0, ""qwen3"": 0.6131471927654585}"	"{""bm25"": 0.0, ""eos_compact_q4_fp16_o200"": 0.0, ""eos_dense"": 0.0, ""hybrid_minmax_blend_a050"": 0.0, ""mxbai"": 1.0, ""qwen3"": 1.0}"	"{""bm25"": ""531698"", ""eos_compact_q4_fp16_o200"": ""577832"", ""eos_dense"": ""577832"", ""hybrid_minmax_blend_a050"": ""577832"", ""mxbai"": ""140226"", ""qwen3"": ""140226""}"
fiqa	588	2	False	True	False	False	"{""bm25"": 2, ""eos_compact_q4_fp16_o200"": 1, ""eos_dense"": 1, ""hybrid_minmax_blend_a050"": 1, ""mxbai"": 1, ""qwen3"": 6}"	"{""bm25"": 0.38685280723454163, ""eos_compact_q4_fp16_o200"": 0.6131471927654585, ""eos_dense"": 0.6131471927654585, ""hybrid_minmax_blend_a050"": 0.6131471927654585, ""mxbai"": 1.0, ""qwen3"": 0.2184074368181642}"	"{""bm25"": 0.5, ""eos_compact_q4_fp16_o200"": 0.5, ""eos_dense"": 0.5, ""hybrid_minmax_blend_a050"": 0.5, ""mxbai"": 1.0, ""qwen3"": 1.0}"	"{""bm25"": ""192193"", ""eos_compact_q4_fp16_o200"": ""203710"", ""eos_dense"": ""203710"", ""hybrid_minmax_blend_a050"": ""203710"", ""mxbai"": ""203710"", ""qwen3"": ""574011""}"
fiqa	594	2	False	True	True	True	"{""bm25"": 1, ""eos_compact_q4_fp16_o200"": 2, ""eos_dense"": 2, ""hybrid_minmax_blend_a050"": 2, ""mxbai"": 1, ""qwen3"": 1}"	"{""bm25"": 0.6131471927654585, ""eos_compact_q4_fp16_o200"": 0.38685280723454163, ""eos_dense"": 0.38685280723454163, ""hybrid_minmax_blend_a050"": 0.6509209298071325, ""mxbai"": 0.6131471927654585, ""qwen3"": 0.6131471927654585}"	"{""bm25"": 0.5, ""eos_compact_q4_fp16_o200"": 1.0, ""eos_dense"": 1.0, ""hybrid_minmax_blend_a050"": 1.0, ""mxbai"": 1.0, ""qwen3"": 1.0}"	"{""bm25"": ""377322"", ""eos_compact_q4_fp16_o200"": ""64881"", ""eos_dense"": ""64881"", ""hybrid_minmax_blend_a050"": ""64881"", ""mxbai"": ""377322"", ""qwen3"": ""377322""}"
fiqa	603	1	True	False	False	False	"{""bm25"": 0, ""eos_compact_q4_fp16_o200"": 0, ""eos_dense"": 0, ""hybrid_minmax_blend_a050"": 0, ""mxbai"": 11, ""qwen3"": 46}"	"{""bm25"": 0.0, ""eos_compact_q4_fp16_o200"": 0.0, ""eos_dense"": 0.0, ""hybrid_minmax_blend_a050"": 0.0, ""mxbai"": 0.0, ""qwen3"": 0.0}"	"{""bm25"": 0.0, ""eos_compact_q4_fp16_o200"": 0.0, ""eos_dense"": 0.0, ""hybrid_minmax_blend_a050"": 0.0, ""mxbai"": 1.0, ""qwen3"": 1.0}"	"{""bm25"": ""307767"", ""eos_compact_q4_fp16_o200"": ""523158"", ""eos_dense"": ""523158"", ""hybrid_minmax_blend_a050"": ""310056"", ""mxbai"": ""599483"", ""qwen3"": ""61014""}"
fiqa	604	3	True	True	False	False	"{""bm25"": 0, ""eos_compact_q4_fp16_o200"": 0, ""eos_dense"": 0, ""hybrid_minmax_blend_a050"": 0, ""mxbai"": 1, ""qwen3"": 7}"	"{""bm25"": 0.0, ""eos_compact_q4_fp16_o200"": 0.0, ""eos_dense"": 0.0, ""hybrid_minmax_blend_a050"": 0.0, ""mxbai"": 0.9674679834891693, ""qwen3"": 0.2976932148674145}"	"{""bm25"": 0.0, ""eos_compact_q4_fp16_o200"": 0.0, ""eos_dense"": 0.0, ""hybrid_minmax_blend_a050"": 0.0, ""mxbai"": 1.0, ""qwen3"": 1.0}"	"{""bm25"": ""547574"", ""eos_compact_q4_fp16_o200"": ""522438"", ""eos_dense"": ""522438"", ""hybrid_minmax_blend_a050"": ""535673"", ""mxbai"": ""261622"", ""qwen3"": ""547574""}"
fiqa	620	5	True	False	False	False	"{""bm25"": 35, ""eos_compact_q4_fp16_o200"": 0, ""eos_dense"": 0, ""hybrid_minmax_blend_a050"": 70, ""mxbai"": 6, ""qwen3"": 20}"	"{""bm25"": 0.0, ""eos_compact_q4_fp16_o200"": 0.0, ""eos_dense"": 0.0, ""hybrid_minmax_blend_a050"": 0.0, ""mxbai"": 0.12081130269949421, ""qwen3"": 0.0}"	"{""bm25"": 0.2, ""eos_compact_q4_fp16_o200"": 0.0, ""eos_dense"": 0.0, ""hybrid_minmax_blend_a050"": 0.2, ""mxbai"": 0.4, ""qwen3"": 0.8}"	"{""bm25"": ""535817"", ""eos_compact_q4_fp16_o200"": ""186846"", ""eos_dense"": ""186846"", ""hybrid_minmax_blend_a050"": ""535817"", ""mxbai"": ""467059"", ""qwen3"": ""572848""}"
fiqa	622	2	True	True	False	False	"{""bm25"": 26, ""eos_compact_q4_fp16_o200"": 0, ""eos_dense"": 0, ""hybrid_minmax_blend_a050"": 47, ""mxbai"": 6, ""qwen3"": 2}"	"{""bm25"": 0.0, ""eos_compact_q4_fp16_o200"": 0.0, ""eos_dense"": 0.0, ""hybrid_minmax_blend_a050"": 0.0, ""mxbai"": 0.2184074368181642, ""qwen3"": 0.38685280723454163}"	"{""bm25"": 0.5, ""eos_compact_q4_fp16_o200"": 0.0, ""eos_dense"": 0.0, ""hybrid_minmax_blend_a050"": 0.5, ""mxbai"": 1.0, ""qwen3"": 1.0}"	"{""bm25"": ""243571"", ""eos_compact_q4_fp16_o200"": ""21420"", ""eos_dense"": ""21420"", ""hybrid_minmax_blend_a050"": ""4044"", ""mxbai"": ""274948"", ""qwen3"": ""550184""}"
fiqa	659	10	True	True	True	True	"{""bm25"": 1, ""eos_compact_q4_fp16_o200"": 0, ""eos_dense"": 0, ""hybrid_minmax_blend_a050"": 2, ""mxbai"": 1, ""qwen3"": 1}"	"{""bm25"": 0.39327839964630634, ""eos_compact_q4_fp16_o200"": 0.0, ""eos_dense"": 0.0, ""hybrid_minmax_blend_a050"": 0.2808815010511816, ""mxbai"": 0.7534494445524139, ""qwen3"": 0.4480300279758385}"	"{""bm25"": 0.5, ""eos_compact_q4_fp16_o200"": 0.0, ""eos_dense"": 0.0, ""hybrid_minmax_blend_a050"": 0.5, ""mxbai"": 1.0, ""qwen3"": 0.9}"	"{""bm25"": ""13139"", ""eos_compact_q4_fp16_o200"": ""337765"", ""eos_dense"": ""337765"", ""hybrid_minmax_blend_a050"": ""337765"", ""mxbai"": ""168796"", ""qwen3"": ""168796""}"
fiqa	672	2	True	False	False	False	"{""bm25"": 23, ""eos_compact_q4_fp16_o200"": 0, ""eos_dense"": 0, ""hybrid_minmax_blend_a050"": 34, ""mxbai"": 29, ""qwen3"": 7}"	"{""bm25"": 0.0, ""eos_compact_q4_fp16_o200"": 0.0, ""eos_dense"": 0.0, ""hybrid_minmax_blend_a050"": 0.0, ""mxbai"": 0.0, ""qwen3"": 0.20438239758848614}"	"{""bm25"": 1.0, ""eos_compact_q4_fp16_o200"": 0.0, ""eos_dense"": 0.0, ""hybrid_minmax_blend_a050"": 1.0, ""mxbai"": 0.5, ""qwen3"": 0.5}"	"{""bm25"": ""89161"", ""eos_compact_q4_fp16_o200"": ""345894"", ""eos_dense"": ""345894"", ""hybrid_minmax_blend_a050"": ""572796"", ""mxbai"": ""81941"", ""qwen3"": ""308307""}"
fiqa	684	1	True	False	False	False	"{""bm25"": 0, ""eos_compact_q4_fp16_o200"": 0, ""eos_dense"": 0, ""hybrid_minmax_blend_a050"": 0, ""mxbai"": 1, ""qwen3"": 18}"	"{""bm25"": 0.0, ""eos_compact_q4_fp16_o200"": 0.0, ""eos_dense"": 0.0, ""hybrid_minmax_blend_a050"": 0.0, ""mxbai"": 1.0, ""qwen3"": 0.0}"	"{""bm25"": 0.0, ""eos_compact_q4_fp16_o200"": 0.0, ""eos_dense"": 0.0, ""hybrid_minmax_blend_a050"": 0.0, ""mxbai"": 1.0, ""qwen3"": 1.0}"	"{""bm25"": ""212783"", ""eos_compact_q4_fp16_o200"": ""91994"", ""eos_dense"": ""91994"", ""hybrid_minmax_blend_a050"": ""499189"", ""mxbai"": ""441120"", ""qwen3"": ""314383""}"
fiqa	687	2	True	True	False	False	"{""bm25"": 0, ""eos_compact_q4_fp16_o200"": 0, ""eos_dense"": 0, ""hybrid_minmax_blend_a050"": 0, ""mxbai"": 10, ""qwen3"": 3}"	"{""bm25"": 0.0, ""eos_compact_q4_fp16_o200"": 0.0, ""eos_dense"": 0.0, ""hybrid_minmax_blend_a050"": 0.0, ""mxbai"": 0.17723928678404777, ""qwen3"": 0.30657359638272924}"	"{""bm25"": 0.0, ""eos_compact_q4_fp16_o200"": 0.0, ""eos_dense"": 0.0, ""hybrid_minmax_blend_a050"": 0.0, ""mxbai"": 1.0, ""qwen3"": 0.5}"	"{""bm25"": ""478807"", ""eos_compact_q4_fp16_o200"": ""478807"", ""eos_dense"": ""478807"", ""hybrid_minmax_blend_a050"": ""478807"", ""mxbai"": ""285409"", ""qwen3"": ""140657""}"
fiqa	689	1	True	False	False	False	"{""bm25"": 0, ""eos_compact_q4_fp16_o200"": 0, ""eos_dense"": 0, ""hybrid_minmax_blend_a050"": 0, ""mxbai"": 0, ""qwen3"": 24}"	"{""bm25"": 0.0, ""eos_compact_q4_fp16_o200"": 0.0, ""eos_dense"": 0.0, ""hybrid_minmax_blend_a050"": 0.0, ""mxbai"": 0.0, ""qwen3"": 0.0}"	"{""bm25"": 0.0, ""eos_compact_q4_fp16_o200"": 0.0, ""eos_dense"": 0.0, ""hybrid_minmax_blend_a050"": 0.0, ""mxbai"": 0.0, ""qwen3"": 1.0}"	"{""bm25"": ""204288"", ""eos_compact_q4_fp16_o200"": ""46433"", ""eos_dense"": ""46433"", ""hybrid_minmax_blend_a050"": ""446932"", ""mxbai"": ""553418"", ""qwen3"": ""19275""}"
fiqa	691	1	True	True	False	False	"{""bm25"": 1, ""eos_compact_q4_fp16_o200"": 0, ""eos_dense"": 0, ""hybrid_minmax_blend_a050"": 5, ""mxbai"": 3, ""qwen3"": 7}"	"{""bm25"": 1.0, ""eos_compact_q4_fp16_o200"": 0.0, ""eos_dense"": 0.0, ""hybrid_minmax_blend_a050"": 0.38685280723454163, ""mxbai"": 0.5, ""qwen3"": 0.3333333333333333}"	"{""bm25"": 1.0, ""eos_compact_q4_fp16_o200"": 0.0, ""eos_dense"": 0.0, ""hybrid_minmax_blend_a050"": 1.0, ""mxbai"": 1.0, ""qwen3"": 1.0}"	"{""bm25"": ""395912"", ""eos_compact_q4_fp16_o200"": ""425352"", ""eos_dense"": ""425352"", ""hybrid_minmax_blend_a050"": ""188072"", ""mxbai"": ""341473"", ""qwen3"": ""260087""}"
fiqa	699	1	True	True	False	False	"{""bm25"": 19, ""eos_compact_q4_fp16_o200"": 0, ""eos_dense"": 0, ""hybrid_minmax_blend_a050"": 25, ""mxbai"": 1, ""qwen3"": 3}"	"{""bm25"": 0.0, ""eos_compact_q4_fp16_o200"": 0.0, ""eos_dense"": 0.0, ""hybrid_minmax_blend_a050"": 0.0, ""mxbai"": 1.0, ""qwen3"": 0.5}"	"{""bm25"": 1.0, ""eos_compact_q4_fp16_o200"": 0.0, ""eos_dense"": 0.0, ""hybrid_minmax_blend_a050"": 1.0, ""mxbai"": 1.0, ""qwen3"": 1.0}"	"{""bm25"": ""347946"", ""eos_compact_q4_fp16_o200"": ""209107"", ""eos_dense"": ""209107"", ""hybrid_minmax_blend_a050"": ""209107"", ""mxbai"": ""107092"", ""qwen3"": ""183500""}"
fiqa	701	3	True	False	False	True	"{""bm25"": 0, ""eos_compact_q4_fp16_o200"": 0, ""eos_dense"": 0, ""hybrid_minmax_blend_a050"": 0, ""mxbai"": 24, ""qwen3"": 9}"	"{""bm25"": 0.0, ""eos_compact_q4_fp16_o200"": 0.0, ""eos_dense"": 0.0, ""hybrid_minmax_blend_a050"": 0.0, ""mxbai"": 0.0, ""qwen3"": 0.14126697285982903}"	"{""bm25"": 0.0, ""eos_compact_q4_fp16_o200"": 0.0, ""eos_dense"": 0.0, ""hybrid_minmax_blend_a050"": 0.0, ""mxbai"": 0.6666666666666666, ""qwen3"": 0.6666666666666666}"	"{""bm25"": ""210117"", ""eos_compact_q4_fp16_o200"": ""351579"", ""eos_dense"": ""351579"", ""hybrid_minmax_blend_a050"": ""351579"", ""mxbai"": ""349672"", ""qwen3"": ""349672""}"
fiqa	715	3	True	False	False	False	"{""bm25"": 0, ""eos_compact_q4_fp16_o200"": 0, ""eos_dense"": 0, ""hybrid_minmax_blend_a050"": 0, ""mxbai"": 0, ""qwen3"": 0}"	"{""bm25"": 0.0, ""eos_compact_q4_fp16_o200"": 0.0, ""eos_dense"": 0.0, ""hybrid_minmax_blend_a050"": 0.0, ""mxbai"": 0.0, ""qwen3"": 0.0}"	"{""bm25"": 0.0, ""eos_compact_q4_fp16_o200"": 0.0, ""eos_dense"": 0.0, ""hybrid_minmax_blend_a050"": 0.0, ""mxbai"": 0.0, ""qwen3"": 0.0}"	"{""bm25"": ""3104"", ""eos_compact_q4_fp16_o200"": ""480402"", ""eos_dense"": ""480402"", ""hybrid_minmax_blend_a050"": ""573199"", ""mxbai"": ""133120"", ""qwen3"": ""556545""}"
fiqa	721	1	True	True	True	True	"{""bm25"": 3, ""eos_compact_q4_fp16_o200"": 0, ""eos_dense"": 0, ""hybrid_minmax_blend_a050"": 21, ""mxbai"": 1, ""qwen3"": 1}"	"{""bm25"": 0.5, ""eos_compact_q4_fp16_o200"": 0.0, ""eos_dense"": 0.0, ""hybrid_minmax_blend_a050"": 0.0, ""mxbai"": 1.0, ""qwen3"": 1.0}"	"{""bm25"": 1.0, ""eos_compact_q4_fp16_o200"": 0.0, ""eos_dense"": 0.0, ""hybrid_minmax_blend_a050"": 1.0, ""mxbai"": 1.0, ""qwen3"": 1.0}"	"{""bm25"": ""324665"", ""eos_compact_q4_fp16_o200"": ""259084"", ""eos_dense"": ""259084"", ""hybrid_minmax_blend_a050"": ""259084"", ""mxbai"": ""496225"", ""qwen3"": ""496225""}"
fiqa	744	3	True	True	False	False	"{""bm25"": 0, ""eos_compact_q4_fp16_o200"": 0, ""eos_dense"": 0, ""hybrid_minmax_blend_a050"": 0, ""mxbai"": 1, ""qwen3"": 5}"	"{""bm25"": 0.0, ""eos_compact_q4_fp16_o200"": 0.0, ""eos_dense"": 0.0, ""hybrid_minmax_blend_a050"": 0.0, ""mxbai"": 0.46927872602275655, ""qwen3"": 0.1815417925373527}"	"{""bm25"": 0.0, ""eos_compact_q4_fp16_o200"": 0.0, ""eos_dense"": 0.0, ""hybrid_minmax_blend_a050"": 0.0, ""mxbai"": 0.3333333333333333, ""qwen3"": 0.6666666666666666}"	"{""bm25"": ""310790"", ""eos_compact_q4_fp16_o200"": ""310790"", ""eos_dense"": ""310790"", ""hybrid_minmax_blend_a050"": ""310790"", ""mxbai"": ""490443"", ""qwen3"": ""231688""}"
fiqa	750	2	False	True	True	True	"{""bm25"": 1, ""eos_compact_q4_fp16_o200"": 5, ""eos_dense"": 5, ""hybrid_minmax_blend_a050"": 1, ""mxbai"": 1, ""qwen3"": 1}"	"{""bm25"": 0.6131471927654585, ""eos_compact_q4_fp16_o200"": 0.23719771276929624, ""eos_dense"": 0.23719771276929624, ""hybrid_minmax_blend_a050"": 0.6131471927654585, ""mxbai"": 0.9197207891481877, ""qwen3"": 0.8503449055347547}"	"{""bm25"": 1.0, ""eos_compact_q4_fp16_o200"": 1.0, ""eos_dense"": 1.0, ""hybrid_minmax_blend_a050"": 1.0, ""mxbai"": 1.0, ""qwen3"": 1.0}"	"{""bm25"": ""419768"", ""eos_compact_q4_fp16_o200"": ""482244"", ""eos_dense"": ""482244"", ""hybrid_minmax_blend_a050"": ""419768"", ""mxbai"": ""419768"", ""qwen3"": ""419768""}"
fiqa	753	2	True	True	False	False	"{""bm25"": 58, ""eos_compact_q4_fp16_o200"": 0, ""eos_dense"": 0, ""hybrid_minmax_blend_a050"": 0, ""mxbai"": 4, ""qwen3"": 1}"	"{""bm25"": 0.0, ""eos_compact_q4_fp16_o200"": 0.0, ""eos_dense"": 0.0, ""hybrid_minmax_blend_a050"": 0.0, ""mxbai"": 0.2640681225725909, ""qwen3"": 0.6131471927654585}"	"{""bm25"": 0.5, ""eos_compact_q4_fp16_o200"": 0.0, ""eos_dense"": 0.0, ""hybrid_minmax_blend_a050"": 0.0, ""mxbai"": 0.5, ""qwen3"": 0.5}"	"{""bm25"": ""502126"", ""eos_compact_q4_fp16_o200"": ""145224"", ""eos_dense"": ""145224"", ""hybrid_minmax_blend_a050"": ""145224"", ""mxbai"": ""11569"", ""qwen3"": ""466718""}"
fiqa	766	3	False	True	False	False	"{""bm25"": 10, ""eos_compact_q4_fp16_o200"": 3, ""eos_dense"": 3, ""hybrid_minmax_blend_a050"": 4, ""mxbai"": 1, ""qwen3"": 3}"	"{""bm25"": 0.1356519734324478, ""eos_compact_q4_fp16_o200"": 0.23463936301137828, ""eos_dense"": 0.23463936301137828, ""hybrid_minmax_blend_a050"": 0.20210734650054762, ""mxbai"": 0.46927872602275655, ""qwen3"": 0.23463936301137828}"	"{""bm25"": 0.6666666666666666, ""eos_compact_q4_fp16_o200"": 0.6666666666666666, ""eos_dense"": 0.6666666666666666, ""hybrid_minmax_blend_a050"": 0.6666666666666666, ""mxbai"": 0.6666666666666666, ""qwen3"": 0.6666666666666666}"	"{""bm25"": ""163711"", ""eos_compact_q4_fp16_o200"": ""163711"", ""eos_dense"": ""163711"", ""hybrid_minmax_blend_a050"": ""163711"", ""mxbai"": ""2996"", ""qwen3"": ""375618""}"
fiqa	776	12	False	True	True	True	"{""bm25"": 1, ""eos_compact_q4_fp16_o200"": 1, ""eos_dense"": 1, ""hybrid_minmax_blend_a050"": 1, ""mxbai"": 1, ""qwen3"": 1}"	"{""bm25"": 0.2200917662980802, ""eos_compact_q4_fp16_o200"": 0.2863459897524693, ""eos_dense"": 0.2863459897524693, ""hybrid_minmax_blend_a050"": 0.2200917662980802, ""mxbai"": 0.38824405276699103, ""qwen3"": 0.4690000933206748}"	"{""bm25"": 0.3333333333333333, ""eos_compact_q4_fp16_o200"": 0.4166666666666667, ""eos_dense"": 0.4166666666666667, ""hybrid_minmax_blend_a050"": 0.4166666666666667, ""mxbai"": 0.75, ""qwen3"": 0.5833333333333334}"	"{""bm25"": ""124027"", ""eos_compact_q4_fp16_o200"": ""124027"", ""eos_dense"": ""124027"", ""hybrid_minmax_blend_a050"": ""124027"", ""mxbai"": ""124027"", ""qwen3"": ""124027""}"
fiqa	810	1	True	False	False	False	"{""bm25"": 32, ""eos_compact_q4_fp16_o200"": 21, ""eos_dense"": 21, ""hybrid_minmax_blend_a050"": 12, ""mxbai"": 24, ""qwen3"": 2}"	"{""bm25"": 0.0, ""eos_compact_q4_fp16_o200"": 0.0, ""eos_dense"": 0.0, ""hybrid_minmax_blend_a050"": 0.0, ""mxbai"": 0.0, ""qwen3"": 0.6309297535714574}"	"{""bm25"": 1.0, ""eos_compact_q4_fp16_o200"": 1.0, ""eos_dense"": 1.0, ""hybrid_minmax_blend_a050"": 1.0, ""mxbai"": 1.0, ""qwen3"": 1.0}"	"{""bm25"": ""43217"", ""eos_compact_q4_fp16_o200"": ""43217"", ""eos_dense"": ""43217"", ""hybrid_minmax_blend_a050"": ""43217"", ""mxbai"": ""205719"", ""qwen3"": ""346134""}"
fiqa	813	2	False	False	False	False	"{""bm25"": 0, ""eos_compact_q4_fp16_o200"": 5, ""eos_dense"": 5, ""hybrid_minmax_blend_a050"": 18, ""mxbai"": 12, ""qwen3"": 19}"	"{""bm25"": 0.0, ""eos_compact_q4_fp16_o200"": 0.23719771276929624, ""eos_dense"": 0.23719771276929624, ""hybrid_minmax_blend_a050"": 0.0, ""mxbai"": 0.0, ""qwen3"": 0.0}"	"{""bm25"": 0.0, ""eos_compact_q4_fp16_o200"": 1.0, ""eos_dense"": 1.0, ""hybrid_minmax_blend_a050"": 1.0, ""mxbai"": 0.5, ""qwen3"": 1.0}"	"{""bm25"": ""586756"", ""eos_compact_q4_fp16_o200"": ""548705"", ""eos_dense"": ""548705"", ""hybrid_minmax_blend_a050"": ""443407"", ""mxbai"": ""417751"", ""qwen3"": ""315105""}"
fiqa	849	1	True	False	False	False	"{""bm25"": 0, ""eos_compact_q4_fp16_o200"": 0, ""eos_dense"": 0, ""hybrid_minmax_blend_a050"": 0, ""mxbai"": 13, ""qwen3"": 11}"	"{""bm25"": 0.0, ""eos_compact_q4_fp16_o200"": 0.0, ""eos_dense"": 0.0, ""hybrid_minmax_blend_a050"": 0.0, ""mxbai"": 0.0, ""qwen3"": 0.0}"	"{""bm25"": 0.0, ""eos_compact_q4_fp16_o200"": 0.0, ""eos_dense"": 0.0, ""hybrid_minmax_blend_a050"": 0.0, ""mxbai"": 1.0, ""qwen3"": 1.0}"	"{""bm25"": ""217748"", ""eos_compact_q4_fp16_o200"": ""21910"", ""eos_dense"": ""21910"", ""hybrid_minmax_blend_a050"": ""21910"", ""mxbai"": ""30316"", ""qwen3"": ""101382""}"
fiqa	852	3	False	True	True	True	"{""bm25"": 1, ""eos_compact_q4_fp16_o200"": 4, ""eos_dense"": 4, ""hybrid_minmax_blend_a050"": 1, ""mxbai"": 1, ""qwen3"": 1}"	"{""bm25"": 0.8194270280062368, ""eos_compact_q4_fp16_o200"": 0.20210734650054762, ""eos_dense"": 0.20210734650054762, ""hybrid_minmax_blend_a050"": 0.8179809735263115, ""mxbai"": 0.8451850618939638, ""qwen3"": 0.9469024295259745}"	"{""bm25"": 1.0, ""eos_compact_q4_fp16_o200"": 0.6666666666666666, ""eos_dense"": 0.6666666666666666, ""hybrid_minmax_blend_a050"": 1.0, ""mxbai"": 1.0, ""qwen3"": 1.0}"	"{""bm25"": ""431735"", ""eos_compact_q4_fp16_o200"": ""419747"", ""eos_dense"": ""419747"", ""hybrid_minmax_blend_a050"": ""431735"", ""mxbai"": ""431735"", ""qwen3"": ""431735""}"
fiqa	853	2	False	True	False	False	"{""bm25"": 3, ""eos_compact_q4_fp16_o200"": 1, ""eos_dense"": 1, ""hybrid_minmax_blend_a050"": 2, ""mxbai"": 10, ""qwen3"": 6}"	"{""bm25"": 0.30657359638272924, ""eos_compact_q4_fp16_o200"": 0.6131471927654585, ""eos_dense"": 0.6131471927654585, ""hybrid_minmax_blend_a050"": 0.38685280723454163, ""mxbai"": 0.17723928678404777, ""qwen3"": 0.2184074368181642}"	"{""bm25"": 1.0, ""eos_compact_q4_fp16_o200"": 0.5, ""eos_dense"": 0.5, ""hybrid_minmax_blend_a050"": 1.0, ""mxbai"": 1.0, ""qwen3"": 0.5}"	"{""bm25"": ""252843"", ""eos_compact_q4_fp16_o200"": ""147080"", ""eos_dense"": ""147080"", ""hybrid_minmax_blend_a050"": ""252843"", ""mxbai"": ""211485"", ""qwen3"": ""585121""}"
fiqa	858	4	True	False	False	False	"{""bm25"": 53, ""eos_compact_q4_fp16_o200"": 0, ""eos_dense"": 0, ""hybrid_minmax_blend_a050"": 0, ""mxbai"": 24, ""qwen3"": 49}"	"{""bm25"": 0.0, ""eos_compact_q4_fp16_o200"": 0.0, ""eos_dense"": 0.0, ""hybrid_minmax_blend_a050"": 0.0, ""mxbai"": 0.0, ""qwen3"": 0.0}"	"{""bm25"": 0.5, ""eos_compact_q4_fp16_o200"": 0.0, ""eos_dense"": 0.0, ""hybrid_minmax_blend_a050"": 0.0, ""mxbai"": 0.5, ""qwen3"": 0.5}"	"{""bm25"": ""567608"", ""eos_compact_q4_fp16_o200"": ""575169"", ""eos_dense"": ""575169"", ""hybrid_minmax_blend_a050"": ""575169"", ""mxbai"": ""293027"", ""qwen3"": ""519501""}"
fiqa	859	2	True	False	False	False	"{""bm25"": 0, ""eos_compact_q4_fp16_o200"": 63, ""eos_dense"": 63, ""hybrid_minmax_blend_a050"": 0, ""mxbai"": 15, ""qwen3"": 4}"	"{""bm25"": 0.0, ""eos_compact_q4_fp16_o200"": 0.0, ""eos_dense"": 0.0, ""hybrid_minmax_blend_a050"": 0.0, ""mxbai"": 0.0, ""qwen3"": 0.2640681225725909}"	"{""bm25"": 0.0, ""eos_compact_q4_fp16_o200"": 0.5, ""eos_dense"": 0.5, ""hybrid_minmax_blend_a050"": 0.0, ""mxbai"": 1.0, ""qwen3"": 0.5}"	"{""bm25"": ""58614"", ""eos_compact_q4_fp16_o200"": ""462036"", ""eos_dense"": ""462036"", ""hybrid_minmax_blend_a050"": ""489959"", ""mxbai"": ""528840"", ""qwen3"": ""484313""}"
fiqa	864	6	False	True	True	False	"{""bm25"": 2, ""eos_compact_q4_fp16_o200"": 8, ""eos_dense"": 8, ""hybrid_minmax_blend_a050"": 2, ""mxbai"": 1, ""qwen3"": 1}"	"{""bm25"": 0.5251542201192169, ""eos_compact_q4_fp16_o200"": 0.09546043308946732, ""eos_dense"": 0.09546043308946732, ""hybrid_minmax_blend_a050"": 0.4123370353127634, ""mxbai"": 0.7751482523375255, ""qwen3"": 0.601312434202259}"	"{""bm25"": 0.6666666666666666, ""eos_compact_q4_fp16_o200"": 0.5, ""eos_dense"": 0.5, ""hybrid_minmax_blend_a050"": 0.6666666666666666, ""mxbai"": 0.6666666666666666, ""qwen3"": 0.6666666666666666}"	"{""bm25"": ""203446"", ""eos_compact_q4_fp16_o200"": ""222380"", ""eos_dense"": ""222380"", ""hybrid_minmax_blend_a050"": ""329774"", ""mxbai"": ""472924"", ""qwen3"": ""24890""}"
fiqa	879	1	True	True	False	False	"{""bm25"": 2, ""eos_compact_q4_fp16_o200"": 0, ""eos_dense"": 0, ""hybrid_minmax_blend_a050"": 11, ""mxbai"": 1, ""qwen3"": 2}"	"{""bm25"": 0.6309297535714574, ""eos_compact_q4_fp16_o200"": 0.0, ""eos_dense"": 0.0, ""hybrid_minmax_blend_a050"": 0.0, ""mxbai"": 1.0, ""qwen3"": 0.6309297535714574}"	"{""bm25"": 1.0, ""eos_compact_q4_fp16_o200"": 0.0, ""eos_dense"": 0.0, ""hybrid_minmax_blend_a050"": 1.0, ""mxbai"": 1.0, ""qwen3"": 1.0}"	"{""bm25"": ""155490"", ""eos_compact_q4_fp16_o200"": ""424352"", ""eos_dense"": ""424352"", ""hybrid_minmax_blend_a050"": ""155490"", ""mxbai"": ""366830"", ""qwen3"": ""155490""}"
fiqa	885	2	True	False	False	True	"{""bm25"": 0, ""eos_compact_q4_fp16_o200"": 0, ""eos_dense"": 0, ""hybrid_minmax_blend_a050"": 0, ""mxbai"": 44, ""qwen3"": 5}"	"{""bm25"": 0.0, ""eos_compact_q4_fp16_o200"": 0.0, ""eos_dense"": 0.0, ""hybrid_minmax_blend_a050"": 0.0, ""mxbai"": 0.0, ""qwen3"": 0.23719771276929624}"	"{""bm25"": 0.0, ""eos_compact_q4_fp16_o200"": 0.0, ""eos_dense"": 0.0, ""hybrid_minmax_blend_a050"": 0.0, ""mxbai"": 0.5, ""qwen3"": 0.5}"	"{""bm25"": ""143596"", ""eos_compact_q4_fp16_o200"": ""251701"", ""eos_dense"": ""251701"", ""hybrid_minmax_blend_a050"": ""251701"", ""mxbai"": ""59228"", ""qwen3"": ""59228""}"
fiqa	895	1	False	True	False	False	"{""bm25"": 3, ""eos_compact_q4_fp16_o200"": 7, ""eos_dense"": 7, ""hybrid_minmax_blend_a050"": 3, ""mxbai"": 1, ""qwen3"": 6}"	"{""bm25"": 0.5, ""eos_compact_q4_fp16_o200"": 0.3333333333333333, ""eos_dense"": 0.3333333333333333, ""hybrid_minmax_blend_a050"": 0.5, ""mxbai"": 1.0, ""qwen3"": 0.3562071871080222}"	"{""bm25"": 1.0, ""eos_compact_q4_fp16_o200"": 1.0, ""eos_dense"": 1.0, ""hybrid_minmax_blend_a050"": 1.0, ""mxbai"": 1.0, ""qwen3"": 1.0}"	"{""bm25"": ""474974"", ""eos_compact_q4_fp16_o200"": ""474974"", ""eos_dense"": ""474974"", ""hybrid_minmax_blend_a050"": ""474974"", ""mxbai"": ""416268"", ""qwen3"": ""440506""}"
fiqa	904	1	True	True	True	True	"{""bm25"": 3, ""eos_compact_q4_fp16_o200"": 73, ""eos_dense"": 73, ""hybrid_minmax_blend_a050"": 5, ""mxbai"": 1, ""qwen3"": 1}"	"{""bm25"": 0.5, ""eos_compact_q4_fp16_o200"": 0.0, ""eos_dense"": 0.0, ""hybrid_minmax_blend_a050"": 0.38685280723454163, ""mxbai"": 1.0, ""qwen3"": 1.0}"	"{""bm25"": 1.0, ""eos_compact_q4_fp16_o200"": 1.0, ""eos_dense"": 1.0, ""hybrid_minmax_blend_a050"": 1.0, ""mxbai"": 1.0, ""qwen3"": 1.0}"	"{""bm25"": ""460325"", ""eos_compact_q4_fp16_o200"": ""545341"", ""eos_dense"": ""545341"", ""hybrid_minmax_blend_a050"": ""85229"", ""mxbai"": ""415514"", ""qwen3"": ""415514""}"
fiqa	928	2	True	True	False	False	"{""bm25"": 2, ""eos_compact_q4_fp16_o200"": 34, ""eos_dense"": 34, ""hybrid_minmax_blend_a050"": 8, ""mxbai"": 1, ""qwen3"": 2}"	"{""bm25"": 0.38685280723454163, ""eos_compact_q4_fp16_o200"": 0.0, ""eos_dense"": 0.0, ""hybrid_minmax_blend_a050"": 0.19342640361727081, ""mxbai"": 0.7977228895450267, ""qwen3"": 0.5640920940185894}"	"{""bm25"": 1.0, ""eos_compact_q4_fp16_o200"": 1.0, ""eos_dense"": 1.0, ""hybrid_minmax_blend_a050"": 1.0, ""mxbai"": 1.0, ""qwen3"": 1.0}"	"{""bm25"": ""465905"", ""eos_compact_q4_fp16_o200"": ""394460"", ""eos_dense"": ""394460"", ""hybrid_minmax_blend_a050"": ""465905"", ""mxbai"": ""349866"", ""qwen3"": ""331255""}"
fiqa	929	1	False	True	True	True	"{""bm25"": 19, ""eos_compact_q4_fp16_o200"": 4, ""eos_dense"": 4, ""hybrid_minmax_blend_a050"": 2, ""mxbai"": 1, ""qwen3"": 1}"	"{""bm25"": 0.0, ""eos_compact_q4_fp16_o200"": 0.43067655807339306, ""eos_dense"": 0.43067655807339306, ""hybrid_minmax_blend_a050"": 0.6309297535714574, ""mxbai"": 1.0, ""qwen3"": 1.0}"	"{""bm25"": 1.0, ""eos_compact_q4_fp16_o200"": 1.0, ""eos_dense"": 1.0, ""hybrid_minmax_blend_a050"": 1.0, ""mxbai"": 1.0, ""qwen3"": 1.0}"	"{""bm25"": ""30596"", ""eos_compact_q4_fp16_o200"": ""367924"", ""eos_dense"": ""367924"", ""hybrid_minmax_blend_a050"": ""462036"", ""mxbai"": ""367754"", ""qwen3"": ""367754""}"
fiqa	932	2	True	True	False	True	"{""bm25"": 3, ""eos_compact_q4_fp16_o200"": 31, ""eos_dense"": 31, ""hybrid_minmax_blend_a050"": 4, ""mxbai"": 4, ""qwen3"": 2}"	"{""bm25"": 0.30657359638272924, ""eos_compact_q4_fp16_o200"": 0.0, ""eos_dense"": 0.0, ""hybrid_minmax_blend_a050"": 0.468450520161077, ""mxbai"": 0.2640681225725909, ""qwen3"": 0.38685280723454163}"	"{""bm25"": 1.0, ""eos_compact_q4_fp16_o200"": 1.0, ""eos_dense"": 1.0, ""hybrid_minmax_blend_a050"": 1.0, ""mxbai"": 0.5, ""qwen3"": 1.0}"	"{""bm25"": ""457455"", ""eos_compact_q4_fp16_o200"": ""385221"", ""eos_dense"": ""385221"", ""hybrid_minmax_blend_a050"": ""457455"", ""mxbai"": ""383172"", ""qwen3"": ""383172""}"
fiqa	939	1	True	True	False	False	"{""bm25"": 0, ""eos_compact_q4_fp16_o200"": 0, ""eos_dense"": 0, ""hybrid_minmax_blend_a050"": 0, ""mxbai"": 3, ""qwen3"": 2}"	"{""bm25"": 0.0, ""eos_compact_q4_fp16_o200"": 0.0, ""eos_dense"": 0.0, ""hybrid_minmax_blend_a050"": 0.0, ""mxbai"": 0.5, ""qwen3"": 0.6309297535714574}"	"{""bm25"": 0.0, ""eos_compact_q4_fp16_o200"": 0.0, ""eos_dense"": 0.0, ""hybrid_minmax_blend_a050"": 0.0, ""mxbai"": 1.0, ""qwen3"": 1.0}"	"{""bm25"": ""142623"", ""eos_compact_q4_fp16_o200"": ""237331"", ""eos_dense"": ""237331"", ""hybrid_minmax_blend_a050"": ""72209"", ""mxbai"": ""296750"", ""qwen3"": ""505608""}"
fiqa	945	1	True	True	False	False	"{""bm25"": 0, ""eos_compact_q4_fp16_o200"": 0, ""eos_dense"": 0, ""hybrid_minmax_blend_a050"": 0, ""mxbai"": 1, ""qwen3"": 2}"	"{""bm25"": 0.0, ""eos_compact_q4_fp16_o200"": 0.0, ""eos_dense"": 0.0, ""hybrid_minmax_blend_a050"": 0.0, ""mxbai"": 1.0, ""qwen3"": 0.6309297535714574}"	"{""bm25"": 0.0, ""eos_compact_q4_fp16_o200"": 0.0, ""eos_dense"": 0.0, ""hybrid_minmax_blend_a050"": 0.0, ""mxbai"": 1.0, ""qwen3"": 1.0}"	"{""bm25"": ""26182"", ""eos_compact_q4_fp16_o200"": ""480400"", ""eos_dense"": ""480400"", ""hybrid_minmax_blend_a050"": ""480400"", ""mxbai"": ""352052"", ""qwen3"": ""26182""}"
fiqa	957	3	False	True	False	False	"{""bm25"": 1, ""eos_compact_q4_fp16_o200"": 1, ""eos_dense"": 1, ""hybrid_minmax_blend_a050"": 1, ""mxbai"": 1, ""qwen3"": 2}"	"{""bm25"": 0.46927872602275655, ""eos_compact_q4_fp16_o200"": 0.46927872602275655, ""eos_dense"": 0.46927872602275655, ""hybrid_minmax_blend_a050"": 0.6713860725233042, ""mxbai"": 0.8395700624665826, ""qwen3"": 0.49818925746641285}"	"{""bm25"": 0.3333333333333333, ""eos_compact_q4_fp16_o200"": 0.6666666666666666, ""eos_dense"": 0.6666666666666666, ""hybrid_minmax_blend_a050"": 0.6666666666666666, ""mxbai"": 1.0, ""qwen3"": 1.0}"	"{""bm25"": ""540334"", ""eos_compact_q4_fp16_o200"": ""446870"", ""eos_dense"": ""446870"", ""hybrid_minmax_blend_a050"": ""540334"", ""mxbai"": ""446870"", ""qwen3"": ""101748""}"
fiqa	988	2	True	False	False	True	"{""bm25"": 0, ""eos_compact_q4_fp16_o200"": 0, ""eos_dense"": 0, ""hybrid_minmax_blend_a050"": 0, ""mxbai"": 99, ""qwen3"": 0}"	"{""bm25"": 0.0, ""eos_compact_q4_fp16_o200"": 0.0, ""eos_dense"": 0.0, ""hybrid_minmax_blend_a050"": 0.0, ""mxbai"": 0.0, ""qwen3"": 0.0}"	"{""bm25"": 0.0, ""eos_compact_q4_fp16_o200"": 0.0, ""eos_dense"": 0.0, ""hybrid_minmax_blend_a050"": 0.0, ""mxbai"": 0.5, ""qwen3"": 0.0}"	"{""bm25"": ""168402"", ""eos_compact_q4_fp16_o200"": ""302448"", ""eos_dense"": ""302448"", ""hybrid_minmax_blend_a050"": ""37601"", ""mxbai"": ""501384"", ""qwen3"": ""501384""}"
fiqa	1074	1	True	True	False	False	"{""bm25"": 0, ""eos_compact_q4_fp16_o200"": 0, ""eos_dense"": 0, ""hybrid_minmax_blend_a050"": 0, ""mxbai"": 1, ""qwen3"": 2}"	"{""bm25"": 0.0, ""eos_compact_q4_fp16_o200"": 0.0, ""eos_dense"": 0.0, ""hybrid_minmax_blend_a050"": 0.0, ""mxbai"": 1.0, ""qwen3"": 0.6309297535714574}"	"{""bm25"": 0.0, ""eos_compact_q4_fp16_o200"": 0.0, ""eos_dense"": 0.0, ""hybrid_minmax_blend_a050"": 0.0, ""mxbai"": 1.0, ""qwen3"": 1.0}"	"{""bm25"": ""187085"", ""eos_compact_q4_fp16_o200"": ""521144"", ""eos_dense"": ""521144"", ""hybrid_minmax_blend_a050"": ""423191"", ""mxbai"": ""443960"", ""qwen3"": ""382801""}"
fiqa	1085	2	True	False	False	False	"{""bm25"": 0, ""eos_compact_q4_fp16_o200"": 0, ""eos_dense"": 0, ""hybrid_minmax_blend_a050"": 0, ""mxbai"": 8, ""qwen3"": 0}"	"{""bm25"": 0.0, ""eos_compact_q4_fp16_o200"": 0.0, ""eos_dense"": 0.0, ""hybrid_minmax_blend_a050"": 0.0, ""mxbai"": 0.19342640361727081, ""qwen3"": 0.0}"	"{""bm25"": 0.0, ""eos_compact_q4_fp16_o200"": 0.0, ""eos_dense"": 0.0, ""hybrid_minmax_blend_a050"": 0.0, ""mxbai"": 1.0, ""qwen3"": 0.0}"	"{""bm25"": ""422484"", ""eos_compact_q4_fp16_o200"": ""372039"", ""eos_dense"": ""372039"", ""hybrid_minmax_blend_a050"": ""372039"", ""mxbai"": ""161422"", ""qwen3"": ""372039""}"
fiqa	1090	2	True	False	False	False	"{""bm25"": 0, ""eos_compact_q4_fp16_o200"": 93, ""eos_dense"": 93, ""hybrid_minmax_blend_a050"": 0, ""mxbai"": 53, ""qwen3"": 3}"	"{""bm25"": 0.0, ""eos_compact_q4_fp16_o200"": 0.0, ""eos_dense"": 0.0, ""hybrid_minmax_blend_a050"": 0.0, ""mxbai"": 0.0, ""qwen3"": 0.30657359638272924}"	"{""bm25"": 0.0, ""eos_compact_q4_fp16_o200"": 0.5, ""eos_dense"": 0.5, ""hybrid_minmax_blend_a050"": 0.0, ""mxbai"": 0.5, ""qwen3"": 1.0}"	"{""bm25"": ""16051"", ""eos_compact_q4_fp16_o200"": ""444008"", ""eos_dense"": ""444008"", ""hybrid_minmax_blend_a050"": ""278638"", ""mxbai"": ""344340"", ""qwen3"": ""395128""}"
fiqa	1150	4	True	False	False	False	"{""bm25"": 0, ""eos_compact_q4_fp16_o200"": 0, ""eos_dense"": 0, ""hybrid_minmax_blend_a050"": 0, ""mxbai"": 21, ""qwen3"": 39}"	"{""bm25"": 0.0, ""eos_compact_q4_fp16_o200"": 0.0, ""eos_dense"": 0.0, ""hybrid_minmax_blend_a050"": 0.0, ""mxbai"": 0.0, ""qwen3"": 0.0}"	"{""bm25"": 0.0, ""eos_compact_q4_fp16_o200"": 0.0, ""eos_dense"": 0.0, ""hybrid_minmax_blend_a050"": 0.0, ""mxbai"": 0.5, ""qwen3"": 0.5}"	"{""bm25"": ""519346"", ""eos_compact_q4_fp16_o200"": ""599757"", ""eos_dense"": ""599757"", ""hybrid_minmax_blend_a050"": ""599757"", ""mxbai"": ""47184"", ""qwen3"": ""529444""}"
fiqa	1157	2	True	True	False	False	"{""bm25"": 1, ""eos_compact_q4_fp16_o200"": 0, ""eos_dense"": 0, ""hybrid_minmax_blend_a050"": 3, ""mxbai"": 2, ""qwen3"": 3}"	"{""bm25"": 0.6131471927654585, ""eos_compact_q4_fp16_o200"": 0.0, ""eos_dense"": 0.0, ""hybrid_minmax_blend_a050"": 0.30657359638272924, ""mxbai"": 0.38685280723454163, ""qwen3"": 0.30657359638272924}"	"{""bm25"": 0.5, ""eos_compact_q4_fp16_o200"": 0.0, ""eos_dense"": 0.0, ""hybrid_minmax_blend_a050"": 0.5, ""mxbai"": 0.5, ""qwen3"": 0.5}"	"{""bm25"": ""405777"", ""eos_compact_q4_fp16_o200"": ""527958"", ""eos_dense"": ""527958"", ""hybrid_minmax_blend_a050"": ""365192"", ""mxbai"": ""233877"", ""qwen3"": ""123756""}"
fiqa	1159	1	True	False	False	False	"{""bm25"": 0, ""eos_compact_q4_fp16_o200"": 0, ""eos_dense"": 0, ""hybrid_minmax_blend_a050"": 0, ""mxbai"": 0, ""qwen3"": 0}"	"{""bm25"": 0.0, ""eos_compact_q4_fp16_o200"": 0.0, ""eos_dense"": 0.0, ""hybrid_minmax_blend_a050"": 0.0, ""mxbai"": 0.0, ""qwen3"": 0.0}"	"{""bm25"": 0.0, ""eos_compact_q4_fp16_o200"": 0.0, ""eos_dense"": 0.0, ""hybrid_minmax_blend_a050"": 0.0, ""mxbai"": 0.0, ""qwen3"": 0.0}"	"{""bm25"": ""367360"", ""eos_compact_q4_fp16_o200"": ""583062"", ""eos_dense"": ""583062"", ""hybrid_minmax_blend_a050"": ""156063"", ""mxbai"": ""150252"", ""qwen3"": ""460648""}"
fiqa	1198	1	True	True	True	True	"{""bm25"": 1, ""eos_compact_q4_fp16_o200"": 55, ""eos_dense"": 55, ""hybrid_minmax_blend_a050"": 4, ""mxbai"": 1, ""qwen3"": 1}"	"{""bm25"": 1.0, ""eos_compact_q4_fp16_o200"": 0.0, ""eos_dense"": 0.0, ""hybrid_minmax_blend_a050"": 0.43067655807339306, ""mxbai"": 1.0, ""qwen3"": 1.0}"	"{""bm25"": 1.0, ""eos_compact_q4_fp16_o200"": 1.0, ""eos_dense"": 1.0, ""hybrid_minmax_blend_a050"": 1.0, ""mxbai"": 1.0, ""qwen3"": 1.0}"	"{""bm25"": ""56718"", ""eos_compact_q4_fp16_o200"": ""586026"", ""eos_dense"": ""586026"", ""hybrid_minmax_blend_a050"": ""152595"", ""mxbai"": ""56718"", ""qwen3"": ""56718""}"
fiqa	1230	1	True	False	False	False	"{""bm25"": 0, ""eos_compact_q4_fp16_o200"": 0, ""eos_dense"": 0, ""hybrid_minmax_blend_a050"": 0, ""mxbai"": 1, ""qwen3"": 29}"	"{""bm25"": 0.0, ""eos_compact_q4_fp16_o200"": 0.0, ""eos_dense"": 0.0, ""hybrid_minmax_blend_a050"": 0.0, ""mxbai"": 1.0, ""qwen3"": 0.0}"	"{""bm25"": 0.0, ""eos_compact_q4_fp16_o200"": 0.0, ""eos_dense"": 0.0, ""hybrid_minmax_blend_a050"": 0.0, ""mxbai"": 1.0, ""qwen3"": 1.0}"	"{""bm25"": ""416812"", ""eos_compact_q4_fp16_o200"": ""510610"", ""eos_dense"": ""510610"", ""hybrid_minmax_blend_a050"": ""121023"", ""mxbai"": ""191649"", ""qwen3"": ""478295""}"
fiqa	1281	1	True	True	True	True	"{""bm25"": 14, ""eos_compact_q4_fp16_o200"": 0, ""eos_dense"": 0, ""hybrid_minmax_blend_a050"": 35, ""mxbai"": 1, ""qwen3"": 1}"	"{""bm25"": 0.0, ""eos_compact_q4_fp16_o200"": 0.0, ""eos_dense"": 0.0, ""hybrid_minmax_blend_a050"": 0.0, ""mxbai"": 1.0, ""qwen3"": 1.0}"	"{""bm25"": 1.0, ""eos_compact_q4_fp16_o200"": 0.0, ""eos_dense"": 0.0, ""hybrid_minmax_blend_a050"": 1.0, ""mxbai"": 1.0, ""qwen3"": 1.0}"	"{""bm25"": ""105158"", ""eos_compact_q4_fp16_o200"": ""112208"", ""eos_dense"": ""112208"", ""hybrid_minmax_blend_a050"": ""427024"", ""mxbai"": ""361415"", ""qwen3"": ""361415""}"
fiqa	1284	1	True	True	False	False	"{""bm25"": 1, ""eos_compact_q4_fp16_o200"": 30, ""eos_dense"": 30, ""hybrid_minmax_blend_a050"": 2, ""mxbai"": 2, ""qwen3"": 1}"	"{""bm25"": 1.0, ""eos_compact_q4_fp16_o200"": 0.0, ""eos_dense"": 0.0, ""hybrid_minmax_blend_a050"": 0.6309297535714574, ""mxbai"": 0.6309297535714574, ""qwen3"": 1.0}"	"{""bm25"": 1.0, ""eos_compact_q4_fp16_o200"": 1.0, ""eos_dense"": 1.0, ""hybrid_minmax_blend_a050"": 1.0, ""mxbai"": 1.0, ""qwen3"": 1.0}"	"{""bm25"": ""342411"", ""eos_compact_q4_fp16_o200"": ""179073"", ""eos_dense"": ""179073"", ""hybrid_minmax_blend_a050"": ""179073"", ""mxbai"": ""342903"", ""qwen3"": ""342411""}"
fiqa	1297	1	True	True	False	False	"{""bm25"": 3, ""eos_compact_q4_fp16_o200"": 18, ""eos_dense"": 18, ""hybrid_minmax_blend_a050"": 4, ""mxbai"": 1, ""qwen3"": 3}"	"{""bm25"": 0.5, ""eos_compact_q4_fp16_o200"": 0.0, ""eos_dense"": 0.0, ""hybrid_minmax_blend_a050"": 0.43067655807339306, ""mxbai"": 1.0, ""qwen3"": 0.5}"	"{""bm25"": 1.0, ""eos_compact_q4_fp16_o200"": 1.0, ""eos_dense"": 1.0, ""hybrid_minmax_blend_a050"": 1.0, ""mxbai"": 1.0, ""qwen3"": 1.0}"	"{""bm25"": ""433993"", ""eos_compact_q4_fp16_o200"": ""451897"", ""eos_dense"": ""451897"", ""hybrid_minmax_blend_a050"": ""433993"", ""mxbai"": ""171761"", ""qwen3"": ""46658""}"
fiqa	1306	4	True	False	False	False	"{""bm25"": 24, ""eos_compact_q4_fp16_o200"": 0, ""eos_dense"": 0, ""hybrid_minmax_blend_a050"": 52, ""mxbai"": 1, ""qwen3"": 49}"	"{""bm25"": 0.0, ""eos_compact_q4_fp16_o200"": 0.0, ""eos_dense"": 0.0, ""hybrid_minmax_blend_a050"": 0.0, ""mxbai"": 0.39038004999210174, ""qwen3"": 0.0}"	"{""bm25"": 0.25, ""eos_compact_q4_fp16_o200"": 0.0, ""eos_dense"": 0.0, ""hybrid_minmax_blend_a050"": 0.25, ""mxbai"": 0.5, ""qwen3"": 0.25}"	"{""bm25"": ""494791"", ""eos_compact_q4_fp16_o200"": ""397510"", ""eos_dense"": ""397510"", ""hybrid_minmax_blend_a050"": ""397510"", ""mxbai"": ""167684"", ""qwen3"": ""309590""}"
fiqa	1309	4	True	True	True	True	"{""bm25"": 7, ""eos_compact_q4_fp16_o200"": 0, ""eos_dense"": 0, ""hybrid_minmax_blend_a050"": 11, ""mxbai"": 1, ""qwen3"": 1}"	"{""bm25"": 0.13012668333070057, ""eos_compact_q4_fp16_o200"": 0.0, ""eos_dense"": 0.0, ""hybrid_minmax_blend_a050"": 0.0, ""mxbai"": 0.503225191341037, ""qwen3"": 0.39038004999210174}"	"{""bm25"": 0.5, ""eos_compact_q4_fp16_o200"": 0.0, ""eos_dense"": 0.0, ""hybrid_minmax_blend_a050"": 0.5, ""mxbai"": 0.75, ""qwen3"": 0.75}"	"{""bm25"": ""486460"", ""eos_compact_q4_fp16_o200"": ""162653"", ""eos_dense"": ""162653"", ""hybrid_minmax_blend_a050"": ""439548"", ""mxbai"": ""471630"", ""qwen3"": ""471630""}"
fiqa	1310	1	True	False	False	False	"{""bm25"": 8, ""eos_compact_q4_fp16_o200"": 32, ""eos_dense"": 32, ""hybrid_minmax_blend_a050"": 5, ""mxbai"": 23, ""qwen3"": 1}"	"{""bm25"": 0.3154648767857287, ""eos_compact_q4_fp16_o200"": 0.0, ""eos_dense"": 0.0, ""hybrid_minmax_blend_a050"": 0.38685280723454163, ""mxbai"": 0.0, ""qwen3"": 1.0}"	"{""bm25"": 1.0, ""eos_compact_q4_fp16_o200"": 1.0, ""eos_dense"": 1.0, ""hybrid_minmax_blend_a050"": 1.0, ""mxbai"": 1.0, ""qwen3"": 1.0}"	"{""bm25"": ""143728"", ""eos_compact_q4_fp16_o200"": ""13698"", ""eos_dense"": ""13698"", ""hybrid_minmax_blend_a050"": ""13698"", ""mxbai"": ""473641"", ""qwen3"": ""535651""}"
fiqa	1321	2	True	False	False	False	"{""bm25"": 0, ""eos_compact_q4_fp16_o200"": 0, ""eos_dense"": 0, ""hybrid_minmax_blend_a050"": 0, ""mxbai"": 80, ""qwen3"": 5}"	"{""bm25"": 0.0, ""eos_compact_q4_fp16_o200"": 0.0, ""eos_dense"": 0.0, ""hybrid_minmax_blend_a050"": 0.0, ""mxbai"": 0.0, ""qwen3"": 0.23719771276929624}"	"{""bm25"": 0.0, ""eos_compact_q4_fp16_o200"": 0.0, ""eos_dense"": 0.0, ""hybrid_minmax_blend_a050"": 0.0, ""mxbai"": 1.0, ""qwen3"": 0.5}"	"{""bm25"": ""203715"", ""eos_compact_q4_fp16_o200"": ""203715"", ""eos_dense"": ""203715"", ""hybrid_minmax_blend_a050"": ""203715"", ""mxbai"": ""291749"", ""qwen3"": ""351672""}"
fiqa	1322	4	True	True	True	True	"{""bm25"": 0, ""eos_compact_q4_fp16_o200"": 0, ""eos_dense"": 0, ""hybrid_minmax_blend_a050"": 0, ""mxbai"": 1, ""qwen3"": 1}"	"{""bm25"": 0.0, ""eos_compact_q4_fp16_o200"": 0.0, ""eos_dense"": 0.0, ""hybrid_minmax_blend_a050"": 0.0, ""mxbai"": 0.39038004999210174, ""qwen3"": 0.39038004999210174}"	"{""bm25"": 0.0, ""eos_compact_q4_fp16_o200"": 0.0, ""eos_dense"": 0.0, ""hybrid_minmax_blend_a050"": 0.0, ""mxbai"": 0.75, ""qwen3"": 0.5}"	"{""bm25"": ""465648"", ""eos_compact_q4_fp16_o200"": ""517573"", ""eos_dense"": ""517573"", ""hybrid_minmax_blend_a050"": ""523864"", ""mxbai"": ""114231"", ""qwen3"": ""114231""}"
fiqa	1391	3	True	False	False	False	"{""bm25"": 0, ""eos_compact_q4_fp16_o200"": 76, ""eos_dense"": 76, ""hybrid_minmax_blend_a050"": 0, ""mxbai"": 19, ""qwen3"": 16}"	"{""bm25"": 0.0, ""eos_compact_q4_fp16_o200"": 0.0, ""eos_dense"": 0.0, ""hybrid_minmax_blend_a050"": 0.0, ""mxbai"": 0.0, ""qwen3"": 0.0}"	"{""bm25"": 0.0, ""eos_compact_q4_fp16_o200"": 0.3333333333333333, ""eos_dense"": 0.3333333333333333, ""hybrid_minmax_blend_a050"": 0.0, ""mxbai"": 0.6666666666666666, ""qwen3"": 0.6666666666666666}"	"{""bm25"": ""267067"", ""eos_compact_q4_fp16_o200"": ""267010"", ""eos_dense"": ""267010"", ""hybrid_minmax_blend_a050"": ""267010"", ""mxbai"": ""185282"", ""qwen3"": ""21136""}"
fiqa	1393	6	False	True	True	True	"{""bm25"": 14, ""eos_compact_q4_fp16_o200"": 4, ""eos_dense"": 4, ""hybrid_minmax_blend_a050"": 11, ""mxbai"": 1, ""qwen3"": 1}"	"{""bm25"": 0.0, ""eos_compact_q4_fp16_o200"": 0.13032376591037065, ""eos_dense"": 0.13032376591037065, ""hybrid_minmax_blend_a050"": 0.0, ""mxbai"": 0.6238470455881187, ""qwen3"": 0.5943907508440193}"	"{""bm25"": 0.5, ""eos_compact_q4_fp16_o200"": 0.3333333333333333, ""eos_dense"": 0.3333333333333333, ""hybrid_minmax_blend_a050"": 0.5, ""mxbai"": 0.6666666666666666, ""qwen3"": 0.6666666666666666}"	"{""bm25"": ""234436"", ""eos_compact_q4_fp16_o200"": ""524788"", ""eos_dense"": ""524788"", ""hybrid_minmax_blend_a050"": ""586026"", ""mxbai"": ""220022"", ""qwen3"": ""220022""}"
fiqa	1415	4	False	True	True	False	"{""bm25"": 1, ""eos_compact_q4_fp16_o200"": 2, ""eos_dense"": 2, ""hybrid_minmax_blend_a050"": 1, ""mxbai"": 1, ""qwen3"": 1}"	"{""bm25"": 1.0, ""eos_compact_q4_fp16_o200"": 0.7486761295186739, ""eos_dense"": 0.7486761295186739, ""hybrid_minmax_blend_a050"": 0.9558295932317544, ""mxbai"": 1.0, ""qwen3"": 0.8932547230000344}"	"{""bm25"": 1.0, ""eos_compact_q4_fp16_o200"": 1.0, ""eos_dense"": 1.0, ""hybrid_minmax_blend_a050"": 1.0, ""mxbai"": 1.0, ""qwen3"": 1.0}"	"{""bm25"": ""393953"", ""eos_compact_q4_fp16_o200"": ""472824"", ""eos_dense"": ""472824"", ""hybrid_minmax_blend_a050"": ""393953"", ""mxbai"": ""387165"", ""qwen3"": ""393953""}"
fiqa	1416	1	True	False	False	True	"{""bm25"": 0, ""eos_compact_q4_fp16_o200"": 82, ""eos_dense"": 82, ""hybrid_minmax_blend_a050"": 0, ""mxbai"": 65, ""qwen3"": 14}"	"{""bm25"": 0.0, ""eos_compact_q4_fp16_o200"": 0.0, ""eos_dense"": 0.0, ""hybrid_minmax_blend_a050"": 0.0, ""mxbai"": 0.0, ""qwen3"": 0.0}"	"{""bm25"": 0.0, ""eos_compact_q4_fp16_o200"": 1.0, ""eos_dense"": 1.0, ""hybrid_minmax_blend_a050"": 0.0, ""mxbai"": 1.0, ""qwen3"": 1.0}"	"{""bm25"": ""192083"", ""eos_compact_q4_fp16_o200"": ""360773"", ""eos_dense"": ""360773"", ""hybrid_minmax_blend_a050"": ""360773"", ""mxbai"": ""430728"", ""qwen3"": ""430728""}"
fiqa	1441	4	True	True	True	False	"{""bm25"": 1, ""eos_compact_q4_fp16_o200"": 36, ""eos_dense"": 36, ""hybrid_minmax_blend_a050"": 4, ""mxbai"": 1, ""qwen3"": 1}"	"{""bm25"": 0.8421423592553553, ""eos_compact_q4_fp16_o200"": 0.0, ""eos_dense"": 0.0, ""hybrid_minmax_blend_a050"": 0.16812753627111748, ""mxbai"": 0.9828920819566879, ""qwen3"": 1.0}"	"{""bm25"": 1.0, ""eos_compact_q4_fp16_o200"": 0.5, ""eos_dense"": 0.5, ""hybrid_minmax_blend_a050"": 1.0, ""mxbai"": 1.0, ""qwen3"": 1.0}"	"{""bm25"": ""178"", ""eos_compact_q4_fp16_o200"": ""138575"", ""eos_dense"": ""138575"", ""hybrid_minmax_blend_a050"": ""106863"", ""mxbai"": ""178"", ""qwen3"": ""471123""}"
fiqa	1451	1	True	True	False	False	"{""bm25"": 4, ""eos_compact_q4_fp16_o200"": 0, ""eos_dense"": 0, ""hybrid_minmax_blend_a050"": 6, ""mxbai"": 6, ""qwen3"": 3}"	"{""bm25"": 0.43067655807339306, ""eos_compact_q4_fp16_o200"": 0.0, ""eos_dense"": 0.0, ""hybrid_minmax_blend_a050"": 0.3562071871080222, ""mxbai"": 0.3562071871080222, ""qwen3"": 0.5}"	"{""bm25"": 1.0, ""eos_compact_q4_fp16_o200"": 0.0, ""eos_dense"": 0.0, ""hybrid_minmax_blend_a050"": 1.0, ""mxbai"": 1.0, ""qwen3"": 1.0}"	"{""bm25"": ""147816"", ""eos_compact_q4_fp16_o200"": ""477683"", ""eos_dense"": ""477683"", ""hybrid_minmax_blend_a050"": ""477683"", ""mxbai"": ""457702"", ""qwen3"": ""133586""}"
fiqa	1469	1	True	True	False	False	"{""bm25"": 1, ""eos_compact_q4_fp16_o200"": 0, ""eos_dense"": 0, ""hybrid_minmax_blend_a050"": 2, ""mxbai"": 6, ""qwen3"": 1}"	"{""bm25"": 1.0, ""eos_compact_q4_fp16_o200"": 0.0, ""eos_dense"": 0.0, ""hybrid_minmax_blend_a050"": 0.6309297535714574, ""mxbai"": 0.3562071871080222, ""qwen3"": 1.0}"	"{""bm25"": 1.0, ""eos_compact_q4_fp16_o200"": 0.0, ""eos_dense"": 0.0, ""hybrid_minmax_blend_a050"": 1.0, ""mxbai"": 1.0, ""qwen3"": 1.0}"	"{""bm25"": ""444589"", ""eos_compact_q4_fp16_o200"": ""130200"", ""eos_dense"": ""130200"", ""hybrid_minmax_blend_a050"": ""130200"", ""mxbai"": ""97688"", ""qwen3"": ""444589""}"
fiqa	1530	3	True	True	True	True	"{""bm25"": 39, ""eos_compact_q4_fp16_o200"": 0, ""eos_dense"": 0, ""hybrid_minmax_blend_a050"": 89, ""mxbai"": 1, ""qwen3"": 1}"	"{""bm25"": 0.0, ""eos_compact_q4_fp16_o200"": 0.0, ""eos_dense"": 0.0, ""hybrid_minmax_blend_a050"": 0.0, ""mxbai"": 0.625704968030342, ""qwen3"": 0.9060254355346824}"	"{""bm25"": 0.3333333333333333, ""eos_compact_q4_fp16_o200"": 0.0, ""eos_dense"": 0.0, ""hybrid_minmax_blend_a050"": 0.3333333333333333, ""mxbai"": 1.0, ""qwen3"": 1.0}"	"{""bm25"": ""516548"", ""eos_compact_q4_fp16_o200"": ""257168"", ""eos_dense"": ""257168"", ""hybrid_minmax_blend_a050"": ""516548"", ""mxbai"": ""219425"", ""qwen3"": ""219425""}"
fiqa	1670	3	True	True	False	False	"{""bm25"": 1, ""eos_compact_q4_fp16_o200"": 36, ""eos_dense"": 36, ""hybrid_minmax_blend_a050"": 1, ""mxbai"": 2, ""qwen3"": 1}"	"{""bm25"": 0.7653606369886218, ""eos_compact_q4_fp16_o200"": 0.0, ""eos_dense"": 0.0, ""hybrid_minmax_blend_a050"": 0.625704968030342, ""mxbai"": 0.5307212739772434, ""qwen3"": 0.7653606369886218}"	"{""bm25"": 0.6666666666666666, ""eos_compact_q4_fp16_o200"": 0.3333333333333333, ""eos_dense"": 0.3333333333333333, ""hybrid_minmax_blend_a050"": 0.6666666666666666, ""mxbai"": 1.0, ""qwen3"": 0.6666666666666666}"	"{""bm25"": ""493792"", ""eos_compact_q4_fp16_o200"": ""523856"", ""eos_dense"": ""523856"", ""hybrid_minmax_blend_a050"": ""493792"", ""mxbai"": ""243232"", ""qwen3"": ""393898""}"
fiqa	1676	4	False	True	False	False	"{""bm25"": 3, ""eos_compact_q4_fp16_o200"": 3, ""eos_dense"": 3, ""hybrid_minmax_blend_a050"": 3, ""mxbai"": 1, ""qwen3"": 4}"	"{""bm25"": 0.45176230926325367, ""eos_compact_q4_fp16_o200"": 0.19519002499605087, ""eos_dense"": 0.19519002499605087, ""hybrid_minmax_blend_a050"": 0.3080351663449862, ""mxbai"": 0.7030861797445798, ""qwen3"": 0.4492738378296233}"	"{""bm25"": 1.0, ""eos_compact_q4_fp16_o200"": 1.0, ""eos_dense"": 1.0, ""hybrid_minmax_blend_a050"": 1.0, ""mxbai"": 1.0, ""qwen3"": 1.0}"	"{""bm25"": ""232544"", ""eos_compact_q4_fp16_o200"": ""586026"", ""eos_dense"": ""586026"", ""hybrid_minmax_blend_a050"": ""232544"", ""mxbai"": ""234436"", ""qwen3"": ""194899""}"
fiqa	1736	5	True	True	True	False	"{""bm25"": 9, ""eos_compact_q4_fp16_o200"": 0, ""eos_dense"": 0, ""hybrid_minmax_blend_a050"": 17, ""mxbai"": 1, ""qwen3"": 1}"	"{""bm25"": 0.10209739512291165, ""eos_compact_q4_fp16_o200"": 0.0, ""eos_dense"": 0.0, ""hybrid_minmax_blend_a050"": 0.0, ""mxbai"": 0.47036528278595796, ""qwen3"": 0.4852285551163227}"	"{""bm25"": 0.4, ""eos_compact_q4_fp16_o200"": 0.0, ""eos_dense"": 0.0, ""hybrid_minmax_blend_a050"": 0.4, ""mxbai"": 0.8, ""qwen3"": 0.8}"	"{""bm25"": ""569056"", ""eos_compact_q4_fp16_o200"": ""508510"", ""eos_dense"": ""508510"", ""hybrid_minmax_blend_a050"": ""569056"", ""mxbai"": ""562896"", ""qwen3"": ""399406""}"
fiqa	1748	3	True	True	True	True	"{""bm25"": 1, ""eos_compact_q4_fp16_o200"": 71, ""eos_dense"": 71, ""hybrid_minmax_blend_a050"": 1, ""mxbai"": 1, ""qwen3"": 1}"	"{""bm25"": 0.46927872602275655, ""eos_compact_q4_fp16_o200"": 0.0, ""eos_dense"": 0.0, ""hybrid_minmax_blend_a050"": 0.46927872602275655, ""mxbai"": 0.8854598815714875, ""qwen3"": 0.625704968030342}"	"{""bm25"": 0.6666666666666666, ""eos_compact_q4_fp16_o200"": 0.3333333333333333, ""eos_dense"": 0.3333333333333333, ""hybrid_minmax_blend_a050"": 0.3333333333333333, ""mxbai"": 1.0, ""qwen3"": 1.0}"	"{""bm25"": ""18001"", ""eos_compact_q4_fp16_o200"": ""439899"", ""eos_dense"": ""439899"", ""hybrid_minmax_blend_a050"": ""18001"", ""mxbai"": ""18001"", ""qwen3"": ""18001""}"
fiqa	1783	1	True	False	False	True	"{""bm25"": 0, ""eos_compact_q4_fp16_o200"": 0, ""eos_dense"": 0, ""hybrid_minmax_blend_a050"": 0, ""mxbai"": 0, ""qwen3"": 0}"	"{""bm25"": 0.0, ""eos_compact_q4_fp16_o200"": 0.0, ""eos_dense"": 0.0, ""hybrid_minmax_blend_a050"": 0.0, ""mxbai"": 0.0, ""qwen3"": 0.0}"	"{""bm25"": 0.0, ""eos_compact_q4_fp16_o200"": 0.0, ""eos_dense"": 0.0, ""hybrid_minmax_blend_a050"": 0.0, ""mxbai"": 0.0, ""qwen3"": 0.0}"	"{""bm25"": ""445298"", ""eos_compact_q4_fp16_o200"": ""156063"", ""eos_dense"": ""156063"", ""hybrid_minmax_blend_a050"": ""14609"", ""mxbai"": ""421924"", ""qwen3"": ""421924""}"
fiqa	1812	2	False	False	False	False	"{""bm25"": 2, ""eos_compact_q4_fp16_o200"": 8, ""eos_dense"": 8, ""hybrid_minmax_blend_a050"": 2, ""mxbai"": 13, ""qwen3"": 43}"	"{""bm25"": 0.38685280723454163, ""eos_compact_q4_fp16_o200"": 0.19342640361727081, ""eos_dense"": 0.19342640361727081, ""hybrid_minmax_blend_a050"": 0.38685280723454163, ""mxbai"": 0.0, ""qwen3"": 0.0}"	"{""bm25"": 0.5, ""eos_compact_q4_fp16_o200"": 0.5, ""eos_dense"": 0.5, ""hybrid_minmax_blend_a050"": 0.5, ""mxbai"": 1.0, ""qwen3"": 1.0}"	"{""bm25"": ""159590"", ""eos_compact_q4_fp16_o200"": ""60163"", ""eos_dense"": ""60163"", ""hybrid_minmax_blend_a050"": ""159590"", ""mxbai"": ""111454"", ""qwen3"": ""544663""}"
fiqa	1815	1	True	True	True	True	"{""bm25"": 4, ""eos_compact_q4_fp16_o200"": 67, ""eos_dense"": 67, ""hybrid_minmax_blend_a050"": 12, ""mxbai"": 1, ""qwen3"": 1}"	"{""bm25"": 0.43067655807339306, ""eos_compact_q4_fp16_o200"": 0.0, ""eos_dense"": 0.0, ""hybrid_minmax_blend_a050"": 0.0, ""mxbai"": 1.0, ""qwen3"": 1.0}"	"{""bm25"": 1.0, ""eos_compact_q4_fp16_o200"": 1.0, ""eos_dense"": 1.0, ""hybrid_minmax_blend_a050"": 1.0, ""mxbai"": 1.0, ""qwen3"": 1.0}"	"{""bm25"": ""308255"", ""eos_compact_q4_fp16_o200"": ""504317"", ""eos_dense"": ""504317"", ""hybrid_minmax_blend_a050"": ""308255"", ""mxbai"": ""446928"", ""qwen3"": ""446928""}"
fiqa	1819	6	True	True	True	True	"{""bm25"": 0, ""eos_compact_q4_fp16_o200"": 22, ""eos_dense"": 22, ""hybrid_minmax_blend_a050"": 56, ""mxbai"": 1, ""qwen3"": 1}"	"{""bm25"": 0.0, ""eos_compact_q4_fp16_o200"": 0.0, ""eos_dense"": 0.0, ""hybrid_minmax_blend_a050"": 0.0, ""mxbai"": 0.3026024134988135, ""qwen3"": 0.3026024134988135}"	"{""bm25"": 0.0, ""eos_compact_q4_fp16_o200"": 0.3333333333333333, ""eos_dense"": 0.3333333333333333, ""hybrid_minmax_blend_a050"": 0.3333333333333333, ""mxbai"": 1.0, ""qwen3"": 0.6666666666666666}"	"{""bm25"": ""445739"", ""eos_compact_q4_fp16_o200"": ""12924"", ""eos_dense"": ""12924"", ""hybrid_minmax_blend_a050"": ""567193"", ""mxbai"": ""250285"", ""qwen3"": ""250285""}"
fiqa	1824	1	True	True	False	False	"{""bm25"": 0, ""eos_compact_q4_fp16_o200"": 0, ""eos_dense"": 0, ""hybrid_minmax_blend_a050"": 0, ""mxbai"": 3, ""qwen3"": 1}"	"{""bm25"": 0.0, ""eos_compact_q4_fp16_o200"": 0.0, ""eos_dense"": 0.0, ""hybrid_minmax_blend_a050"": 0.0, ""mxbai"": 0.5, ""qwen3"": 1.0}"	"{""bm25"": 0.0, ""eos_compact_q4_fp16_o200"": 0.0, ""eos_dense"": 0.0, ""hybrid_minmax_blend_a050"": 0.0, ""mxbai"": 1.0, ""qwen3"": 1.0}"	"{""bm25"": ""43217"", ""eos_compact_q4_fp16_o200"": ""75195"", ""eos_dense"": ""75195"", ""hybrid_minmax_blend_a050"": ""75195"", ""mxbai"": ""101748"", ""qwen3"": ""244808""}"
fiqa	1826	4	False	True	True	True	"{""bm25"": 1, ""eos_compact_q4_fp16_o200"": 1, ""eos_dense"": 1, ""hybrid_minmax_blend_a050"": 1, ""mxbai"": 1, ""qwen3"": 1}"	"{""bm25"": 0.9550236580992476, ""eos_compact_q4_fp16_o200"": 0.39038004999210174, ""eos_dense"": 0.39038004999210174, ""hybrid_minmax_blend_a050"": 0.5078961547485289, ""mxbai"": 1.0, ""qwen3"": 0.8318724637288826}"	"{""bm25"": 1.0, ""eos_compact_q4_fp16_o200"": 0.5, ""eos_dense"": 0.5, ""hybrid_minmax_blend_a050"": 1.0, ""mxbai"": 1.0, ""qwen3"": 1.0}"	"{""bm25"": ""401731"", ""eos_compact_q4_fp16_o200"": ""401731"", ""eos_dense"": ""401731"", ""hybrid_minmax_blend_a050"": ""401731"", ""mxbai"": ""401731"", ""qwen3"": ""401731""}"
fiqa	1832	1	True	True	False	False	"{""bm25"": 1, ""eos_compact_q4_fp16_o200"": 0, ""eos_dense"": 0, ""hybrid_minmax_blend_a050"": 6, ""mxbai"": 7, ""qwen3"": 5}"	"{""bm25"": 1.0, ""eos_compact_q4_fp16_o200"": 0.0, ""eos_dense"": 0.0, ""hybrid_minmax_blend_a050"": 0.3562071871080222, ""mxbai"": 0.3333333333333333, ""qwen3"": 0.38685280723454163}"	"{""bm25"": 1.0, ""eos_compact_q4_fp16_o200"": 0.0, ""eos_dense"": 0.0, ""hybrid_minmax_blend_a050"": 1.0, ""mxbai"": 1.0, ""qwen3"": 1.0}"	"{""bm25"": ""590276"", ""eos_compact_q4_fp16_o200"": ""599157"", ""eos_dense"": ""599157"", ""hybrid_minmax_blend_a050"": ""599157"", ""mxbai"": ""411084"", ""qwen3"": ""209843""}"
fiqa	1871	4	False	True	False	False	"{""bm25"": 5, ""eos_compact_q4_fp16_o200"": 10, ""eos_dense"": 10, ""hybrid_minmax_blend_a050"": 2, ""mxbai"": 1, ""qwen3"": 2}"	"{""bm25"": 0.15101961822780527, ""eos_compact_q4_fp16_o200"": 0.11284514134893528, ""eos_dense"": 0.11284514134893528, ""hybrid_minmax_blend_a050"": 0.24630238874073, ""mxbai"": 0.8318724637288826, ""qwen3"": 0.44149241373678083}"	"{""bm25"": 1.0, ""eos_compact_q4_fp16_o200"": 0.25, ""eos_dense"": 0.25, ""hybrid_minmax_blend_a050"": 0.5, ""mxbai"": 1.0, ""qwen3"": 0.75}"	"{""bm25"": ""323389"", ""eos_compact_q4_fp16_o200"": ""323389"", ""eos_dense"": ""323389"", ""hybrid_minmax_blend_a050"": ""323389"", ""mxbai"": ""175524"", ""qwen3"": ""171084""}"
fiqa	1877	1	False	True	True	True	"{""bm25"": 1, ""eos_compact_q4_fp16_o200"": 1, ""eos_dense"": 1, ""hybrid_minmax_blend_a050"": 1, ""mxbai"": 1, ""qwen3"": 1}"	"{""bm25"": 1.0, ""eos_compact_q4_fp16_o200"": 1.0, ""eos_dense"": 1.0, ""hybrid_minmax_blend_a050"": 1.0, ""mxbai"": 1.0, ""qwen3"": 1.0}"	"{""bm25"": 1.0, ""eos_compact_q4_fp16_o200"": 1.0, ""eos_dense"": 1.0, ""hybrid_minmax_blend_a050"": 1.0, ""mxbai"": 1.0, ""qwen3"": 1.0}"	"{""bm25"": ""178697"", ""eos_compact_q4_fp16_o200"": ""178697"", ""eos_dense"": ""178697"", ""hybrid_minmax_blend_a050"": ""178697"", ""mxbai"": ""178697"", ""qwen3"": ""178697""}"
fiqa	1889	1	True	False	False	False	"{""bm25"": 0, ""eos_compact_q4_fp16_o200"": 0, ""eos_dense"": 0, ""hybrid_minmax_blend_a050"": 0, ""mxbai"": 0, ""qwen3"": 0}"	"{""bm25"": 0.0, ""eos_compact_q4_fp16_o200"": 0.0, ""eos_dense"": 0.0, ""hybrid_minmax_blend_a050"": 0.0, ""mxbai"": 0.0, ""qwen3"": 0.0}"	"{""bm25"": 0.0, ""eos_compact_q4_fp16_o200"": 0.0, ""eos_dense"": 0.0, ""hybrid_minmax_blend_a050"": 0.0, ""mxbai"": 0.0, ""qwen3"": 0.0}"	"{""bm25"": ""146389"", ""eos_compact_q4_fp16_o200"": ""100533"", ""eos_dense"": ""100533"", ""hybrid_minmax_blend_a050"": ""81622"", ""mxbai"": ""145892"", ""qwen3"": ""584074""}"
fiqa	1915	2	True	True	True	True	"{""bm25"": 2, ""eos_compact_q4_fp16_o200"": 0, ""eos_dense"": 0, ""hybrid_minmax_blend_a050"": 4, ""mxbai"": 1, ""qwen3"": 1}"	"{""bm25"": 0.38685280723454163, ""eos_compact_q4_fp16_o200"": 0.0, ""eos_dense"": 0.0, ""hybrid_minmax_blend_a050"": 0.2640681225725909, ""mxbai"": 1.0, ""qwen3"": 1.0}"	"{""bm25"": 0.5, ""eos_compact_q4_fp16_o200"": 0.0, ""eos_dense"": 0.0, ""hybrid_minmax_blend_a050"": 0.5, ""mxbai"": 1.0, ""qwen3"": 1.0}"	"{""bm25"": ""303851"", ""eos_compact_q4_fp16_o200"": ""368242"", ""eos_dense"": ""368242"", ""hybrid_minmax_blend_a050"": ""368242"", ""mxbai"": ""433801"", ""qwen3"": ""433801""}"
fiqa	1920	1	True	False	False	False	"{""bm25"": 0, ""eos_compact_q4_fp16_o200"": 0, ""eos_dense"": 0, ""hybrid_minmax_blend_a050"": 0, ""mxbai"": 50, ""qwen3"": 39}"	"{""bm25"": 0.0, ""eos_compact_q4_fp16_o200"": 0.0, ""eos_dense"": 0.0, ""hybrid_minmax_blend_a050"": 0.0, ""mxbai"": 0.0, ""qwen3"": 0.0}"	"{""bm25"": 0.0, ""eos_compact_q4_fp16_o200"": 0.0, ""eos_dense"": 0.0, ""hybrid_minmax_blend_a050"": 0.0, ""mxbai"": 1.0, ""qwen3"": 1.0}"	"{""bm25"": ""361974"", ""eos_compact_q4_fp16_o200"": ""239030"", ""eos_dense"": ""239030"", ""hybrid_minmax_blend_a050"": ""239030"", ""mxbai"": ""585356"", ""qwen3"": ""199617""}"
fiqa	1933	1	False	True	True	True	"{""bm25"": 1, ""eos_compact_q4_fp16_o200"": 1, ""eos_dense"": 1, ""hybrid_minmax_blend_a050"": 1, ""mxbai"": 1, ""qwen3"": 1}"	"{""bm25"": 1.0, ""eos_compact_q4_fp16_o200"": 1.0, ""eos_dense"": 1.0, ""hybrid_minmax_blend_a050"": 1.0, ""mxbai"": 1.0, ""qwen3"": 1.0}"	"{""bm25"": 1.0, ""eos_compact_q4_fp16_o200"": 1.0, ""eos_dense"": 1.0, ""hybrid_minmax_blend_a050"": 1.0, ""mxbai"": 1.0, ""qwen3"": 1.0}"	"{""bm25"": ""183612"", ""eos_compact_q4_fp16_o200"": ""183612"", ""eos_dense"": ""183612"", ""hybrid_minmax_blend_a050"": ""183612"", ""mxbai"": ""183612"", ""qwen3"": ""183612""}"
fiqa	1948	1	True	True	False	False	"{""bm25"": 0, ""eos_compact_q4_fp16_o200"": 0, ""eos_dense"": 0, ""hybrid_minmax_blend_a050"": 0, ""mxbai"": 1, ""qwen3"": 2}"	"{""bm25"": 0.0, ""eos_compact_q4_fp16_o200"": 0.0, ""eos_dense"": 0.0, ""hybrid_minmax_blend_a050"": 0.0, ""mxbai"": 1.0, ""qwen3"": 0.6309297535714574}"	"{""bm25"": 0.0, ""eos_compact_q4_fp16_o200"": 0.0, ""eos_dense"": 0.0, ""hybrid_minmax_blend_a050"": 0.0, ""mxbai"": 1.0, ""qwen3"": 1.0}"	"{""bm25"": ""90507"", ""eos_compact_q4_fp16_o200"": ""58271"", ""eos_dense"": ""58271"", ""hybrid_minmax_blend_a050"": ""58271"", ""mxbai"": ""467509"", ""qwen3"": ""229546""}"
fiqa	1994	5	True	False	False	True	"{""bm25"": 10, ""eos_compact_q4_fp16_o200"": 0, ""eos_dense"": 0, ""hybrid_minmax_blend_a050"": 24, ""mxbai"": 2, ""qwen3"": 11}"	"{""bm25"": 0.09803928583135706, ""eos_compact_q4_fp16_o200"": 0.0, ""eos_dense"": 0.0, ""hybrid_minmax_blend_a050"": 0.0, ""mxbai"": 0.36005461457723403, ""qwen3"": 0.0}"	"{""bm25"": 0.4, ""eos_compact_q4_fp16_o200"": 0.0, ""eos_dense"": 0.0, ""hybrid_minmax_blend_a050"": 0.4, ""mxbai"": 0.8, ""qwen3"": 0.8}"	"{""bm25"": ""231990"", ""eos_compact_q4_fp16_o200"": ""236122"", ""eos_dense"": ""236122"", ""hybrid_minmax_blend_a050"": ""236122"", ""mxbai"": ""231990"", ""qwen3"": ""231990""}"
fiqa	2010	3	False	True	True	False	"{""bm25"": 7, ""eos_compact_q4_fp16_o200"": 2, ""eos_dense"": 2, ""hybrid_minmax_blend_a050"": 2, ""mxbai"": 1, ""qwen3"": 1}"	"{""bm25"": 0.1564262420075855, ""eos_compact_q4_fp16_o200"": 0.4776237035032179, ""eos_dense"": 0.4776237035032179, ""hybrid_minmax_blend_a050"": 0.6340499455108034, ""mxbai"": 0.8854598815714875, ""qwen3"": 0.9469024295259745}"	"{""bm25"": 1.0, ""eos_compact_q4_fp16_o200"": 1.0, ""eos_dense"": 1.0, ""hybrid_minmax_blend_a050"": 1.0, ""mxbai"": 1.0, ""qwen3"": 1.0}"	"{""bm25"": ""161667"", ""eos_compact_q4_fp16_o200"": ""589023"", ""eos_dense"": ""589023"", ""hybrid_minmax_blend_a050"": ""161667"", ""mxbai"": ""233877"", ""qwen3"": ""174034""}"
fiqa	2051	1	True	False	False	False	"{""bm25"": 0, ""eos_compact_q4_fp16_o200"": 0, ""eos_dense"": 0, ""hybrid_minmax_blend_a050"": 0, ""mxbai"": 13, ""qwen3"": 14}"	"{""bm25"": 0.0, ""eos_compact_q4_fp16_o200"": 0.0, ""eos_dense"": 0.0, ""hybrid_minmax_blend_a050"": 0.0, ""mxbai"": 0.0, ""qwen3"": 0.0}"	"{""bm25"": 0.0, ""eos_compact_q4_fp16_o200"": 0.0, ""eos_dense"": 0.0, ""hybrid_minmax_blend_a050"": 0.0, ""mxbai"": 1.0, ""qwen3"": 1.0}"	"{""bm25"": ""112223"", ""eos_compact_q4_fp16_o200"": ""388585"", ""eos_dense"": ""388585"", ""hybrid_minmax_blend_a050"": ""270992"", ""mxbai"": ""341192"", ""qwen3"": ""69915""}"
fiqa	2070	3	True	False	False	False	"{""bm25"": 3, ""eos_compact_q4_fp16_o200"": 68, ""eos_dense"": 68, ""hybrid_minmax_blend_a050"": 8, ""mxbai"": 17, ""qwen3"": 8}"	"{""bm25"": 0.23463936301137828, ""eos_compact_q4_fp16_o200"": 0.0, ""eos_dense"": 0.0, ""hybrid_minmax_blend_a050"": 0.14804095548293264, ""mxbai"": 0.0, ""qwen3"": 0.14804095548293264}"	"{""bm25"": 0.3333333333333333, ""eos_compact_q4_fp16_o200"": 0.3333333333333333, ""eos_dense"": 0.3333333333333333, ""hybrid_minmax_blend_a050"": 0.3333333333333333, ""mxbai"": 0.6666666666666666, ""qwen3"": 0.6666666666666666}"	"{""bm25"": ""48866"", ""eos_compact_q4_fp16_o200"": ""219673"", ""eos_dense"": ""219673"", ""hybrid_minmax_blend_a050"": ""18749"", ""mxbai"": ""578357"", ""qwen3"": ""597571""}"
fiqa	2075	9	True	True	True	False	"{""bm25"": 0, ""eos_compact_q4_fp16_o200"": 0, ""eos_dense"": 0, ""hybrid_minmax_blend_a050"": 0, ""mxbai"": 1, ""qwen3"": 1}"	"{""bm25"": 0.0, ""eos_compact_q4_fp16_o200"": 0.0, ""eos_dense"": 0.0, ""hybrid_minmax_blend_a050"": 0.0, ""mxbai"": 0.5388213569579102, ""qwen3"": 0.591793585310856}"	"{""bm25"": 0.0, ""eos_compact_q4_fp16_o200"": 0.0, ""eos_dense"": 0.0, ""hybrid_minmax_blend_a050"": 0.0, ""mxbai"": 0.7777777777777778, ""qwen3"": 0.6666666666666666}"	"{""bm25"": ""464810"", ""eos_compact_q4_fp16_o200"": ""480910"", ""eos_dense"": ""480910"", ""hybrid_minmax_blend_a050"": ""464810"", ""mxbai"": ""523393"", ""qwen3"": ""44417""}"
fiqa	2076	2	True	True	True	True	"{""bm25"": 0, ""eos_compact_q4_fp16_o200"": 0, ""eos_dense"": 0, ""hybrid_minmax_blend_a050"": 0, ""mxbai"": 1, ""qwen3"": 1}"	"{""bm25"": 0.0, ""eos_compact_q4_fp16_o200"": 0.0, ""eos_dense"": 0.0, ""hybrid_minmax_blend_a050"": 0.0, ""mxbai"": 1.0, ""qwen3"": 1.0}"	"{""bm25"": 0.0, ""eos_compact_q4_fp16_o200"": 0.0, ""eos_dense"": 0.0, ""hybrid_minmax_blend_a050"": 0.0, ""mxbai"": 1.0, ""qwen3"": 1.0}"	"{""bm25"": ""518624"", ""eos_compact_q4_fp16_o200"": ""409980"", ""eos_dense"": ""409980"", ""hybrid_minmax_blend_a050"": ""409980"", ""mxbai"": ""278824"", ""qwen3"": ""278824""}"
fiqa	2088	2	True	False	False	False	"{""bm25"": 0, ""eos_compact_q4_fp16_o200"": 0, ""eos_dense"": 0, ""hybrid_minmax_blend_a050"": 0, ""mxbai"": 65, ""qwen3"": 30}"	"{""bm25"": 0.0, ""eos_compact_q4_fp16_o200"": 0.0, ""eos_dense"": 0.0, ""hybrid_minmax_blend_a050"": 0.0, ""mxbai"": 0.0, ""qwen3"": 0.0}"	"{""bm25"": 0.0, ""eos_compact_q4_fp16_o200"": 0.0, ""eos_dense"": 0.0, ""hybrid_minmax_blend_a050"": 0.0, ""mxbai"": 0.5, ""qwen3"": 1.0}"	"{""bm25"": ""410404"", ""eos_compact_q4_fp16_o200"": ""488207"", ""eos_dense"": ""488207"", ""hybrid_minmax_blend_a050"": ""488207"", ""mxbai"": ""581127"", ""qwen3"": ""293687""}"
fiqa	2108	3	True	True	False	False	"{""bm25"": 0, ""eos_compact_q4_fp16_o200"": 78, ""eos_dense"": 78, ""hybrid_minmax_blend_a050"": 0, ""mxbai"": 3, ""qwen3"": 2}"	"{""bm25"": 0.0, ""eos_compact_q4_fp16_o200"": 0.0, ""eos_dense"": 0.0, ""hybrid_minmax_blend_a050"": 0.0, ""mxbai"": 0.3826803184943109, ""qwen3"": 0.2960819109658653}"	"{""bm25"": 0.0, ""eos_compact_q4_fp16_o200"": 0.3333333333333333, ""eos_dense"": 0.3333333333333333, ""hybrid_minmax_blend_a050"": 0.0, ""mxbai"": 1.0, ""qwen3"": 1.0}"	"{""bm25"": ""509075"", ""eos_compact_q4_fp16_o200"": ""186029"", ""eos_dense"": ""186029"", ""hybrid_minmax_blend_a050"": ""509075"", ""mxbai"": ""191643"", ""qwen3"": ""237039""}"
fiqa	2118	1	True	False	False	False	"{""bm25"": 0, ""eos_compact_q4_fp16_o200"": 0, ""eos_dense"": 0, ""hybrid_minmax_blend_a050"": 0, ""mxbai"": 1, ""qwen3"": 34}"	"{""bm25"": 0.0, ""eos_compact_q4_fp16_o200"": 0.0, ""eos_dense"": 0.0, ""hybrid_minmax_blend_a050"": 0.0, ""mxbai"": 1.0, ""qwen3"": 0.0}"	"{""bm25"": 0.0, ""eos_compact_q4_fp16_o200"": 0.0, ""eos_dense"": 0.0, ""hybrid_minmax_blend_a050"": 0.0, ""mxbai"": 1.0, ""qwen3"": 1.0}"	"{""bm25"": ""150543"", ""eos_compact_q4_fp16_o200"": ""331700"", ""eos_dense"": ""331700"", ""hybrid_minmax_blend_a050"": ""331700"", ""mxbai"": ""411061"", ""qwen3"": ""179245""}"
fiqa	2154	1	True	False	False	False	"{""bm25"": 1, ""eos_compact_q4_fp16_o200"": 0, ""eos_dense"": 0, ""hybrid_minmax_blend_a050"": 2, ""mxbai"": 2, ""qwen3"": 11}"	"{""bm25"": 1.0, ""eos_compact_q4_fp16_o200"": 0.0, ""eos_dense"": 0.0, ""hybrid_minmax_blend_a050"": 0.6309297535714574, ""mxbai"": 0.6309297535714574, ""qwen3"": 0.0}"	"{""bm25"": 1.0, ""eos_compact_q4_fp16_o200"": 0.0, ""eos_dense"": 0.0, ""hybrid_minmax_blend_a050"": 1.0, ""mxbai"": 1.0, ""qwen3"": 1.0}"	"{""bm25"": ""476632"", ""eos_compact_q4_fp16_o200"": ""244104"", ""eos_dense"": ""244104"", ""hybrid_minmax_blend_a050"": ""244104"", ""mxbai"": ""171856"", ""qwen3"": ""287398""}"
fiqa	2181	2	True	False	False	False	"{""bm25"": 0, ""eos_compact_q4_fp16_o200"": 0, ""eos_dense"": 0, ""hybrid_minmax_blend_a050"": 0, ""mxbai"": 26, ""qwen3"": 17}"	"{""bm25"": 0.0, ""eos_compact_q4_fp16_o200"": 0.0, ""eos_dense"": 0.0, ""hybrid_minmax_blend_a050"": 0.0, ""mxbai"": 0.0, ""qwen3"": 0.0}"	"{""bm25"": 0.0, ""eos_compact_q4_fp16_o200"": 0.0, ""eos_dense"": 0.0, ""hybrid_minmax_blend_a050"": 0.0, ""mxbai"": 0.5, ""qwen3"": 1.0}"	"{""bm25"": ""37725"", ""eos_compact_q4_fp16_o200"": ""37725"", ""eos_dense"": ""37725"", ""hybrid_minmax_blend_a050"": ""37725"", ""mxbai"": ""37725"", ""qwen3"": ""392124""}"
fiqa	2183	6	True	True	True	True	"{""bm25"": 1, ""eos_compact_q4_fp16_o200"": 39, ""eos_dense"": 39, ""hybrid_minmax_blend_a050"": 2, ""mxbai"": 1, ""qwen3"": 1}"	"{""bm25"": 0.3936948167222716, ""eos_compact_q4_fp16_o200"": 0.0, ""eos_dense"": 0.0, ""hybrid_minmax_blend_a050"": 0.19092086617893464, ""mxbai"": 0.7402849195166222, ""qwen3"": 0.7402849195166222}"	"{""bm25"": 0.5, ""eos_compact_q4_fp16_o200"": 0.16666666666666666, ""eos_dense"": 0.16666666666666666, ""hybrid_minmax_blend_a050"": 0.5, ""mxbai"": 1.0, ""qwen3"": 1.0}"	"{""bm25"": ""132678"", ""eos_compact_q4_fp16_o200"": ""292224"", ""eos_dense"": ""292224"", ""hybrid_minmax_blend_a050"": ""292224"", ""mxbai"": ""24344"", ""qwen3"": ""24344""}"
fiqa	2204	8	True	True	True	False	"{""bm25"": 1, ""eos_compact_q4_fp16_o200"": 0, ""eos_dense"": 0, ""hybrid_minmax_blend_a050"": 2, ""mxbai"": 1, ""qwen3"": 1}"	"{""bm25"": 0.539003131276382, ""eos_compact_q4_fp16_o200"": 0.0, ""eos_dense"": 0.0, ""hybrid_minmax_blend_a050"": 0.24968908577726404, ""mxbai"": 0.9963488021549354, ""qwen3"": 0.9090080656255759}"	"{""bm25"": 0.5, ""eos_compact_q4_fp16_o200"": 0.0, ""eos_dense"": 0.0, ""hybrid_minmax_blend_a050"": 0.375, ""mxbai"": 1.0, ""qwen3"": 1.0}"	"{""bm25"": ""4066"", ""eos_compact_q4_fp16_o200"": ""140757"", ""eos_dense"": ""140757"", ""hybrid_minmax_blend_a050"": ""140757"", ""mxbai"": ""424523"", ""qwen3"": ""374030""}"
fiqa	2264	2	True	False	False	False	"{""bm25"": 6, ""eos_compact_q4_fp16_o200"": 23, ""eos_dense"": 23, ""hybrid_minmax_blend_a050"": 8, ""mxbai"": 1, ""qwen3"": 15}"	"{""bm25"": 0.2184074368181642, ""eos_compact_q4_fp16_o200"": 0.0, ""eos_dense"": 0.0, ""hybrid_minmax_blend_a050"": 0.19342640361727081, ""mxbai"": 0.6131471927654585, ""qwen3"": 0.0}"	"{""bm25"": 0.5, ""eos_compact_q4_fp16_o200"": 0.5, ""eos_dense"": 0.5, ""hybrid_minmax_blend_a050"": 0.5, ""mxbai"": 1.0, ""qwen3"": 1.0}"	"{""bm25"": ""286321"", ""eos_compact_q4_fp16_o200"": ""55601"", ""eos_dense"": ""55601"", ""hybrid_minmax_blend_a050"": ""55601"", ""mxbai"": ""534454"", ""qwen3"": ""419245""}"
fiqa	2296	9	True	True	False	False	"{""bm25"": 3, ""eos_compact_q4_fp16_o200"": 14, ""eos_dense"": 14, ""hybrid_minmax_blend_a050"": 16, ""mxbai"": 1, ""qwen3"": 2}"	"{""bm25"": 0.1175227747072427, ""eos_compact_q4_fp16_o200"": 0.0, ""eos_dense"": 0.0, ""hybrid_minmax_blend_a050"": 0.0, ""mxbai"": 0.48804701050415283, ""qwen3"": 0.26582000527739175}"	"{""bm25"": 0.2222222222222222, ""eos_compact_q4_fp16_o200"": 0.3333333333333333, ""eos_dense"": 0.3333333333333333, ""hybrid_minmax_blend_a050"": 0.3333333333333333, ""mxbai"": 0.6666666666666666, ""qwen3"": 0.4444444444444444}"	"{""bm25"": ""198007"", ""eos_compact_q4_fp16_o200"": ""145404"", ""eos_dense"": ""145404"", ""hybrid_minmax_blend_a050"": ""572563"", ""mxbai"": ""400009"", ""qwen3"": ""10948""}"
fiqa	2306	2	True	True	False	False	"{""bm25"": 11, ""eos_compact_q4_fp16_o200"": 29, ""eos_dense"": 29, ""hybrid_minmax_blend_a050"": 14, ""mxbai"": 2, ""qwen3"": 1}"	"{""bm25"": 0.0, ""eos_compact_q4_fp16_o200"": 0.0, ""eos_dense"": 0.0, ""hybrid_minmax_blend_a050"": 0.0, ""mxbai"": 0.38685280723454163, ""qwen3"": 0.6131471927654585}"	"{""bm25"": 0.5, ""eos_compact_q4_fp16_o200"": 0.5, ""eos_dense"": 0.5, ""hybrid_minmax_blend_a050"": 0.5, ""mxbai"": 0.5, ""qwen3"": 0.5}"	"{""bm25"": ""277964"", ""eos_compact_q4_fp16_o200"": ""368806"", ""eos_dense"": ""368806"", ""hybrid_minmax_blend_a050"": ""556219"", ""mxbai"": ""596284"", ""qwen3"": ""581889""}"
fiqa	2316	2	True	True	True	True	"{""bm25"": 2, ""eos_compact_q4_fp16_o200"": 0, ""eos_dense"": 0, ""hybrid_minmax_blend_a050"": 4, ""mxbai"": 1, ""qwen3"": 1}"	"{""bm25"": 0.38685280723454163, ""eos_compact_q4_fp16_o200"": 0.0, ""eos_dense"": 0.0, ""hybrid_minmax_blend_a050"": 0.2640681225725909, ""mxbai"": 0.8315546295836226, ""qwen3"": 0.8503449055347547}"	"{""bm25"": 0.5, ""eos_compact_q4_fp16_o200"": 0.0, ""eos_dense"": 0.0, ""hybrid_minmax_blend_a050"": 0.5, ""mxbai"": 1.0, ""qwen3"": 1.0}"	"{""bm25"": ""116930"", ""eos_compact_q4_fp16_o200"": ""429746"", ""eos_dense"": ""429746"", ""hybrid_minmax_blend_a050"": ""429746"", ""mxbai"": ""482343"", ""qwen3"": ""482343""}"
fiqa	2318	1	True	True	False	False	"{""bm25"": 42, ""eos_compact_q4_fp16_o200"": 0, ""eos_dense"": 0, ""hybrid_minmax_blend_a050"": 0, ""mxbai"": 4, ""qwen3"": 2}"	"{""bm25"": 0.0, ""eos_compact_q4_fp16_o200"": 0.0, ""eos_dense"": 0.0, ""hybrid_minmax_blend_a050"": 0.0, ""mxbai"": 0.43067655807339306, ""qwen3"": 0.6309297535714574}"	"{""bm25"": 1.0, ""eos_compact_q4_fp16_o200"": 0.0, ""eos_dense"": 0.0, ""hybrid_minmax_blend_a050"": 0.0, ""mxbai"": 1.0, ""qwen3"": 1.0}"	"{""bm25"": ""78632"", ""eos_compact_q4_fp16_o200"": ""523412"", ""eos_dense"": ""523412"", ""hybrid_minmax_blend_a050"": ""44033"", ""mxbai"": ""411825"", ""qwen3"": ""78632""}"
fiqa	2330	2	True	True	True	True	"{""bm25"": 1, ""eos_compact_q4_fp16_o200"": 36, ""eos_dense"": 36, ""hybrid_minmax_blend_a050"": 1, ""mxbai"": 1, ""qwen3"": 1}"	"{""bm25"": 0.6131471927654585, ""eos_compact_q4_fp16_o200"": 0.0, ""eos_dense"": 0.0, ""hybrid_minmax_blend_a050"": 0.6131471927654585, ""mxbai"": 0.8315546295836226, ""qwen3"": 0.6131471927654585}"	"{""bm25"": 0.5, ""eos_compact_q4_fp16_o200"": 0.5, ""eos_dense"": 0.5, ""hybrid_minmax_blend_a050"": 0.5, ""mxbai"": 1.0, ""qwen3"": 1.0}"	"{""bm25"": ""478514"", ""eos_compact_q4_fp16_o200"": ""41094"", ""eos_dense"": ""41094"", ""hybrid_minmax_blend_a050"": ""478514"", ""mxbai"": ""478514"", ""qwen3"": ""478514""}"
fiqa	2334	3	False	True	True	True	"{""bm25"": 2, ""eos_compact_q4_fp16_o200"": 5, ""eos_dense"": 5, ""hybrid_minmax_blend_a050"": 1, ""mxbai"": 1, ""qwen3"": 1}"	"{""bm25"": 0.2960819109658653, ""eos_compact_q4_fp16_o200"": 0.1815417925373527, ""eos_dense"": 0.1815417925373527, ""hybrid_minmax_blend_a050"": 0.46927872602275655, ""mxbai"": 0.6508205185601093, ""qwen3"": 0.46927872602275655}"	"{""bm25"": 0.6666666666666666, ""eos_compact_q4_fp16_o200"": 0.3333333333333333, ""eos_dense"": 0.3333333333333333, ""hybrid_minmax_blend_a050"": 0.6666666666666666, ""mxbai"": 1.0, ""qwen3"": 1.0}"	"{""bm25"": ""346760"", ""eos_compact_q4_fp16_o200"": ""366249"", ""eos_dense"": ""366249"", ""hybrid_minmax_blend_a050"": ""228403"", ""mxbai"": ""228403"", ""qwen3"": ""228403""}"
fiqa	2348	15	True	True	True	True	"{""bm25"": 1, ""eos_compact_q4_fp16_o200"": 86, ""eos_dense"": 86, ""hybrid_minmax_blend_a050"": 1, ""mxbai"": 1, ""qwen3"": 1}"	"{""bm25"": 0.4690000933206748, ""eos_compact_q4_fp16_o200"": 0.0, ""eos_dense"": 0.0, ""hybrid_minmax_blend_a050"": 0.4152807670887413, ""mxbai"": 0.49828993591603116, ""qwen3"": 0.44988737637276555}"	"{""bm25"": 0.4666666666666667, ""eos_compact_q4_fp16_o200"": 0.06666666666666667, ""eos_dense"": 0.06666666666666667, ""hybrid_minmax_blend_a050"": 0.4666666666666667, ""mxbai"": 0.6666666666666666, ""qwen3"": 0.4666666666666667}"	"{""bm25"": ""447619"", ""eos_compact_q4_fp16_o200"": ""153491"", ""eos_dense"": ""153491"", ""hybrid_minmax_blend_a050"": ""447619"", ""mxbai"": ""447619"", ""qwen3"": ""447619""}"
fiqa	2376	8	False	True	True	True	"{""bm25"": 1, ""eos_compact_q4_fp16_o200"": 3, ""eos_dense"": 3, ""hybrid_minmax_blend_a050"": 1, ""mxbai"": 1, ""qwen3"": 1}"	"{""bm25"": 0.5909339131091547, ""eos_compact_q4_fp16_o200"": 0.12647135138382856, ""eos_dense"": 0.12647135138382856, ""hybrid_minmax_blend_a050"": 0.3507942974028176, ""mxbai"": 1.0, ""qwen3"": 0.9830168297915421}"	"{""bm25"": 0.875, ""eos_compact_q4_fp16_o200"": 0.125, ""eos_dense"": 0.125, ""hybrid_minmax_blend_a050"": 0.75, ""mxbai"": 1.0, ""qwen3"": 1.0}"	"{""bm25"": ""244961"", ""eos_compact_q4_fp16_o200"": ""544947"", ""eos_dense"": ""544947"", ""hybrid_minmax_blend_a050"": ""91545"", ""mxbai"": ""91545"", ""qwen3"": ""91545""}"
fiqa	2383	2	True	True	True	True	"{""bm25"": 1, ""eos_compact_q4_fp16_o200"": 54, ""eos_dense"": 54, ""hybrid_minmax_blend_a050"": 3, ""mxbai"": 1, ""qwen3"": 1}"	"{""bm25"": 0.6131471927654585, ""eos_compact_q4_fp16_o200"": 0.0, ""eos_dense"": 0.0, ""hybrid_minmax_blend_a050"": 0.30657359638272924, ""mxbai"": 0.6131471927654585, ""qwen3"": 0.6131471927654585}"	"{""bm25"": 0.5, ""eos_compact_q4_fp16_o200"": 0.5, ""eos_dense"": 0.5, ""hybrid_minmax_blend_a050"": 1.0, ""mxbai"": 0.5, ""qwen3"": 0.5}"	"{""bm25"": ""17215"", ""eos_compact_q4_fp16_o200"": ""207437"", ""eos_dense"": ""207437"", ""hybrid_minmax_blend_a050"": ""172251"", ""mxbai"": ""17215"", ""qwen3"": ""17215""}"
fiqa	2384	1	True	True	False	False	"{""bm25"": 73, ""eos_compact_q4_fp16_o200"": 84, ""eos_dense"": 84, ""hybrid_minmax_blend_a050"": 98, ""mxbai"": 3, ""qwen3"": 1}"	"{""bm25"": 0.0, ""eos_compact_q4_fp16_o200"": 0.0, ""eos_dense"": 0.0, ""hybrid_minmax_blend_a050"": 0.0, ""mxbai"": 0.5, ""qwen3"": 1.0}"	"{""bm25"": 1.0, ""eos_compact_q4_fp16_o200"": 1.0, ""eos_dense"": 1.0, ""hybrid_minmax_blend_a050"": 1.0, ""mxbai"": 1.0, ""qwen3"": 1.0}"	"{""bm25"": ""496820"", ""eos_compact_q4_fp16_o200"": ""196399"", ""eos_dense"": ""196399"", ""hybrid_minmax_blend_a050"": ""196399"", ""mxbai"": ""277812"", ""qwen3"": ""435835""}"
fiqa	2385	2	False	True	True	True	"{""bm25"": 1, ""eos_compact_q4_fp16_o200"": 5, ""eos_dense"": 5, ""hybrid_minmax_blend_a050"": 1, ""mxbai"": 1, ""qwen3"": 1}"	"{""bm25"": 0.6131471927654585, ""eos_compact_q4_fp16_o200"": 0.23719771276929624, ""eos_dense"": 0.23719771276929624, ""hybrid_minmax_blend_a050"": 0.6131471927654585, ""mxbai"": 0.6131471927654585, ""qwen3"": 0.6131471927654585}"	"{""bm25"": 0.5, ""eos_compact_q4_fp16_o200"": 0.5, ""eos_dense"": 0.5, ""hybrid_minmax_blend_a050"": 0.5, ""mxbai"": 0.5, ""qwen3"": 0.5}"	"{""bm25"": ""373059"", ""eos_compact_q4_fp16_o200"": ""399762"", ""eos_dense"": ""399762"", ""hybrid_minmax_blend_a050"": ""373059"", ""mxbai"": ""373059"", ""qwen3"": ""373059""}"
fiqa	2388	1	True	True	False	False	"{""bm25"": 5, ""eos_compact_q4_fp16_o200"": 0, ""eos_dense"": 0, ""hybrid_minmax_blend_a050"": 12, ""mxbai"": 2, ""qwen3"": 1}"	"{""bm25"": 0.38685280723454163, ""eos_compact_q4_fp16_o200"": 0.0, ""eos_dense"": 0.0, ""hybrid_minmax_blend_a050"": 0.0, ""mxbai"": 0.6309297535714574, ""qwen3"": 1.0}"	"{""bm25"": 1.0, ""eos_compact_q4_fp16_o200"": 0.0, ""eos_dense"": 0.0, ""hybrid_minmax_blend_a050"": 1.0, ""mxbai"": 1.0, ""qwen3"": 1.0}"	"{""bm25"": ""60508"", ""eos_compact_q4_fp16_o200"": ""486525"", ""eos_dense"": ""486525"", ""hybrid_minmax_blend_a050"": ""486525"", ""mxbai"": ""316149"", ""qwen3"": ""104988""}"
fiqa	2395	1	True	True	False	False	"{""bm25"": 22, ""eos_compact_q4_fp16_o200"": 0, ""eos_dense"": 0, ""hybrid_minmax_blend_a050"": 57, ""mxbai"": 5, ""qwen3"": 3}"	"{""bm25"": 0.0, ""eos_compact_q4_fp16_o200"": 0.0, ""eos_dense"": 0.0, ""hybrid_minmax_blend_a050"": 0.0, ""mxbai"": 0.38685280723454163, ""qwen3"": 0.5}"	"{""bm25"": 1.0, ""eos_compact_q4_fp16_o200"": 0.0, ""eos_dense"": 0.0, ""hybrid_minmax_blend_a050"": 1.0, ""mxbai"": 1.0, ""qwen3"": 1.0}"	"{""bm25"": ""355341"", ""eos_compact_q4_fp16_o200"": ""158091"", ""eos_dense"": ""158091"", ""hybrid_minmax_blend_a050"": ""158091"", ""mxbai"": ""158091"", ""qwen3"": ""277513""}"
fiqa	2398	5	True	False	False	False	"{""bm25"": 0, ""eos_compact_q4_fp16_o200"": 0, ""eos_dense"": 0, ""hybrid_minmax_blend_a050"": 0, ""mxbai"": 67, ""qwen3"": 8}"	"{""bm25"": 0.0, ""eos_compact_q4_fp16_o200"": 0.0, ""eos_dense"": 0.0, ""hybrid_minmax_blend_a050"": 0.0, ""mxbai"": 0.0, ""qwen3"": 0.10699313236726378}"	"{""bm25"": 0.0, ""eos_compact_q4_fp16_o200"": 0.0, ""eos_dense"": 0.0, ""hybrid_minmax_blend_a050"": 0.0, ""mxbai"": 0.2, ""qwen3"": 0.4}"	"{""bm25"": ""168922"", ""eos_compact_q4_fp16_o200"": ""141935"", ""eos_dense"": ""141935"", ""hybrid_minmax_blend_a050"": ""309231"", ""mxbai"": ""556453"", ""qwen3"": ""430123""}"
fiqa	2399	1	True	True	True	True	"{""bm25"": 11, ""eos_compact_q4_fp16_o200"": 20, ""eos_dense"": 20, ""hybrid_minmax_blend_a050"": 7, ""mxbai"": 1, ""qwen3"": 1}"	"{""bm25"": 0.0, ""eos_compact_q4_fp16_o200"": 0.0, ""eos_dense"": 0.0, ""hybrid_minmax_blend_a050"": 0.3333333333333333, ""mxbai"": 1.0, ""qwen3"": 1.0}"	"{""bm25"": 1.0, ""eos_compact_q4_fp16_o200"": 1.0, ""eos_dense"": 1.0, ""hybrid_minmax_blend_a050"": 1.0, ""mxbai"": 1.0, ""qwen3"": 1.0}"	"{""bm25"": ""135220"", ""eos_compact_q4_fp16_o200"": ""185983"", ""eos_dense"": ""185983"", ""hybrid_minmax_blend_a050"": ""179073"", ""mxbai"": ""343489"", ""qwen3"": ""343489""}"
fiqa	2400	3	False	True	True	True	"{""bm25"": 22, ""eos_compact_q4_fp16_o200"": 1, ""eos_dense"": 1, ""hybrid_minmax_blend_a050"": 2, ""mxbai"": 1, ""qwen3"": 1}"	"{""bm25"": 0.0, ""eos_compact_q4_fp16_o200"": 0.7039180890341348, ""eos_dense"": 0.7039180890341348, ""hybrid_minmax_blend_a050"": 0.5307212739772434, ""mxbai"": 0.46927872602275655, ""qwen3"": 0.6105456988825856}"	"{""bm25"": 0.6666666666666666, ""eos_compact_q4_fp16_o200"": 0.6666666666666666, ""eos_dense"": 0.6666666666666666, ""hybrid_minmax_blend_a050"": 0.6666666666666666, ""mxbai"": 0.6666666666666666, ""qwen3"": 0.6666666666666666}"	"{""bm25"": ""1034"", ""eos_compact_q4_fp16_o200"": ""1198"", ""eos_dense"": ""1198"", ""hybrid_minmax_blend_a050"": ""1034"", ""mxbai"": ""1198"", ""qwen3"": ""1198""}"
fiqa	2407	4	False	False	False	True	"{""bm25"": 1, ""eos_compact_q4_fp16_o200"": 2, ""eos_dense"": 2, ""hybrid_minmax_blend_a050"": 1, ""mxbai"": 22, ""qwen3"": 6}"	"{""bm25"": 0.39038004999210174, ""eos_compact_q4_fp16_o200"": 0.24630238874073, ""eos_dense"": 0.24630238874073, ""hybrid_minmax_blend_a050"": 0.39038004999210174, ""mxbai"": 0.0, ""qwen3"": 0.13905617951077565}"	"{""bm25"": 0.5, ""eos_compact_q4_fp16_o200"": 0.25, ""eos_dense"": 0.25, ""hybrid_minmax_blend_a050"": 0.25, ""mxbai"": 0.75, ""qwen3"": 1.0}"	"{""bm25"": ""2064"", ""eos_compact_q4_fp16_o200"": ""366841"", ""eos_dense"": ""366841"", ""hybrid_minmax_blend_a050"": ""2064"", ""mxbai"": ""448368"", ""qwen3"": ""448368""}"
fiqa	2416	4	False	True	True	True	"{""bm25"": 1, ""eos_compact_q4_fp16_o200"": 4, ""eos_dense"": 4, ""hybrid_minmax_blend_a050"": 1, ""mxbai"": 1, ""qwen3"": 1}"	"{""bm25"": 0.5294362295028774, ""eos_compact_q4_fp16_o200"": 0.16812753627111748, ""eos_dense"": 0.16812753627111748, ""hybrid_minmax_blend_a050"": 0.6366824387328317, ""mxbai"": 0.7536976112592702, ""qwen3"": 0.8838242945899707}"	"{""bm25"": 0.75, ""eos_compact_q4_fp16_o200"": 0.5, ""eos_dense"": 0.5, ""hybrid_minmax_blend_a050"": 0.75, ""mxbai"": 1.0, ""qwen3"": 1.0}"	"{""bm25"": ""105129"", ""eos_compact_q4_fp16_o200"": ""288551"", ""eos_dense"": ""288551"", ""hybrid_minmax_blend_a050"": ""105129"", ""mxbai"": ""105129"", ""qwen3"": ""105129""}"
fiqa	2423	7	True	True	False	False	"{""bm25"": 9, ""eos_compact_q4_fp16_o200"": 12, ""eos_dense"": 12, ""hybrid_minmax_blend_a050"": 3, ""mxbai"": 4, ""qwen3"": 1}"	"{""bm25"": 0.08274602130532004, ""eos_compact_q4_fp16_o200"": 0.0, ""eos_dense"": 0.0, ""hybrid_minmax_blend_a050"": 0.13743816645714543, ""mxbai"": 0.21000823726012655, ""qwen3"": 0.6338745523684621}"	"{""bm25"": 0.42857142857142855, ""eos_compact_q4_fp16_o200"": 0.2857142857142857, ""eos_dense"": 0.2857142857142857, ""hybrid_minmax_blend_a050"": 0.42857142857142855, ""mxbai"": 0.7142857142857143, ""qwen3"": 0.8571428571428571}"	"{""bm25"": ""471472"", ""eos_compact_q4_fp16_o200"": ""463043"", ""eos_dense"": ""463043"", ""hybrid_minmax_blend_a050"": ""59965"", ""mxbai"": ""374266"", ""qwen3"": ""529444""}"
fiqa	2443	1	True	False	False	False	"{""bm25"": 92, ""eos_compact_q4_fp16_o200"": 24, ""eos_dense"": 24, ""hybrid_minmax_blend_a050"": 30, ""mxbai"": 22, ""qwen3"": 14}"	"{""bm25"": 0.0, ""eos_compact_q4_fp16_o200"": 0.0, ""eos_dense"": 0.0, ""hybrid_minmax_blend_a050"": 0.0, ""mxbai"": 0.0, ""qwen3"": 0.0}"	"{""bm25"": 1.0, ""eos_compact_q4_fp16_o200"": 1.0, ""eos_dense"": 1.0, ""hybrid_minmax_blend_a050"": 1.0, ""mxbai"": 1.0, ""qwen3"": 1.0}"	"{""bm25"": ""5064"", ""eos_compact_q4_fp16_o200"": ""263648"", ""eos_dense"": ""263648"", ""hybrid_minmax_blend_a050"": ""519314"", ""mxbai"": ""519314"", ""qwen3"": ""187734""}"
fiqa	2445	1	False	True	True	True	"{""bm25"": 1, ""eos_compact_q4_fp16_o200"": 1, ""eos_dense"": 1, ""hybrid_minmax_blend_a050"": 1, ""mxbai"": 1, ""qwen3"": 1}"	"{""bm25"": 1.0, ""eos_compact_q4_fp16_o200"": 1.0, ""eos_dense"": 1.0, ""hybrid_minmax_blend_a050"": 1.0, ""mxbai"": 1.0, ""qwen3"": 1.0}"	"{""bm25"": 1.0, ""eos_compact_q4_fp16_o200"": 1.0, ""eos_dense"": 1.0, ""hybrid_minmax_blend_a050"": 1.0, ""mxbai"": 1.0, ""qwen3"": 1.0}"	"{""bm25"": ""431685"", ""eos_compact_q4_fp16_o200"": ""431685"", ""eos_dense"": ""431685"", ""hybrid_minmax_blend_a050"": ""431685"", ""mxbai"": ""431685"", ""qwen3"": ""431685""}"
fiqa	2460	3	True	True	True	False	"{""bm25"": 8, ""eos_compact_q4_fp16_o200"": 11, ""eos_dense"": 11, ""hybrid_minmax_blend_a050"": 4, ""mxbai"": 1, ""qwen3"": 1}"	"{""bm25"": 0.14804095548293264, ""eos_compact_q4_fp16_o200"": 0.0, ""eos_dense"": 0.0, ""hybrid_minmax_blend_a050"": 0.20210734650054762, ""mxbai"": 1.0, ""qwen3"": 1.0}"	"{""bm25"": 1.0, ""eos_compact_q4_fp16_o200"": 0.6666666666666666, ""eos_dense"": 0.6666666666666666, ""hybrid_minmax_blend_a050"": 1.0, ""mxbai"": 1.0, ""qwen3"": 1.0}"	"{""bm25"": ""410459"", ""eos_compact_q4_fp16_o200"": ""568803"", ""eos_dense"": ""568803"", ""hybrid_minmax_blend_a050"": ""568803"", ""mxbai"": ""530037"", ""qwen3"": ""549180""}"
fiqa	2465	3	True	False	False	False	"{""bm25"": 0, ""eos_compact_q4_fp16_o200"": 0, ""eos_dense"": 0, ""hybrid_minmax_blend_a050"": 0, ""mxbai"": 0, ""qwen3"": 35}"	"{""bm25"": 0.0, ""eos_compact_q4_fp16_o200"": 0.0, ""eos_dense"": 0.0, ""hybrid_minmax_blend_a050"": 0.0, ""mxbai"": 0.0, ""qwen3"": 0.0}"	"{""bm25"": 0.0, ""eos_compact_q4_fp16_o200"": 0.0, ""eos_dense"": 0.0, ""hybrid_minmax_blend_a050"": 0.0, ""mxbai"": 0.0, ""qwen3"": 0.3333333333333333}"	"{""bm25"": ""541809"", ""eos_compact_q4_fp16_o200"": ""541809"", ""eos_dense"": ""541809"", ""hybrid_minmax_blend_a050"": ""541809"", ""mxbai"": ""37382"", ""qwen3"": ""398536""}"
fiqa	2472	3	True	False	False	False	"{""bm25"": 0, ""eos_compact_q4_fp16_o200"": 24, ""eos_dense"": 24, ""hybrid_minmax_blend_a050"": 30, ""mxbai"": 4, ""qwen3"": 24}"	"{""bm25"": 0.0, ""eos_compact_q4_fp16_o200"": 0.0, ""eos_dense"": 0.0, ""hybrid_minmax_blend_a050"": 0.0, ""mxbai"": 0.20210734650054762, ""qwen3"": 0.0}"	"{""bm25"": 0.0, ""eos_compact_q4_fp16_o200"": 0.6666666666666666, ""eos_dense"": 0.6666666666666666, ""hybrid_minmax_blend_a050"": 0.6666666666666666, ""mxbai"": 0.6666666666666666, ""qwen3"": 0.6666666666666666}"	"{""bm25"": ""422484"", ""eos_compact_q4_fp16_o200"": ""180601"", ""eos_dense"": ""180601"", ""hybrid_minmax_blend_a050"": ""422484"", ""mxbai"": ""254528"", ""qwen3"": ""546028""}"
fiqa	2486	1	False	True	True	True	"{""bm25"": 4, ""eos_compact_q4_fp16_o200"": 1, ""eos_dense"": 1, ""hybrid_minmax_blend_a050"": 1, ""mxbai"": 1, ""qwen3"": 1}"	"{""bm25"": 0.43067655807339306, ""eos_compact_q4_fp16_o200"": 1.0, ""eos_dense"": 1.0, ""hybrid_minmax_blend_a050"": 1.0, ""mxbai"": 1.0, ""qwen3"": 1.0}"	"{""bm25"": 1.0, ""eos_compact_q4_fp16_o200"": 1.0, ""eos_dense"": 1.0, ""hybrid_minmax_blend_a050"": 1.0, ""mxbai"": 1.0, ""qwen3"": 1.0}"	"{""bm25"": ""586026"", ""eos_compact_q4_fp16_o200"": ""487791"", ""eos_dense"": ""487791"", ""hybrid_minmax_blend_a050"": ""487791"", ""mxbai"": ""487791"", ""qwen3"": ""487791""}"
fiqa	2498	1	True	True	False	False	"{""bm25"": 29, ""eos_compact_q4_fp16_o200"": 85, ""eos_dense"": 85, ""hybrid_minmax_blend_a050"": 54, ""mxbai"": 8, ""qwen3"": 3}"	"{""bm25"": 0.0, ""eos_compact_q4_fp16_o200"": 0.0, ""eos_dense"": 0.0, ""hybrid_minmax_blend_a050"": 0.0, ""mxbai"": 0.3154648767857287, ""qwen3"": 0.5}"	"{""bm25"": 1.0, ""eos_compact_q4_fp16_o200"": 1.0, ""eos_dense"": 1.0, ""hybrid_minmax_blend_a050"": 1.0, ""mxbai"": 1.0, ""qwen3"": 1.0}"	"{""bm25"": ""439109"", ""eos_compact_q4_fp16_o200"": ""355959"", ""eos_dense"": ""355959"", ""hybrid_minmax_blend_a050"": ""355959"", ""mxbai"": ""125111"", ""qwen3"": ""401297""}"
fiqa	2513	1	True	False	False	False	"{""bm25"": 0, ""eos_compact_q4_fp16_o200"": 0, ""eos_dense"": 0, ""hybrid_minmax_blend_a050"": 0, ""mxbai"": 2, ""qwen3"": 18}"	"{""bm25"": 0.0, ""eos_compact_q4_fp16_o200"": 0.0, ""eos_dense"": 0.0, ""hybrid_minmax_blend_a050"": 0.0, ""mxbai"": 0.6309297535714574, ""qwen3"": 0.0}"	"{""bm25"": 0.0, ""eos_compact_q4_fp16_o200"": 0.0, ""eos_dense"": 0.0, ""hybrid_minmax_blend_a050"": 0.0, ""mxbai"": 1.0, ""qwen3"": 1.0}"	"{""bm25"": ""530570"", ""eos_compact_q4_fp16_o200"": ""257168"", ""eos_dense"": ""257168"", ""hybrid_minmax_blend_a050"": ""257168"", ""mxbai"": ""235266"", ""qwen3"": ""430728""}"
fiqa	2516	4	False	True	True	True	"{""bm25"": 1, ""eos_compact_q4_fp16_o200"": 1, ""eos_dense"": 1, ""hybrid_minmax_blend_a050"": 1, ""mxbai"": 1, ""qwen3"": 1}"	"{""bm25"": 0.39038004999210174, ""eos_compact_q4_fp16_o200"": 0.39038004999210174, ""eos_dense"": 0.39038004999210174, ""hybrid_minmax_blend_a050"": 0.39038004999210174, ""mxbai"": 0.6366824387328317, ""qwen3"": 0.6984152163370879}"	"{""bm25"": 0.25, ""eos_compact_q4_fp16_o200"": 0.25, ""eos_dense"": 0.25, ""hybrid_minmax_blend_a050"": 0.25, ""mxbai"": 0.75, ""qwen3"": 1.0}"	"{""bm25"": ""505678"", ""eos_compact_q4_fp16_o200"": ""505678"", ""eos_dense"": ""505678"", ""hybrid_minmax_blend_a050"": ""505678"", ""mxbai"": ""505678"", ""qwen3"": ""505678""}"
fiqa	2549	2	True	True	True	True	"{""bm25"": 0, ""eos_compact_q4_fp16_o200"": 18, ""eos_dense"": 18, ""hybrid_minmax_blend_a050"": 31, ""mxbai"": 1, ""qwen3"": 1}"	"{""bm25"": 0.0, ""eos_compact_q4_fp16_o200"": 0.0, ""eos_dense"": 0.0, ""hybrid_minmax_blend_a050"": 0.0, ""mxbai"": 0.6131471927654585, ""qwen3"": 0.6131471927654585}"	"{""bm25"": 0.0, ""eos_compact_q4_fp16_o200"": 0.5, ""eos_dense"": 0.5, ""hybrid_minmax_blend_a050"": 0.5, ""mxbai"": 1.0, ""qwen3"": 1.0}"	"{""bm25"": ""313421"", ""eos_compact_q4_fp16_o200"": ""591089"", ""eos_dense"": ""591089"", ""hybrid_minmax_blend_a050"": ""418150"", ""mxbai"": ""58451"", ""qwen3"": ""58451""}"
fiqa	2551	3	True	True	True	False	"{""bm25"": 67, ""eos_compact_q4_fp16_o200"": 0, ""eos_dense"": 0, ""hybrid_minmax_blend_a050"": 0, ""mxbai"": 1, ""qwen3"": 1}"	"{""bm25"": 0.0, ""eos_compact_q4_fp16_o200"": 0.0, ""eos_dense"": 0.0, ""hybrid_minmax_blend_a050"": 0.0, ""mxbai"": 1.0, ""qwen3"": 0.9134015924715544}"	"{""bm25"": 0.3333333333333333, ""eos_compact_q4_fp16_o200"": 0.0, ""eos_dense"": 0.0, ""hybrid_minmax_blend_a050"": 0.0, ""mxbai"": 1.0, ""qwen3"": 1.0}"	"{""bm25"": ""498728"", ""eos_compact_q4_fp16_o200"": ""469149"", ""eos_dense"": ""469149"", ""hybrid_minmax_blend_a050"": ""469149"", ""mxbai"": ""450742"", ""qwen3"": ""143100""}"
fiqa	2568	7	False	True	True	True	"{""bm25"": 12, ""eos_compact_q4_fp16_o200"": 3, ""eos_dense"": 3, ""hybrid_minmax_blend_a050"": 3, ""mxbai"": 1, ""qwen3"": 1}"	"{""bm25"": 0.0, ""eos_compact_q4_fp16_o200"": 0.13743816645714543, ""eos_dense"": 0.13743816645714543, ""hybrid_minmax_blend_a050"": 0.13743816645714543, ""mxbai"": 0.7041249493150387, ""qwen3"": 0.3615901614084106}"	"{""bm25"": 0.14285714285714285, ""eos_compact_q4_fp16_o200"": 0.14285714285714285, ""eos_dense"": 0.14285714285714285, ""hybrid_minmax_blend_a050"": 0.14285714285714285, ""mxbai"": 1.0, ""qwen3"": 0.5714285714285714}"	"{""bm25"": ""258247"", ""eos_compact_q4_fp16_o200"": ""209115"", ""eos_dense"": ""209115"", ""hybrid_minmax_blend_a050"": ""258247"", ""mxbai"": ""346042"", ""qwen3"": ""346042""}"
fiqa	2579	6	False	True	False	False	"{""bm25"": 32, ""eos_compact_q4_fp16_o200"": 3, ""eos_dense"": 3, ""hybrid_minmax_blend_a050"": 3, ""mxbai"": 1, ""qwen3"": 4}"	"{""bm25"": 0.0, ""eos_compact_q4_fp16_o200"": 0.15130120674940675, ""eos_dense"": 0.15130120674940675, ""hybrid_minmax_blend_a050"": 0.15130120674940675, ""mxbai"": 0.3900741276002217, ""qwen3"": 0.21779548001177887}"	"{""bm25"": 0.16666666666666666, ""eos_compact_q4_fp16_o200"": 0.16666666666666666, ""eos_dense"": 0.16666666666666666, ""hybrid_minmax_blend_a050"": 0.16666666666666666, ""mxbai"": 0.8333333333333334, ""qwen3"": 0.8333333333333334}"	"{""bm25"": ""229809"", ""eos_compact_q4_fp16_o200"": ""553009"", ""eos_dense"": ""553009"", ""hybrid_minmax_blend_a050"": ""553009"", ""mxbai"": ""524471"", ""qwen3"": ""157919""}"
fiqa	2580	3	True	True	True	False	"{""bm25"": 1, ""eos_compact_q4_fp16_o200"": 0, ""eos_dense"": 0, ""hybrid_minmax_blend_a050"": 2, ""mxbai"": 1, ""qwen3"": 1}"	"{""bm25"": 0.7039180890341348, ""eos_compact_q4_fp16_o200"": 0.0, ""eos_dense"": 0.0, ""hybrid_minmax_blend_a050"": 0.4632423659320676, ""mxbai"": 0.9217868789962073, ""qwen3"": 0.625704968030342}"	"{""bm25"": 0.6666666666666666, ""eos_compact_q4_fp16_o200"": 0.0, ""eos_dense"": 0.0, ""hybrid_minmax_blend_a050"": 0.6666666666666666, ""mxbai"": 1.0, ""qwen3"": 0.6666666666666666}"	"{""bm25"": ""344118"", ""eos_compact_q4_fp16_o200"": ""362212"", ""eos_dense"": ""362212"", ""hybrid_minmax_blend_a050"": ""362212"", ""mxbai"": ""344118"", ""qwen3"": ""11988""}"
fiqa	2587	1	False	True	True	True	"{""bm25"": 1, ""eos_compact_q4_fp16_o200"": 2, ""eos_dense"": 2, ""hybrid_minmax_blend_a050"": 1, ""mxbai"": 1, ""qwen3"": 1}"	"{""bm25"": 1.0, ""eos_compact_q4_fp16_o200"": 0.6309297535714574, ""eos_dense"": 0.6309297535714574, ""hybrid_minmax_blend_a050"": 1.0, ""mxbai"": 1.0, ""qwen3"": 1.0}"	"{""bm25"": 1.0, ""eos_compact_q4_fp16_o200"": 1.0, ""eos_dense"": 1.0, ""hybrid_minmax_blend_a050"": 1.0, ""mxbai"": 1.0, ""qwen3"": 1.0}"	"{""bm25"": ""89326"", ""eos_compact_q4_fp16_o200"": ""126743"", ""eos_dense"": ""126743"", ""hybrid_minmax_blend_a050"": ""89326"", ""mxbai"": ""89326"", ""qwen3"": ""89326""}"
fiqa	2589	3	True	True	True	False	"{""bm25"": 1, ""eos_compact_q4_fp16_o200"": 57, ""eos_dense"": 57, ""hybrid_minmax_blend_a050"": 1, ""mxbai"": 1, ""qwen3"": 1}"	"{""bm25"": 0.6364391809889588, ""eos_compact_q4_fp16_o200"": 0.0, ""eos_dense"": 0.0, ""hybrid_minmax_blend_a050"": 0.46927872602275655, ""mxbai"": 0.7039180890341348, ""qwen3"": 0.7653606369886218}"	"{""bm25"": 1.0, ""eos_compact_q4_fp16_o200"": 0.3333333333333333, ""eos_dense"": 0.3333333333333333, ""hybrid_minmax_blend_a050"": 1.0, ""mxbai"": 1.0, ""qwen3"": 1.0}"	"{""bm25"": ""450577"", ""eos_compact_q4_fp16_o200"": ""104150"", ""eos_dense"": ""104150"", ""hybrid_minmax_blend_a050"": ""450577"", ""mxbai"": ""450577"", ""qwen3"": ""43961""}"
fiqa	2590	3	False	True	True	True	"{""bm25"": 27, ""eos_compact_q4_fp16_o200"": 6, ""eos_dense"": 6, ""hybrid_minmax_blend_a050"": 4, ""mxbai"": 1, ""qwen3"": 1}"	"{""bm25"": 0.0, ""eos_compact_q4_fp16_o200"": 0.16716045496620233, ""eos_dense"": 0.16716045496620233, ""hybrid_minmax_blend_a050"": 0.20210734650054762, ""mxbai"": 0.6173196815056892, ""qwen3"": 0.46927872602275655}"	"{""bm25"": 0.3333333333333333, ""eos_compact_q4_fp16_o200"": 0.6666666666666666, ""eos_dense"": 0.6666666666666666, ""hybrid_minmax_blend_a050"": 0.6666666666666666, ""mxbai"": 1.0, ""qwen3"": 1.0}"	"{""bm25"": ""318260"", ""eos_compact_q4_fp16_o200"": ""492456"", ""eos_dense"": ""492456"", ""hybrid_minmax_blend_a050"": ""528880"", ""mxbai"": ""296528"", ""qwen3"": ""296528""}"
fiqa	2593	3	True	True	False	False	"{""bm25"": 1, ""eos_compact_q4_fp16_o200"": 45, ""eos_dense"": 45, ""hybrid_minmax_blend_a050"": 1, ""mxbai"": 2, ""qwen3"": 1}"	"{""bm25"": 0.46927872602275655, ""eos_compact_q4_fp16_o200"": 0.0, ""eos_dense"": 0.0, ""hybrid_minmax_blend_a050"": 0.46927872602275655, ""mxbai"": 0.2960819109658653, ""qwen3"": 0.8385465274895064}"	"{""bm25"": 0.3333333333333333, ""eos_compact_q4_fp16_o200"": 1.0, ""eos_dense"": 1.0, ""hybrid_minmax_blend_a050"": 0.6666666666666666, ""mxbai"": 1.0, ""qwen3"": 1.0}"	"{""bm25"": ""231614"", ""eos_compact_q4_fp16_o200"": ""176844"", ""eos_dense"": ""176844"", ""hybrid_minmax_blend_a050"": ""231614"", ""mxbai"": ""469515"", ""qwen3"": ""231614""}"
fiqa	2598	2	True	True	False	False	"{""bm25"": 81, ""eos_compact_q4_fp16_o200"": 0, ""eos_dense"": 0, ""hybrid_minmax_blend_a050"": 0, ""mxbai"": 2, ""qwen3"": 1}"	"{""bm25"": 0.0, ""eos_compact_q4_fp16_o200"": 0.0, ""eos_dense"": 0.0, ""hybrid_minmax_blend_a050"": 0.0, ""mxbai"": 0.38685280723454163, ""qwen3"": 0.9197207891481877}"	"{""bm25"": 0.5, ""eos_compact_q4_fp16_o200"": 0.0, ""eos_dense"": 0.0, ""hybrid_minmax_blend_a050"": 0.0, ""mxbai"": 1.0, ""qwen3"": 1.0}"	"{""bm25"": ""358524"", ""eos_compact_q4_fp16_o200"": ""533613"", ""eos_dense"": ""533613"", ""hybrid_minmax_blend_a050"": ""358524"", ""mxbai"": ""314007"", ""qwen3"": ""376126""}"
fiqa	2648	1	True	True	True	True	"{""bm25"": 1, ""eos_compact_q4_fp16_o200"": 19, ""eos_dense"": 19, ""hybrid_minmax_blend_a050"": 1, ""mxbai"": 1, ""qwen3"": 1}"	"{""bm25"": 1.0, ""eos_compact_q4_fp16_o200"": 0.0, ""eos_dense"": 0.0, ""hybrid_minmax_blend_a050"": 1.0, ""mxbai"": 1.0, ""qwen3"": 1.0}"	"{""bm25"": 1.0, ""eos_compact_q4_fp16_o200"": 1.0, ""eos_dense"": 1.0, ""hybrid_minmax_blend_a050"": 1.0, ""mxbai"": 1.0, ""qwen3"": 1.0}"	"{""bm25"": ""307120"", ""eos_compact_q4_fp16_o200"": ""584782"", ""eos_dense"": ""584782"", ""hybrid_minmax_blend_a050"": ""307120"", ""mxbai"": ""307120"", ""qwen3"": ""307120""}"
fiqa	2676	1	False	True	False	False	"{""bm25"": 19, ""eos_compact_q4_fp16_o200"": 3, ""eos_dense"": 3, ""hybrid_minmax_blend_a050"": 2, ""mxbai"": 2, ""qwen3"": 1}"	"{""bm25"": 0.0, ""eos_compact_q4_fp16_o200"": 0.5, ""eos_dense"": 0.5, ""hybrid_minmax_blend_a050"": 0.6309297535714574, ""mxbai"": 0.6309297535714574, ""qwen3"": 1.0}"	"{""bm25"": 1.0, ""eos_compact_q4_fp16_o200"": 1.0, ""eos_dense"": 1.0, ""hybrid_minmax_blend_a050"": 1.0, ""mxbai"": 1.0, ""qwen3"": 1.0}"	"{""bm25"": ""397608"", ""eos_compact_q4_fp16_o200"": ""233248"", ""eos_dense"": ""233248"", ""hybrid_minmax_blend_a050"": ""33083"", ""mxbai"": ""581380"", ""qwen3"": ""55666""}"
fiqa	2685	8	True	True	True	True	"{""bm25"": 61, ""eos_compact_q4_fp16_o200"": 0, ""eos_dense"": 0, ""hybrid_minmax_blend_a050"": 0, ""mxbai"": 1, ""qwen3"": 1}"	"{""bm25"": 0.0, ""eos_compact_q4_fp16_o200"": 0.0, ""eos_dense"": 0.0, ""hybrid_minmax_blend_a050"": 0.0, ""mxbai"": 0.32908604348504067, ""qwen3"": 0.33725693702354287}"	"{""bm25"": 0.125, ""eos_compact_q4_fp16_o200"": 0.0, ""eos_dense"": 0.0, ""hybrid_minmax_blend_a050"": 0.0, ""mxbai"": 0.5, ""qwen3"": 0.375}"	"{""bm25"": ""109880"", ""eos_compact_q4_fp16_o200"": ""396941"", ""eos_dense"": ""396941"", ""hybrid_minmax_blend_a050"": ""396941"", ""mxbai"": ""382005"", ""qwen3"": ""382005""}"
fiqa	2695	1	True	True	True	True	"{""bm25"": 1, ""eos_compact_q4_fp16_o200"": 18, ""eos_dense"": 18, ""hybrid_minmax_blend_a050"": 1, ""mxbai"": 1, ""qwen3"": 1}"	"{""bm25"": 1.0, ""eos_compact_q4_fp16_o200"": 0.0, ""eos_dense"": 0.0, ""hybrid_minmax_blend_a050"": 1.0, ""mxbai"": 1.0, ""qwen3"": 1.0}"	"{""bm25"": 1.0, ""eos_compact_q4_fp16_o200"": 1.0, ""eos_dense"": 1.0, ""hybrid_minmax_blend_a050"": 1.0, ""mxbai"": 1.0, ""qwen3"": 1.0}"	"{""bm25"": ""305904"", ""eos_compact_q4_fp16_o200"": ""42749"", ""eos_dense"": ""42749"", ""hybrid_minmax_blend_a050"": ""305904"", ""mxbai"": ""305904"", ""qwen3"": ""305904""}"
fiqa	2713	2	False	False	False	False	"{""bm25"": 1, ""eos_compact_q4_fp16_o200"": 9, ""eos_dense"": 9, ""hybrid_minmax_blend_a050"": 1, ""mxbai"": 20, ""qwen3"": 5}"	"{""bm25"": 0.6131471927654585, ""eos_compact_q4_fp16_o200"": 0.1845756967795682, ""eos_dense"": 0.1845756967795682, ""hybrid_minmax_blend_a050"": 0.6131471927654585, ""mxbai"": 0.0, ""qwen3"": 0.23719771276929624}"	"{""bm25"": 0.5, ""eos_compact_q4_fp16_o200"": 0.5, ""eos_dense"": 0.5, ""hybrid_minmax_blend_a050"": 0.5, ""mxbai"": 0.5, ""qwen3"": 0.5}"	"{""bm25"": ""29372"", ""eos_compact_q4_fp16_o200"": ""165691"", ""eos_dense"": ""165691"", ""hybrid_minmax_blend_a050"": ""29372"", ""mxbai"": ""584170"", ""qwen3"": ""564301""}"
fiqa	2724	2	True	True	True	True	"{""bm25"": 3, ""eos_compact_q4_fp16_o200"": 15, ""eos_dense"": 15, ""hybrid_minmax_blend_a050"": 4, ""mxbai"": 1, ""qwen3"": 1}"	"{""bm25"": 0.30657359638272924, ""eos_compact_q4_fp16_o200"": 0.0, ""eos_dense"": 0.0, ""hybrid_minmax_blend_a050"": 0.4413074093566387, ""mxbai"": 0.6131471927654585, ""qwen3"": 1.0}"	"{""bm25"": 1.0, ""eos_compact_q4_fp16_o200"": 1.0, ""eos_dense"": 1.0, ""hybrid_minmax_blend_a050"": 1.0, ""mxbai"": 1.0, ""qwen3"": 1.0}"	"{""bm25"": ""39407"", ""eos_compact_q4_fp16_o200"": ""76285"", ""eos_dense"": ""76285"", ""hybrid_minmax_blend_a050"": ""162916"", ""mxbai"": ""32172"", ""qwen3"": ""32172""}"
fiqa	2737	1	False	True	True	True	"{""bm25"": 5, ""eos_compact_q4_fp16_o200"": 2, ""eos_dense"": 2, ""hybrid_minmax_blend_a050"": 1, ""mxbai"": 1, ""qwen3"": 1}"	"{""bm25"": 0.38685280723454163, ""eos_compact_q4_fp16_o200"": 0.6309297535714574, ""eos_dense"": 0.6309297535714574, ""hybrid_minmax_blend_a050"": 1.0, ""mxbai"": 1.0, ""qwen3"": 1.0}"	"{""bm25"": 1.0, ""eos_compact_q4_fp16_o200"": 1.0, ""eos_dense"": 1.0, ""hybrid_minmax_blend_a050"": 1.0, ""mxbai"": 1.0, ""qwen3"": 1.0}"	"{""bm25"": ""228289"", ""eos_compact_q4_fp16_o200"": ""272198"", ""eos_dense"": ""272198"", ""hybrid_minmax_blend_a050"": ""426678"", ""mxbai"": ""426678"", ""qwen3"": ""426678""}"
fiqa	2747	1	True	True	False	False	"{""bm25"": 0, ""eos_compact_q4_fp16_o200"": 0, ""eos_dense"": 0, ""hybrid_minmax_blend_a050"": 0, ""mxbai"": 2, ""qwen3"": 1}"	"{""bm25"": 0.0, ""eos_compact_q4_fp16_o200"": 0.0, ""eos_dense"": 0.0, ""hybrid_minmax_blend_a050"": 0.0, ""mxbai"": 0.6309297535714574, ""qwen3"": 1.0}"	"{""bm25"": 0.0, ""eos_compact_q4_fp16_o200"": 0.0, ""eos_dense"": 0.0, ""hybrid_minmax_blend_a050"": 0.0, ""mxbai"": 1.0, ""qwen3"": 1.0}"	"{""bm25"": ""499871"", ""eos_compact_q4_fp16_o200"": ""497946"", ""eos_dense"": ""497946"", ""hybrid_minmax_blend_a050"": ""497946"", ""mxbai"": ""123693"", ""qwen3"": ""540571""}"
fiqa	2749	2	False	True	True	True	"{""bm25"": 1, ""eos_compact_q4_fp16_o200"": 1, ""eos_dense"": 1, ""hybrid_minmax_blend_a050"": 1, ""mxbai"": 1, ""qwen3"": 1}"	"{""bm25"": 0.6131471927654585, ""eos_compact_q4_fp16_o200"": 0.6131471927654585, ""eos_dense"": 0.6131471927654585, ""hybrid_minmax_blend_a050"": 0.6131471927654585, ""mxbai"": 0.8315546295836226, ""qwen3"": 0.8503449055347547}"	"{""bm25"": 1.0, ""eos_compact_q4_fp16_o200"": 0.5, ""eos_dense"": 0.5, ""hybrid_minmax_blend_a050"": 1.0, ""mxbai"": 1.0, ""qwen3"": 1.0}"	"{""bm25"": ""587192"", ""eos_compact_q4_fp16_o200"": ""587192"", ""eos_dense"": ""587192"", ""hybrid_minmax_blend_a050"": ""587192"", ""mxbai"": ""207285"", ""qwen3"": ""207285""}"
fiqa	2790	7	False	True	False	False	"{""bm25"": 9, ""eos_compact_q4_fp16_o200"": 8, ""eos_dense"": 8, ""hybrid_minmax_blend_a050"": 12, ""mxbai"": 1, ""qwen3"": 2}"	"{""bm25"": 0.08274602130532004, ""eos_compact_q4_fp16_o200"": 0.08671382849411972, ""eos_dense"": 0.08671382849411972, ""hybrid_minmax_blend_a050"": 0.0, ""mxbai"": 0.27487633291429087, ""qwen3"": 0.37767726336843704}"	"{""bm25"": 0.2857142857142857, ""eos_compact_q4_fp16_o200"": 0.2857142857142857, ""eos_dense"": 0.2857142857142857, ""hybrid_minmax_blend_a050"": 0.42857142857142855, ""mxbai"": 0.42857142857142855, ""qwen3"": 0.42857142857142855}"	"{""bm25"": ""234890"", ""eos_compact_q4_fp16_o200"": ""458960"", ""eos_dense"": ""458960"", ""hybrid_minmax_blend_a050"": ""357200"", ""mxbai"": ""472484"", ""qwen3"": ""400896""}"
fiqa	2801	2	False	True	True	True	"{""bm25"": 1, ""eos_compact_q4_fp16_o200"": 3, ""eos_dense"": 3, ""hybrid_minmax_blend_a050"": 1, ""mxbai"": 1, ""qwen3"": 1}"	"{""bm25"": 0.6131471927654585, ""eos_compact_q4_fp16_o200"": 0.30657359638272924, ""eos_dense"": 0.30657359638272924, ""hybrid_minmax_blend_a050"": 0.6131471927654585, ""mxbai"": 0.6131471927654585, ""qwen3"": 0.7977228895450267}"	"{""bm25"": 1.0, ""eos_compact_q4_fp16_o200"": 1.0, ""eos_dense"": 1.0, ""hybrid_minmax_blend_a050"": 1.0, ""mxbai"": 0.5, ""qwen3"": 1.0}"	"{""bm25"": ""398856"", ""eos_compact_q4_fp16_o200"": ""84645"", ""eos_dense"": ""84645"", ""hybrid_minmax_blend_a050"": ""398856"", ""mxbai"": ""398856"", ""qwen3"": ""398856""}"
fiqa	2856	4	True	True	False	False	"{""bm25"": 0, ""eos_compact_q4_fp16_o200"": 60, ""eos_dense"": 60, ""hybrid_minmax_blend_a050"": 0, ""mxbai"": 1, ""qwen3"": 2}"	"{""bm25"": 0.0, ""eos_compact_q4_fp16_o200"": 0.0, ""eos_dense"": 0.0, ""hybrid_minmax_blend_a050"": 0.0, ""mxbai"": 0.9349366583346498, ""qwen3"": 0.5646436081071458}"	"{""bm25"": 0.0, ""eos_compact_q4_fp16_o200"": 0.25, ""eos_dense"": 0.25, ""hybrid_minmax_blend_a050"": 0.0, ""mxbai"": 1.0, ""qwen3"": 0.75}"	"{""bm25"": ""225030"", ""eos_compact_q4_fp16_o200"": ""366954"", ""eos_dense"": ""366954"", ""hybrid_minmax_blend_a050"": ""18727"", ""mxbai"": ""110848"", ""qwen3"": ""266840""}"
fiqa	2857	4	True	True	False	False	"{""bm25"": 0, ""eos_compact_q4_fp16_o200"": 0, ""eos_dense"": 0, ""hybrid_minmax_blend_a050"": 0, ""mxbai"": 2, ""qwen3"": 1}"	"{""bm25"": 0.0, ""eos_compact_q4_fp16_o200"": 0.0, ""eos_dense"": 0.0, ""hybrid_minmax_blend_a050"": 0.0, ""mxbai"": 0.5319460297682747, ""qwen3"": 0.39038004999210174}"	"{""bm25"": 0.0, ""eos_compact_q4_fp16_o200"": 0.0, ""eos_dense"": 0.0, ""hybrid_minmax_blend_a050"": 0.0, ""mxbai"": 1.0, ""qwen3"": 0.75}"	"{""bm25"": ""474575"", ""eos_compact_q4_fp16_o200"": ""42565"", ""eos_dense"": ""42565"", ""hybrid_minmax_blend_a050"": ""42565"", ""mxbai"": ""519025"", ""qwen3"": ""60175""}"
fiqa	2880	1	False	True	True	True	"{""bm25"": 1, ""eos_compact_q4_fp16_o200"": 1, ""eos_dense"": 1, ""hybrid_minmax_blend_a050"": 1, ""mxbai"": 1, ""qwen3"": 1}"	"{""bm25"": 1.0, ""eos_compact_q4_fp16_o200"": 1.0, ""eos_dense"": 1.0, ""hybrid_minmax_blend_a050"": 1.0, ""mxbai"": 1.0, ""qwen3"": 1.0}"	"{""bm25"": 1.0, ""eos_compact_q4_fp16_o200"": 1.0, ""eos_dense"": 1.0, ""hybrid_minmax_blend_a050"": 1.0, ""mxbai"": 1.0, ""qwen3"": 1.0}"	"{""bm25"": ""533791"", ""eos_compact_q4_fp16_o200"": ""533791"", ""eos_dense"": ""533791"", ""hybrid_minmax_blend_a050"": ""533791"", ""mxbai"": ""533791"", ""qwen3"": ""533791""}"
fiqa	2885	5	True	False	False	False	"{""bm25"": 0, ""eos_compact_q4_fp16_o200"": 0, ""eos_dense"": 0, ""hybrid_minmax_blend_a050"": 0, ""mxbai"": 0, ""qwen3"": 82}"	"{""bm25"": 0.0, ""eos_compact_q4_fp16_o200"": 0.0, ""eos_dense"": 0.0, ""hybrid_minmax_blend_a050"": 0.0, ""mxbai"": 0.0, ""qwen3"": 0.0}"	"{""bm25"": 0.0, ""eos_compact_q4_fp16_o200"": 0.0, ""eos_dense"": 0.0, ""hybrid_minmax_blend_a050"": 0.0, ""mxbai"": 0.0, ""qwen3"": 0.2}"	"{""bm25"": ""5759"", ""eos_compact_q4_fp16_o200"": ""315972"", ""eos_dense"": ""315972"", ""hybrid_minmax_blend_a050"": ""215712"", ""mxbai"": ""4739"", ""qwen3"": ""430672""}"
fiqa	2891	1	True	True	True	True	"{""bm25"": 19, ""eos_compact_q4_fp16_o200"": 0, ""eos_dense"": 0, ""hybrid_minmax_blend_a050"": 25, ""mxbai"": 1, ""qwen3"": 1}"	"{""bm25"": 0.0, ""eos_compact_q4_fp16_o200"": 0.0, ""eos_dense"": 0.0, ""hybrid_minmax_blend_a050"": 0.0, ""mxbai"": 1.0, ""qwen3"": 1.0}"	"{""bm25"": 1.0, ""eos_compact_q4_fp16_o200"": 0.0, ""eos_dense"": 0.0, ""hybrid_minmax_blend_a050"": 1.0, ""mxbai"": 1.0, ""qwen3"": 1.0}"	"{""bm25"": ""59303"", ""eos_compact_q4_fp16_o200"": ""296718"", ""eos_dense"": ""296718"", ""hybrid_minmax_blend_a050"": ""296718"", ""mxbai"": ""31117"", ""qwen3"": ""31117""}"
fiqa	2895	2	True	False	False	False	"{""bm25"": 100, ""eos_compact_q4_fp16_o200"": 0, ""eos_dense"": 0, ""hybrid_minmax_blend_a050"": 0, ""mxbai"": 0, ""qwen3"": 0}"	"{""bm25"": 0.0, ""eos_compact_q4_fp16_o200"": 0.0, ""eos_dense"": 0.0, ""hybrid_minmax_blend_a050"": 0.0, ""mxbai"": 0.0, ""qwen3"": 0.0}"	"{""bm25"": 0.5, ""eos_compact_q4_fp16_o200"": 0.0, ""eos_dense"": 0.0, ""hybrid_minmax_blend_a050"": 0.0, ""mxbai"": 0.0, ""qwen3"": 0.0}"	"{""bm25"": ""176498"", ""eos_compact_q4_fp16_o200"": ""461193"", ""eos_dense"": ""461193"", ""hybrid_minmax_blend_a050"": ""461193"", ""mxbai"": ""36190"", ""qwen3"": ""426461""}"
fiqa	2903	1	False	False	False	False	"{""bm25"": 0, ""eos_compact_q4_fp16_o200"": 1, ""eos_dense"": 1, ""hybrid_minmax_blend_a050"": 6, ""mxbai"": 51, ""qwen3"": 10}"	"{""bm25"": 0.0, ""eos_compact_q4_fp16_o200"": 1.0, ""eos_dense"": 1.0, ""hybrid_minmax_blend_a050"": 0.3562071871080222, ""mxbai"": 0.0, ""qwen3"": 0.2890648263178879}"	"{""bm25"": 0.0, ""eos_compact_q4_fp16_o200"": 1.0, ""eos_dense"": 1.0, ""hybrid_minmax_blend_a050"": 1.0, ""mxbai"": 1.0, ""qwen3"": 1.0}"	"{""bm25"": ""586026"", ""eos_compact_q4_fp16_o200"": ""527776"", ""eos_dense"": ""527776"", ""hybrid_minmax_blend_a050"": ""586026"", ""mxbai"": ""59686"", ""qwen3"": ""487728""}"
fiqa	2923	5	False	True	True	False	"{""bm25"": 2, ""eos_compact_q4_fp16_o200"": 9, ""eos_dense"": 9, ""hybrid_minmax_blend_a050"": 1, ""mxbai"": 1, ""qwen3"": 1}"	"{""bm25"": 0.3347975674340218, ""eos_compact_q4_fp16_o200"": 0.10209739512291165, ""eos_dense"": 0.10209739512291165, ""hybrid_minmax_blend_a050"": 0.3391602052736162, ""mxbai"": 0.8200261225503443, ""qwen3"": 0.6843515475204855}"	"{""bm25"": 0.4, ""eos_compact_q4_fp16_o200"": 0.2, ""eos_dense"": 0.2, ""hybrid_minmax_blend_a050"": 0.4, ""mxbai"": 1.0, ""qwen3"": 0.8}"	"{""bm25"": ""123570"", ""eos_compact_q4_fp16_o200"": ""519328"", ""eos_dense"": ""519328"", ""hybrid_minmax_blend_a050"": ""46381"", ""mxbai"": ""161667"", ""qwen3"": ""46381""}"
fiqa	2964	2	True	False	False	False	"{""bm25"": 31, ""eos_compact_q4_fp16_o200"": 0, ""eos_dense"": 0, ""hybrid_minmax_blend_a050"": 75, ""mxbai"": 22, ""qwen3"": 5}"	"{""bm25"": 0.0, ""eos_compact_q4_fp16_o200"": 0.0, ""eos_dense"": 0.0, ""hybrid_minmax_blend_a050"": 0.0, ""mxbai"": 0.0, ""qwen3"": 0.23719771276929624}"	"{""bm25"": 0.5, ""eos_compact_q4_fp16_o200"": 0.0, ""eos_dense"": 0.0, ""hybrid_minmax_blend_a050"": 0.5, ""mxbai"": 1.0, ""qwen3"": 0.5}"	"{""bm25"": ""280177"", ""eos_compact_q4_fp16_o200"": ""280177"", ""eos_dense"": ""280177"", ""hybrid_minmax_blend_a050"": ""280177"", ""mxbai"": ""214071"", ""qwen3"": ""359969""}"
fiqa	2968	2	False	True	True	False	"{""bm25"": 2, ""eos_compact_q4_fp16_o200"": 1, ""eos_dense"": 1, ""hybrid_minmax_blend_a050"": 1, ""mxbai"": 1, ""qwen3"": 1}"	"{""bm25"": 0.38685280723454163, ""eos_compact_q4_fp16_o200"": 0.6131471927654585, ""eos_dense"": 0.6131471927654585, ""hybrid_minmax_blend_a050"": 0.6131471927654585, ""mxbai"": 0.9197207891481877, ""qwen3"": 1.0}"	"{""bm25"": 1.0, ""eos_compact_q4_fp16_o200"": 0.5, ""eos_dense"": 0.5, ""hybrid_minmax_blend_a050"": 1.0, ""mxbai"": 1.0, ""qwen3"": 1.0}"	"{""bm25"": ""187196"", ""eos_compact_q4_fp16_o200"": ""388646"", ""eos_dense"": ""388646"", ""hybrid_minmax_blend_a050"": ""388646"", ""mxbai"": ""242124"", ""qwen3"": ""388646""}"
fiqa	2994	3	True	True	False	False	"{""bm25"": 8, ""eos_compact_q4_fp16_o200"": 0, ""eos_dense"": 0, ""hybrid_minmax_blend_a050"": 22, ""mxbai"": 2, ""qwen3"": 4}"	"{""bm25"": 0.14804095548293264, ""eos_compact_q4_fp16_o200"": 0.0, ""eos_dense"": 0.0, ""hybrid_minmax_blend_a050"": 0.0, ""mxbai"": 0.2960819109658653, ""qwen3"": 0.20210734650054762}"	"{""bm25"": 0.3333333333333333, ""eos_compact_q4_fp16_o200"": 0.0, ""eos_dense"": 0.0, ""hybrid_minmax_blend_a050"": 0.3333333333333333, ""mxbai"": 0.6666666666666666, ""qwen3"": 0.3333333333333333}"	"{""bm25"": ""148346"", ""eos_compact_q4_fp16_o200"": ""575213"", ""eos_dense"": ""575213"", ""hybrid_minmax_blend_a050"": ""148346"", ""mxbai"": ""562780"", ""qwen3"": ""510317""}"
fiqa	3006	6	True	True	False	False	"{""bm25"": 15, ""eos_compact_q4_fp16_o200"": 0, ""eos_dense"": 0, ""hybrid_minmax_blend_a050"": 23, ""mxbai"": 3, ""qwen3"": 1}"	"{""bm25"": 0.0, ""eos_compact_q4_fp16_o200"": 0.0, ""eos_dense"": 0.0, ""hybrid_minmax_blend_a050"": 0.0, ""mxbai"": 0.15130120674940675, ""qwen3"": 0.41039156802332444}"	"{""bm25"": 0.3333333333333333, ""eos_compact_q4_fp16_o200"": 0.0, ""eos_dense"": 0.0, ""hybrid_minmax_blend_a050"": 0.16666666666666666, ""mxbai"": 0.6666666666666666, ""qwen3"": 0.5}"	"{""bm25"": ""290441"", ""eos_compact_q4_fp16_o200"": ""146576"", ""eos_dense"": ""146576"", ""hybrid_minmax_blend_a050"": ""146576"", ""mxbai"": ""258704"", ""qwen3"": ""512096""}"
fiqa	3008	4	True	True	True	True	"{""bm25"": 40, ""eos_compact_q4_fp16_o200"": 89, ""eos_dense"": 89, ""hybrid_minmax_blend_a050"": 0, ""mxbai"": 1, ""qwen3"": 1}"	"{""bm25"": 0.0, ""eos_compact_q4_fp16_o200"": 0.0, ""eos_dense"": 0.0, ""hybrid_minmax_blend_a050"": 0.0, ""mxbai"": 0.5205067333228023, ""qwen3"": 0.39038004999210174}"	"{""bm25"": 0.25, ""eos_compact_q4_fp16_o200"": 0.25, ""eos_dense"": 0.25, ""hybrid_minmax_blend_a050"": 0.0, ""mxbai"": 1.0, ""qwen3"": 0.75}"	"{""bm25"": ""287571"", ""eos_compact_q4_fp16_o200"": ""229276"", ""eos_dense"": ""229276"", ""hybrid_minmax_blend_a050"": ""2064"", ""mxbai"": ""231688"", ""qwen3"": ""231688""}"
fiqa	3014	2	True	True	True	True	"{""bm25"": 0, ""eos_compact_q4_fp16_o200"": 0, ""eos_dense"": 0, ""hybrid_minmax_blend_a050"": 0, ""mxbai"": 1, ""qwen3"": 1}"	"{""bm25"": 0.0, ""eos_compact_q4_fp16_o200"": 0.0, ""eos_dense"": 0.0, ""hybrid_minmax_blend_a050"": 0.0, ""mxbai"": 0.8772153153380494, ""qwen3"": 0.8315546295836226}"	"{""bm25"": 0.0, ""eos_compact_q4_fp16_o200"": 0.0, ""eos_dense"": 0.0, ""hybrid_minmax_blend_a050"": 0.0, ""mxbai"": 1.0, ""qwen3"": 1.0}"	"{""bm25"": ""100683"", ""eos_compact_q4_fp16_o200"": ""510676"", ""eos_dense"": ""510676"", ""hybrid_minmax_blend_a050"": ""510676"", ""mxbai"": ""341399"", ""qwen3"": ""341399""}"
fiqa	3033	2	True	True	True	True	"{""bm25"": 4, ""eos_compact_q4_fp16_o200"": 16, ""eos_dense"": 16, ""hybrid_minmax_blend_a050"": 4, ""mxbai"": 1, ""qwen3"": 1}"	"{""bm25"": 0.2640681225725909, ""eos_compact_q4_fp16_o200"": 0.0, ""eos_dense"": 0.0, ""hybrid_minmax_blend_a050"": 0.2640681225725909, ""mxbai"": 0.8315546295836226, ""qwen3"": 0.6131471927654585}"	"{""bm25"": 0.5, ""eos_compact_q4_fp16_o200"": 1.0, ""eos_dense"": 1.0, ""hybrid_minmax_blend_a050"": 0.5, ""mxbai"": 1.0, ""qwen3"": 1.0}"	"{""bm25"": ""598607"", ""eos_compact_q4_fp16_o200"": ""234975"", ""eos_dense"": ""234975"", ""hybrid_minmax_blend_a050"": ""394059"", ""mxbai"": ""571430"", ""qwen3"": ""571430""}"
fiqa	3039	1	True	False	False	False	"{""bm25"": 2, ""eos_compact_q4_fp16_o200"": 41, ""eos_dense"": 41, ""hybrid_minmax_blend_a050"": 3, ""mxbai"": 11, ""qwen3"": 6}"	"{""bm25"": 0.6309297535714574, ""eos_compact_q4_fp16_o200"": 0.0, ""eos_dense"": 0.0, ""hybrid_minmax_blend_a050"": 0.5, ""mxbai"": 0.0, ""qwen3"": 0.3562071871080222}"	"{""bm25"": 1.0, ""eos_compact_q4_fp16_o200"": 1.0, ""eos_dense"": 1.0, ""hybrid_minmax_blend_a050"": 1.0, ""mxbai"": 1.0, ""qwen3"": 1.0}"	"{""bm25"": ""252843"", ""eos_compact_q4_fp16_o200"": ""15270"", ""eos_dense"": ""15270"", ""hybrid_minmax_blend_a050"": ""252843"", ""mxbai"": ""302049"", ""qwen3"": ""252843""}"
fiqa	3049	4	False	True	True	True	"{""bm25"": 21, ""eos_compact_q4_fp16_o200"": 2, ""eos_dense"": 2, ""hybrid_minmax_blend_a050"": 4, ""mxbai"": 1, ""qwen3"": 1}"	"{""bm25"": 0.0, ""eos_compact_q4_fp16_o200"": 0.24630238874073, ""eos_dense"": 0.24630238874073, ""hybrid_minmax_blend_a050"": 0.16812753627111748, ""mxbai"": 0.7598336331031966, ""qwen3"": 0.6366824387328317}"	"{""bm25"": 1.0, ""eos_compact_q4_fp16_o200"": 0.5, ""eos_dense"": 0.5, ""hybrid_minmax_blend_a050"": 0.5, ""mxbai"": 1.0, ""qwen3"": 0.75}"	"{""bm25"": ""434351"", ""eos_compact_q4_fp16_o200"": ""569645"", ""eos_dense"": ""569645"", ""hybrid_minmax_blend_a050"": ""434351"", ""mxbai"": ""450808"", ""qwen3"": ""450808""}"
fiqa	3051	2	False	True	True	False	"{""bm25"": 2, ""eos_compact_q4_fp16_o200"": 1, ""eos_dense"": 1, ""hybrid_minmax_blend_a050"": 3, ""mxbai"": 1, ""qwen3"": 1}"	"{""bm25"": 0.6240505200038378, ""eos_compact_q4_fp16_o200"": 0.6131471927654585, ""eos_dense"": 0.6131471927654585, ""hybrid_minmax_blend_a050"": 0.5437713091520254, ""mxbai"": 1.0, ""qwen3"": 1.0}"	"{""bm25"": 1.0, ""eos_compact_q4_fp16_o200"": 1.0, ""eos_dense"": 1.0, ""hybrid_minmax_blend_a050"": 1.0, ""mxbai"": 1.0, ""qwen3"": 1.0}"	"{""bm25"": ""185282"", ""eos_compact_q4_fp16_o200"": ""591940"", ""eos_dense"": ""591940"", ""hybrid_minmax_blend_a050"": ""185282"", ""mxbai"": ""232063"", ""qwen3"": ""591940""}"
fiqa	3067	2	True	False	False	False	"{""bm25"": 0, ""eos_compact_q4_fp16_o200"": 0, ""eos_dense"": 0, ""hybrid_minmax_blend_a050"": 0, ""mxbai"": 6, ""qwen3"": 15}"	"{""bm25"": 0.0, ""eos_compact_q4_fp16_o200"": 0.0, ""eos_dense"": 0.0, ""hybrid_minmax_blend_a050"": 0.0, ""mxbai"": 0.2184074368181642, ""qwen3"": 0.0}"	"{""bm25"": 0.0, ""eos_compact_q4_fp16_o200"": 0.0, ""eos_dense"": 0.0, ""hybrid_minmax_blend_a050"": 0.0, ""mxbai"": 1.0, ""qwen3"": 1.0}"	"{""bm25"": ""83543"", ""eos_compact_q4_fp16_o200"": ""336276"", ""eos_dense"": ""336276"", ""hybrid_minmax_blend_a050"": ""336276"", ""mxbai"": ""560915"", ""qwen3"": ""391766""}"
fiqa	3085	2	True	True	False	False	"{""bm25"": 0, ""eos_compact_q4_fp16_o200"": 0, ""eos_dense"": 0, ""hybrid_minmax_blend_a050"": 0, ""mxbai"": 2, ""qwen3"": 5}"	"{""bm25"": 0.0, ""eos_compact_q4_fp16_o200"": 0.0, ""eos_dense"": 0.0, ""hybrid_minmax_blend_a050"": 0.0, ""mxbai"": 0.38685280723454163, ""qwen3"": 0.23719771276929624}"	"{""bm25"": 0.0, ""eos_compact_q4_fp16_o200"": 0.0, ""eos_dense"": 0.0, ""hybrid_minmax_blend_a050"": 0.0, ""mxbai"": 1.0, ""qwen3"": 1.0}"	"{""bm25"": ""341493"", ""eos_compact_q4_fp16_o200"": ""341493"", ""eos_dense"": ""341493"", ""hybrid_minmax_blend_a050"": ""341493"", ""mxbai"": ""380047"", ""qwen3"": ""79888""}"
fiqa	3091	7	False	True	True	False	"{""bm25"": 15, ""eos_compact_q4_fp16_o200"": 3, ""eos_dense"": 3, ""hybrid_minmax_blend_a050"": 3, ""mxbai"": 1, ""qwen3"": 1}"	"{""bm25"": 0.0, ""eos_compact_q4_fp16_o200"": 0.22415199495126514, ""eos_dense"": 0.22415199495126514, ""hybrid_minmax_blend_a050"": 0.13743816645714543, ""mxbai"": 0.9083745556952363, ""qwen3"": 0.9950883841893561}"	"{""bm25"": 0.42857142857142855, ""eos_compact_q4_fp16_o200"": 0.42857142857142855, ""eos_dense"": 0.42857142857142855, ""hybrid_minmax_blend_a050"": 0.42857142857142855, ""mxbai"": 1.0, ""qwen3"": 1.0}"	"{""bm25"": ""287571"", ""eos_compact_q4_fp16_o200"": ""559370"", ""eos_dense"": ""559370"", ""hybrid_minmax_blend_a050"": ""559370"", ""mxbai"": ""366448"", ""qwen3"": ""274870""}"
fiqa	3103	1	True	True	True	True	"{""bm25"": 3, ""eos_compact_q4_fp16_o200"": 43, ""eos_dense"": 43, ""hybrid_minmax_blend_a050"": 4, ""mxbai"": 1, ""qwen3"": 1}"	"{""bm25"": 0.5, ""eos_compact_q4_fp16_o200"": 0.0, ""eos_dense"": 0.0, ""hybrid_minmax_blend_a050"": 0.43067655807339306, ""mxbai"": 1.0, ""qwen3"": 1.0}"	"{""bm25"": 1.0, ""eos_compact_q4_fp16_o200"": 1.0, ""eos_dense"": 1.0, ""hybrid_minmax_blend_a050"": 1.0, ""mxbai"": 1.0, ""qwen3"": 1.0}"	"{""bm25"": ""229937"", ""eos_compact_q4_fp16_o200"": ""345894"", ""eos_dense"": ""345894"", ""hybrid_minmax_blend_a050"": ""229937"", ""mxbai"": ""176596"", ""qwen3"": ""176596""}"
fiqa	3115	6	True	True	True	True	"{""bm25"": 1, ""eos_compact_q4_fp16_o200"": 0, ""eos_dense"": 0, ""hybrid_minmax_blend_a050"": 2, ""mxbai"": 1, ""qwen3"": 1}"	"{""bm25"": 0.4935232796777481, ""eos_compact_q4_fp16_o200"": 0.0, ""eos_dense"": 0.0, ""hybrid_minmax_blend_a050"": 0.34222207292834134, ""mxbai"": 0.5709662133861838, ""qwen3"": 0.3900741276002217}"	"{""bm25"": 0.5, ""eos_compact_q4_fp16_o200"": 0.0, ""eos_dense"": 0.0, ""hybrid_minmax_blend_a050"": 0.5, ""mxbai"": 0.5, ""qwen3"": 0.5}"	"{""bm25"": ""233562"", ""eos_compact_q4_fp16_o200"": ""187352"", ""eos_dense"": ""187352"", ""hybrid_minmax_blend_a050"": ""187352"", ""mxbai"": ""233562"", ""qwen3"": ""233562""}"
fiqa	3125	1	True	True	False	False	"{""bm25"": 0, ""eos_compact_q4_fp16_o200"": 0, ""eos_dense"": 0, ""hybrid_minmax_blend_a050"": 0, ""mxbai"": 1, ""qwen3"": 2}"	"{""bm25"": 0.0, ""eos_compact_q4_fp16_o200"": 0.0, ""eos_dense"": 0.0, ""hybrid_minmax_blend_a050"": 0.0, ""mxbai"": 1.0, ""qwen3"": 0.6309297535714574}"	"{""bm25"": 0.0, ""eos_compact_q4_fp16_o200"": 0.0, ""eos_dense"": 0.0, ""hybrid_minmax_blend_a050"": 0.0, ""mxbai"": 1.0, ""qwen3"": 1.0}"	"{""bm25"": ""577200"", ""eos_compact_q4_fp16_o200"": ""163199"", ""eos_dense"": ""163199"", ""hybrid_minmax_blend_a050"": ""163199"", ""mxbai"": ""89008"", ""qwen3"": ""239019""}"
fiqa	3148	5	True	True	True	True	"{""bm25"": 1, ""eos_compact_q4_fp16_o200"": 11, ""eos_dense"": 11, ""hybrid_minmax_blend_a050"": 1, ""mxbai"": 1, ""qwen3"": 1}"	"{""bm25"": 0.47036528278595796, ""eos_compact_q4_fp16_o200"": 0.0, ""eos_dense"": 0.0, ""hybrid_minmax_blend_a050"": 0.3391602052736162, ""mxbai"": 0.5531464700081437, ""qwen3"": 0.5531464700081437}"	"{""bm25"": 0.4, ""eos_compact_q4_fp16_o200"": 0.2, ""eos_dense"": 0.2, ""hybrid_minmax_blend_a050"": 0.4, ""mxbai"": 0.8, ""qwen3"": 0.6}"	"{""bm25"": ""584305"", ""eos_compact_q4_fp16_o200"": ""395995"", ""eos_dense"": ""395995"", ""hybrid_minmax_blend_a050"": ""584305"", ""mxbai"": ""172855"", ""qwen3"": ""172855""}"
fiqa	3149	2	True	False	False	False	"{""bm25"": 6, ""eos_compact_q4_fp16_o200"": 16, ""eos_dense"": 16, ""hybrid_minmax_blend_a050"": 23, ""mxbai"": 8, ""qwen3"": 21}"	"{""bm25"": 0.2184074368181642, ""eos_compact_q4_fp16_o200"": 0.0, ""eos_dense"": 0.0, ""hybrid_minmax_blend_a050"": 0.0, ""mxbai"": 0.19342640361727081, ""qwen3"": 0.0}"	"{""bm25"": 0.5, ""eos_compact_q4_fp16_o200"": 0.5, ""eos_dense"": 0.5, ""hybrid_minmax_blend_a050"": 1.0, ""mxbai"": 0.5, ""qwen3"": 0.5}"	"{""bm25"": ""518949"", ""eos_compact_q4_fp16_o200"": ""352930"", ""eos_dense"": ""352930"", ""hybrid_minmax_blend_a050"": ""457034"", ""mxbai"": ""443960"", ""qwen3"": ""169312""}"
fiqa	3177	3	False	False	False	False	"{""bm25"": 10, ""eos_compact_q4_fp16_o200"": 2, ""eos_dense"": 2, ""hybrid_minmax_blend_a050"": 4, ""mxbai"": 17, ""qwen3"": 14}"	"{""bm25"": 0.1356519734324478, ""eos_compact_q4_fp16_o200"": 0.2960819109658653, ""eos_dense"": 0.2960819109658653, ""hybrid_minmax_blend_a050"": 0.20210734650054762, ""mxbai"": 0.0, ""qwen3"": 0.0}"	"{""bm25"": 0.6666666666666666, ""eos_compact_q4_fp16_o200"": 0.6666666666666666, ""eos_dense"": 0.6666666666666666, ""hybrid_minmax_blend_a050"": 0.6666666666666666, ""mxbai"": 1.0, ""qwen3"": 1.0}"	"{""bm25"": ""138383"", ""eos_compact_q4_fp16_o200"": ""377429"", ""eos_dense"": ""377429"", ""hybrid_minmax_blend_a050"": ""138383"", ""mxbai"": ""143238"", ""qwen3"": ""454224""}"
fiqa	3179	2	False	True	False	False	"{""bm25"": 3, ""eos_compact_q4_fp16_o200"": 2, ""eos_dense"": 2, ""hybrid_minmax_blend_a050"": 2, ""mxbai"": 3, ""qwen3"": 1}"	"{""bm25"": 0.30657359638272924, ""eos_compact_q4_fp16_o200"": 0.38685280723454163, ""eos_dense"": 0.38685280723454163, ""hybrid_minmax_blend_a050"": 0.38685280723454163, ""mxbai"": 0.483812883166777, ""qwen3"": 0.9197207891481877}"	"{""bm25"": 1.0, ""eos_compact_q4_fp16_o200"": 0.5, ""eos_dense"": 0.5, ""hybrid_minmax_blend_a050"": 1.0, ""mxbai"": 1.0, ""qwen3"": 1.0}"	"{""bm25"": ""63047"", ""eos_compact_q4_fp16_o200"": ""63047"", ""eos_dense"": ""63047"", ""hybrid_minmax_blend_a050"": ""63047"", ""mxbai"": ""521489"", ""qwen3"": ""385073""}"
fiqa	3186	2	True	True	True	True	"{""bm25"": 1, ""eos_compact_q4_fp16_o200"": 59, ""eos_dense"": 59, ""hybrid_minmax_blend_a050"": 1, ""mxbai"": 1, ""qwen3"": 1}"	"{""bm25"": 0.6131471927654585, ""eos_compact_q4_fp16_o200"": 0.0, ""eos_dense"": 0.0, ""hybrid_minmax_blend_a050"": 0.6131471927654585, ""mxbai"": 0.6131471927654585, ""qwen3"": 1.0}"	"{""bm25"": 0.5, ""eos_compact_q4_fp16_o200"": 0.5, ""eos_dense"": 0.5, ""hybrid_minmax_blend_a050"": 0.5, ""mxbai"": 1.0, ""qwen3"": 1.0}"	"{""bm25"": ""555486"", ""eos_compact_q4_fp16_o200"": ""88973"", ""eos_dense"": ""88973"", ""hybrid_minmax_blend_a050"": ""555486"", ""mxbai"": ""555486"", ""qwen3"": ""555486""}"
fiqa	3189	2	False	False	False	False	"{""bm25"": 26, ""eos_compact_q4_fp16_o200"": 2, ""eos_dense"": 2, ""hybrid_minmax_blend_a050"": 4, ""mxbai"": 0, ""qwen3"": 55}"	"{""bm25"": 0.0, ""eos_compact_q4_fp16_o200"": 0.38685280723454163, ""eos_dense"": 0.38685280723454163, ""hybrid_minmax_blend_a050"": 0.2640681225725909, ""mxbai"": 0.0, ""qwen3"": 0.0}"	"{""bm25"": 0.5, ""eos_compact_q4_fp16_o200"": 0.5, ""eos_dense"": 0.5, ""hybrid_minmax_blend_a050"": 0.5, ""mxbai"": 0.0, ""qwen3"": 0.5}"	"{""bm25"": ""94496"", ""eos_compact_q4_fp16_o200"": ""484683"", ""eos_dense"": ""484683"", ""hybrid_minmax_blend_a050"": ""404800"", ""mxbai"": ""404800"", ""qwen3"": ""423658""}"
fiqa	3254	3	False	True	True	True	"{""bm25"": 1, ""eos_compact_q4_fp16_o200"": 1, ""eos_dense"": 1, ""hybrid_minmax_blend_a050"": 1, ""mxbai"": 1, ""qwen3"": 1}"	"{""bm25"": 0.7653606369886218, ""eos_compact_q4_fp16_o200"": 0.46927872602275655, ""eos_dense"": 0.46927872602275655, ""hybrid_minmax_blend_a050"": 0.6508205185601093, ""mxbai"": 0.7653606369886218, ""qwen3"": 0.7653606369886218}"	"{""bm25"": 0.6666666666666666, ""eos_compact_q4_fp16_o200"": 0.6666666666666666, ""eos_dense"": 0.6666666666666666, ""hybrid_minmax_blend_a050"": 0.6666666666666666, ""mxbai"": 0.6666666666666666, ""qwen3"": 1.0}"	"{""bm25"": ""443511"", ""eos_compact_q4_fp16_o200"": ""443511"", ""eos_dense"": ""443511"", ""hybrid_minmax_blend_a050"": ""443511"", ""mxbai"": ""443511"", ""qwen3"": ""443511""}"
fiqa	3264	4	True	True	True	False	"{""bm25"": 6, ""eos_compact_q4_fp16_o200"": 46, ""eos_dense"": 46, ""hybrid_minmax_blend_a050"": 10, ""mxbai"": 1, ""qwen3"": 1}"	"{""bm25"": 0.13905617951077565, ""eos_compact_q4_fp16_o200"": 0.0, ""eos_dense"": 0.0, ""hybrid_minmax_blend_a050"": 0.11284514134893528, ""mxbai"": 0.6366824387328317, ""qwen3"": 0.8048099750039491}"	"{""bm25"": 0.75, ""eos_compact_q4_fp16_o200"": 0.25, ""eos_dense"": 0.25, ""hybrid_minmax_blend_a050"": 0.75, ""mxbai"": 0.75, ""qwen3"": 0.75}"	"{""bm25"": ""268802"", ""eos_compact_q4_fp16_o200"": ""301609"", ""eos_dense"": ""301609"", ""hybrid_minmax_blend_a050"": ""301609"", ""mxbai"": ""260383"", ""qwen3"": ""486525""}"
fiqa	3357	1	True	True	False	False	"{""bm25"": 1, ""eos_compact_q4_fp16_o200"": 0, ""eos_dense"": 0, ""hybrid_minmax_blend_a050"": 2, ""mxbai"": 5, ""qwen3"": 2}"	"{""bm25"": 1.0, ""eos_compact_q4_fp16_o200"": 0.0, ""eos_dense"": 0.0, ""hybrid_minmax_blend_a050"": 0.6309297535714574, ""mxbai"": 0.38685280723454163, ""qwen3"": 0.6309297535714574}"	"{""bm25"": 1.0, ""eos_compact_q4_fp16_o200"": 0.0, ""eos_dense"": 0.0, ""hybrid_minmax_blend_a050"": 1.0, ""mxbai"": 1.0, ""qwen3"": 1.0}"	"{""bm25"": ""209974"", ""eos_compact_q4_fp16_o200"": ""493580"", ""eos_dense"": ""493580"", ""hybrid_minmax_blend_a050"": ""493580"", ""mxbai"": ""413879"", ""qwen3"": ""424818""}"
fiqa	3369	6	True	False	False	False	"{""bm25"": 14, ""eos_compact_q4_fp16_o200"": 17, ""eos_dense"": 17, ""hybrid_minmax_blend_a050"": 4, ""mxbai"": 39, ""qwen3"": 6}"	"{""bm25"": 0.0, ""eos_compact_q4_fp16_o200"": 0.0, ""eos_dense"": 0.0, ""hybrid_minmax_blend_a050"": 0.13032376591037065, ""mxbai"": 0.0, ""qwen3"": 0.10778915452451095}"	"{""bm25"": 0.16666666666666666, ""eos_compact_q4_fp16_o200"": 0.5, ""eos_dense"": 0.5, ""hybrid_minmax_blend_a050"": 0.3333333333333333, ""mxbai"": 0.16666666666666666, ""qwen3"": 0.16666666666666666}"	"{""bm25"": ""422979"", ""eos_compact_q4_fp16_o200"": ""422979"", ""eos_dense"": ""422979"", ""hybrid_minmax_blend_a050"": ""422979"", ""mxbai"": ""443002"", ""qwen3"": ""576391""}"
fiqa	3394	4	True	True	True	False	"{""bm25"": 0, ""eos_compact_q4_fp16_o200"": 29, ""eos_dense"": 29, ""hybrid_minmax_blend_a050"": 61, ""mxbai"": 1, ""qwen3"": 1}"	"{""bm25"": 0.0, ""eos_compact_q4_fp16_o200"": 0.0, ""eos_dense"": 0.0, ""hybrid_minmax_blend_a050"": 0.0, ""mxbai"": 0.5855700749881526, ""qwen3"": 0.8318724637288826}"	"{""bm25"": 0.0, ""eos_compact_q4_fp16_o200"": 0.25, ""eos_dense"": 0.25, ""hybrid_minmax_blend_a050"": 0.25, ""mxbai"": 0.75, ""qwen3"": 0.75}"	"{""bm25"": ""224765"", ""eos_compact_q4_fp16_o200"": ""159471"", ""eos_dense"": ""159471"", ""hybrid_minmax_blend_a050"": ""311192"", ""mxbai"": ""445971"", ""qwen3"": ""342258""}"
fiqa	3404	7	False	True	False	False	"{""bm25"": 4, ""eos_compact_q4_fp16_o200"": 1, ""eos_dense"": 1, ""hybrid_minmax_blend_a050"": 2, ""mxbai"": 1, ""qwen3"": 2}"	"{""bm25"": 0.11838279295536293, ""eos_compact_q4_fp16_o200"": 0.27487633291429087, ""eos_dense"": 0.27487633291429087, ""hybrid_minmax_blend_a050"": 0.26014148548235916, ""mxbai"": 0.4123144993714363, ""qwen3"": 0.38972337529357015}"	"{""bm25"": 0.2857142857142857, ""eos_compact_q4_fp16_o200"": 0.14285714285714285, ""eos_dense"": 0.14285714285714285, ""hybrid_minmax_blend_a050"": 0.42857142857142855, ""mxbai"": 0.8571428571428571, ""qwen3"": 0.8571428571428571}"	"{""bm25"": ""37725"", ""eos_compact_q4_fp16_o200"": ""442110"", ""eos_dense"": ""442110"", ""hybrid_minmax_blend_a050"": ""44152"", ""mxbai"": ""395483"", ""qwen3"": ""218986""}"
fiqa	3405	1	True	True	False	False	"{""bm25"": 29, ""eos_compact_q4_fp16_o200"": 0, ""eos_dense"": 0, ""hybrid_minmax_blend_a050"": 68, ""mxbai"": 3, ""qwen3"": 1}"	"{""bm25"": 0.0, ""eos_compact_q4_fp16_o200"": 0.0, ""eos_dense"": 0.0, ""hybrid_minmax_blend_a050"": 0.0, ""mxbai"": 0.5, ""qwen3"": 1.0}"	"{""bm25"": 1.0, ""eos_compact_q4_fp16_o200"": 0.0, ""eos_dense"": 0.0, ""hybrid_minmax_blend_a050"": 1.0, ""mxbai"": 1.0, ""qwen3"": 1.0}"	"{""bm25"": ""367562"", ""eos_compact_q4_fp16_o200"": ""382295"", ""eos_dense"": ""382295"", ""hybrid_minmax_blend_a050"": ""367562"", ""mxbai"": ""198945"", ""qwen3"": ""495467""}"
fiqa	3446	5	False	True	True	True	"{""bm25"": 7, ""eos_compact_q4_fp16_o200"": 5, ""eos_dense"": 5, ""hybrid_minmax_blend_a050"": 5, ""mxbai"": 1, ""qwen3"": 1}"	"{""bm25"": 0.31319008271214077, ""eos_compact_q4_fp16_o200"": 0.23819820987960558, ""eos_dense"": 0.23819820987960558, ""hybrid_minmax_blend_a050"": 0.23819820987960558, ""mxbai"": 0.6601396023754075, ""qwen3"": 0.5087403079104242}"	"{""bm25"": 0.6, ""eos_compact_q4_fp16_o200"": 0.8, ""eos_dense"": 0.8, ""hybrid_minmax_blend_a050"": 0.8, ""mxbai"": 1.0, ""qwen3"": 1.0}"	"{""bm25"": ""253202"", ""eos_compact_q4_fp16_o200"": ""405178"", ""eos_dense"": ""405178"", ""hybrid_minmax_blend_a050"": ""109675"", ""mxbai"": ""323498"", ""qwen3"": ""323498""}"
fiqa	3451	7	True	False	False	False	"{""bm25"": 87, ""eos_compact_q4_fp16_o200"": 0, ""eos_dense"": 0, ""hybrid_minmax_blend_a050"": 0, ""mxbai"": 11, ""qwen3"": 12}"	"{""bm25"": 0.0, ""eos_compact_q4_fp16_o200"": 0.0, ""eos_dense"": 0.0, ""hybrid_minmax_blend_a050"": 0.0, ""mxbai"": 0.0, ""qwen3"": 0.0}"	"{""bm25"": 0.14285714285714285, ""eos_compact_q4_fp16_o200"": 0.0, ""eos_dense"": 0.0, ""hybrid_minmax_blend_a050"": 0.0, ""mxbai"": 0.5714285714285714, ""qwen3"": 0.5714285714285714}"	"{""bm25"": ""251536"", ""eos_compact_q4_fp16_o200"": ""495568"", ""eos_dense"": ""495568"", ""hybrid_minmax_blend_a050"": ""251536"", ""mxbai"": ""407602"", ""qwen3"": ""310683""}"
fiqa	3453	2	False	True	True	False	"{""bm25"": 3, ""eos_compact_q4_fp16_o200"": 2, ""eos_dense"": 2, ""hybrid_minmax_blend_a050"": 2, ""mxbai"": 1, ""qwen3"": 1}"	"{""bm25"": 0.5, ""eos_compact_q4_fp16_o200"": 0.38685280723454163, ""eos_dense"": 0.38685280723454163, ""hybrid_minmax_blend_a050"": 0.38685280723454163, ""mxbai"": 0.8772153153380494, ""qwen3"": 1.0}"	"{""bm25"": 1.0, ""eos_compact_q4_fp16_o200"": 1.0, ""eos_dense"": 1.0, ""hybrid_minmax_blend_a050"": 1.0, ""mxbai"": 1.0, ""qwen3"": 1.0}"	"{""bm25"": ""587111"", ""eos_compact_q4_fp16_o200"": ""587111"", ""eos_dense"": ""587111"", ""hybrid_minmax_blend_a050"": ""587111"", ""mxbai"": ""418626"", ""qwen3"": ""233635""}"
fiqa	3480	4	True	True	True	True	"{""bm25"": 1, ""eos_compact_q4_fp16_o200"": 0, ""eos_dense"": 0, ""hybrid_minmax_blend_a050"": 2, ""mxbai"": 1, ""qwen3"": 1}"	"{""bm25"": 0.6366824387328317, ""eos_compact_q4_fp16_o200"": 0.0, ""eos_dense"": 0.0, ""hybrid_minmax_blend_a050"": 0.38535856825150566, ""mxbai"": 1.0, ""qwen3"": 1.0}"	"{""bm25"": 0.75, ""eos_compact_q4_fp16_o200"": 0.0, ""eos_dense"": 0.0, ""hybrid_minmax_blend_a050"": 0.5, ""mxbai"": 1.0, ""qwen3"": 1.0}"	"{""bm25"": ""221015"", ""eos_compact_q4_fp16_o200"": ""229978"", ""eos_dense"": ""229978"", ""hybrid_minmax_blend_a050"": ""229978"", ""mxbai"": ""221015"", ""qwen3"": ""221015""}"
fiqa	3490	1	True	True	False	True	"{""bm25"": 0, ""eos_compact_q4_fp16_o200"": 0, ""eos_dense"": 0, ""hybrid_minmax_blend_a050"": 0, ""mxbai"": 7, ""qwen3"": 3}"	"{""bm25"": 0.0, ""eos_compact_q4_fp16_o200"": 0.0, ""eos_dense"": 0.0, ""hybrid_minmax_blend_a050"": 0.0, ""mxbai"": 0.3333333333333333, ""qwen3"": 0.5}"	"{""bm25"": 0.0, ""eos_compact_q4_fp16_o200"": 0.0, ""eos_dense"": 0.0, ""hybrid_minmax_blend_a050"": 0.0, ""mxbai"": 1.0, ""qwen3"": 1.0}"	"{""bm25"": ""523360"", ""eos_compact_q4_fp16_o200"": ""291886"", ""eos_dense"": ""291886"", ""hybrid_minmax_blend_a050"": ""400730"", ""mxbai"": ""447651"", ""qwen3"": ""447651""}"
fiqa	3500	6	True	True	True	False	"{""bm25"": 1, ""eos_compact_q4_fp16_o200"": 21, ""eos_dense"": 21, ""hybrid_minmax_blend_a050"": 4, ""mxbai"": 1, ""qwen3"": 1}"	"{""bm25"": 0.45390362024822023, ""eos_compact_q4_fp16_o200"": 0.0, ""eos_dense"": 0.0, ""hybrid_minmax_blend_a050"": 0.13032376591037065, ""mxbai"": 0.5449960234716783, ""qwen3"": 0.4935232796777481}"	"{""bm25"": 0.5, ""eos_compact_q4_fp16_o200"": 0.5, ""eos_dense"": 0.5, ""hybrid_minmax_blend_a050"": 0.8333333333333334, ""mxbai"": 0.8333333333333334, ""qwen3"": 0.8333333333333334}"	"{""bm25"": ""71424"", ""eos_compact_q4_fp16_o200"": ""482991"", ""eos_dense"": ""482991"", ""hybrid_minmax_blend_a050"": ""96538"", ""mxbai"": ""273187"", ""qwen3"": ""557478""}"
fiqa	3503	7	True	True	True	True	"{""bm25"": 2, ""eos_compact_q4_fp16_o200"": 70, ""eos_dense"": 70, ""hybrid_minmax_blend_a050"": 12, ""mxbai"": 1, ""qwen3"": 1}"	"{""bm25"": 0.17342765698823945, ""eos_compact_q4_fp16_o200"": 0.0, ""eos_dense"": 0.0, ""hybrid_minmax_blend_a050"": 0.0, ""mxbai"": 0.6920788373899056, ""qwen3"": 0.6779350796987671}"	"{""bm25"": 0.5714285714285714, ""eos_compact_q4_fp16_o200"": 0.14285714285714285, ""eos_dense"": 0.14285714285714285, ""hybrid_minmax_blend_a050"": 0.5714285714285714, ""mxbai"": 1.0, ""qwen3"": 1.0}"	"{""bm25"": ""445887"", ""eos_compact_q4_fp16_o200"": ""295688"", ""eos_dense"": ""295688"", ""hybrid_minmax_blend_a050"": ""597679"", ""mxbai"": ""297764"", ""qwen3"": ""297764""}"
fiqa	3512	2	False	True	True	True	"{""bm25"": 1, ""eos_compact_q4_fp16_o200"": 1, ""eos_dense"": 1, ""hybrid_minmax_blend_a050"": 1, ""mxbai"": 1, ""qwen3"": 1}"	"{""bm25"": 0.6131471927654585, ""eos_compact_q4_fp16_o200"": 0.6131471927654585, ""eos_dense"": 0.6131471927654585, ""hybrid_minmax_blend_a050"": 0.6131471927654585, ""mxbai"": 1.0, ""qwen3"": 1.0}"	"{""bm25"": 0.5, ""eos_compact_q4_fp16_o200"": 0.5, ""eos_dense"": 0.5, ""hybrid_minmax_blend_a050"": 0.5, ""mxbai"": 1.0, ""qwen3"": 1.0}"	"{""bm25"": ""466835"", ""eos_compact_q4_fp16_o200"": ""466835"", ""eos_dense"": ""466835"", ""hybrid_minmax_blend_a050"": ""466835"", ""mxbai"": ""466835"", ""qwen3"": ""466835""}"
fiqa	3528	1	False	True	False	False	"{""bm25"": 2, ""eos_compact_q4_fp16_o200"": 2, ""eos_dense"": 2, ""hybrid_minmax_blend_a050"": 1, ""mxbai"": 2, ""qwen3"": 1}"	"{""bm25"": 0.6309297535714574, ""eos_compact_q4_fp16_o200"": 0.6309297535714574, ""eos_dense"": 0.6309297535714574, ""hybrid_minmax_blend_a050"": 1.0, ""mxbai"": 0.6309297535714574, ""qwen3"": 1.0}"	"{""bm25"": 1.0, ""eos_compact_q4_fp16_o200"": 1.0, ""eos_dense"": 1.0, ""hybrid_minmax_blend_a050"": 1.0, ""mxbai"": 1.0, ""qwen3"": 1.0}"	"{""bm25"": ""57211"", ""eos_compact_q4_fp16_o200"": ""369075"", ""eos_dense"": ""369075"", ""hybrid_minmax_blend_a050"": ""345697"", ""mxbai"": ""447983"", ""qwen3"": ""345697""}"
fiqa	3530	3	True	True	True	True	"{""bm25"": 49, ""eos_compact_q4_fp16_o200"": 0, ""eos_dense"": 0, ""hybrid_minmax_blend_a050"": 91, ""mxbai"": 1, ""qwen3"": 1}"	"{""bm25"": 0.0, ""eos_compact_q4_fp16_o200"": 0.0, ""eos_dense"": 0.0, ""hybrid_minmax_blend_a050"": 0.0, ""mxbai"": 0.46927872602275655, ""qwen3"": 0.6713860725233042}"	"{""bm25"": 0.3333333333333333, ""eos_compact_q4_fp16_o200"": 0.0, ""eos_dense"": 0.0, ""hybrid_minmax_blend_a050"": 0.3333333333333333, ""mxbai"": 0.6666666666666666, ""qwen3"": 0.6666666666666666}"	"{""bm25"": ""165246"", ""eos_compact_q4_fp16_o200"": ""500986"", ""eos_dense"": ""500986"", ""hybrid_minmax_blend_a050"": ""165246"", ""mxbai"": ""184299"", ""qwen3"": ""184299""}"
fiqa	3534	1	True	False	False	False	"{""bm25"": 0, ""eos_compact_q4_fp16_o200"": 0, ""eos_dense"": 0, ""hybrid_minmax_blend_a050"": 0, ""mxbai"": 0, ""qwen3"": 0}"	"{""bm25"": 0.0, ""eos_compact_q4_fp16_o200"": 0.0, ""eos_dense"": 0.0, ""hybrid_minmax_blend_a050"": 0.0, ""mxbai"": 0.0, ""qwen3"": 0.0}"	"{""bm25"": 0.0, ""eos_compact_q4_fp16_o200"": 0.0, ""eos_dense"": 0.0, ""hybrid_minmax_blend_a050"": 0.0, ""mxbai"": 0.0, ""qwen3"": 0.0}"	"{""bm25"": ""53353"", ""eos_compact_q4_fp16_o200"": ""24269"", ""eos_dense"": ""24269"", ""hybrid_minmax_blend_a050"": ""24269"", ""mxbai"": ""512944"", ""qwen3"": ""517497""}"
fiqa	3566	3	True	True	False	False	"{""bm25"": 2, ""eos_compact_q4_fp16_o200"": 0, ""eos_dense"": 0, ""hybrid_minmax_blend_a050"": 6, ""mxbai"": 9, ""qwen3"": 1}"	"{""bm25"": 0.2960819109658653, ""eos_compact_q4_fp16_o200"": 0.0, ""eos_dense"": 0.0, ""hybrid_minmax_blend_a050"": 0.16716045496620233, ""mxbai"": 0.14126697285982903, ""qwen3"": 0.7928654229965443}"	"{""bm25"": 0.3333333333333333, ""eos_compact_q4_fp16_o200"": 0.0, ""eos_dense"": 0.0, ""hybrid_minmax_blend_a050"": 0.3333333333333333, ""mxbai"": 1.0, ""qwen3"": 1.0}"	"{""bm25"": ""421987"", ""eos_compact_q4_fp16_o200"": ""206813"", ""eos_dense"": ""206813"", ""hybrid_minmax_blend_a050"": ""421987"", ""mxbai"": ""573814"", ""qwen3"": ""152286""}"
fiqa	3569	1	True	False	False	False	"{""bm25"": 51, ""eos_compact_q4_fp16_o200"": 0, ""eos_dense"": 0, ""hybrid_minmax_blend_a050"": 90, ""mxbai"": 8, ""qwen3"": 58}"	"{""bm25"": 0.0, ""eos_compact_q4_fp16_o200"": 0.0, ""eos_dense"": 0.0, ""hybrid_minmax_blend_a050"": 0.0, ""mxbai"": 0.3154648767857287, ""qwen3"": 0.0}"	"{""bm25"": 1.0, ""eos_compact_q4_fp16_o200"": 0.0, ""eos_dense"": 0.0, ""hybrid_minmax_blend_a050"": 1.0, ""mxbai"": 1.0, ""qwen3"": 1.0}"	"{""bm25"": ""19853"", ""eos_compact_q4_fp16_o200"": ""101750"", ""eos_dense"": ""101750"", ""hybrid_minmax_blend_a050"": ""151261"", ""mxbai"": ""546646"", ""qwen3"": ""540765""}"
fiqa	3594	4	True	False	False	False	"{""bm25"": 0, ""eos_compact_q4_fp16_o200"": 46, ""eos_dense"": 46, ""hybrid_minmax_blend_a050"": 98, ""mxbai"": 7, ""qwen3"": 18}"	"{""bm25"": 0.0, ""eos_compact_q4_fp16_o200"": 0.0, ""eos_dense"": 0.0, ""hybrid_minmax_blend_a050"": 0.0, ""mxbai"": 0.24764278808712772, ""qwen3"": 0.0}"	"{""bm25"": 0.0, ""eos_compact_q4_fp16_o200"": 0.25, ""eos_dense"": 0.25, ""hybrid_minmax_blend_a050"": 0.25, ""mxbai"": 1.0, ""qwen3"": 0.75}"	"{""bm25"": ""591163"", ""eos_compact_q4_fp16_o200"": ""222476"", ""eos_dense"": ""222476"", ""hybrid_minmax_blend_a050"": ""222476"", ""mxbai"": ""409573"", ""qwen3"": ""109324""}"
fiqa	3612	4	True	True	False	False	"{""bm25"": 56, ""eos_compact_q4_fp16_o200"": 26, ""eos_dense"": 26, ""hybrid_minmax_blend_a050"": 27, ""mxbai"": 6, ""qwen3"": 4}"	"{""bm25"": 0.0, ""eos_compact_q4_fp16_o200"": 0.0, ""eos_dense"": 0.0, ""hybrid_minmax_blend_a050"": 0.0, ""mxbai"": 0.13905617951077565, ""qwen3"": 0.41577032435824524}"	"{""bm25"": 0.25, ""eos_compact_q4_fp16_o200"": 0.75, ""eos_dense"": 0.75, ""hybrid_minmax_blend_a050"": 0.25, ""mxbai"": 0.75, ""qwen3"": 0.75}"	"{""bm25"": ""89484"", ""eos_compact_q4_fp16_o200"": ""402593"", ""eos_dense"": ""402593"", ""hybrid_minmax_blend_a050"": ""522658"", ""mxbai"": ""37152"", ""qwen3"": ""567383""}"
fiqa	3615	2	False	True	False	False	"{""bm25"": 1, ""eos_compact_q4_fp16_o200"": 2, ""eos_dense"": 2, ""hybrid_minmax_blend_a050"": 1, ""mxbai"": 5, ""qwen3"": 5}"	"{""bm25"": 0.6131471927654585, ""eos_compact_q4_fp16_o200"": 0.38685280723454163, ""eos_dense"": 0.38685280723454163, ""hybrid_minmax_blend_a050"": 0.6131471927654585, ""mxbai"": 0.23719771276929624, ""qwen3"": 0.23719771276929624}"	"{""bm25"": 0.5, ""eos_compact_q4_fp16_o200"": 1.0, ""eos_dense"": 1.0, ""hybrid_minmax_blend_a050"": 0.5, ""mxbai"": 1.0, ""qwen3"": 1.0}"	"{""bm25"": ""335991"", ""eos_compact_q4_fp16_o200"": ""577837"", ""eos_dense"": ""577837"", ""hybrid_minmax_blend_a050"": ""335991"", ""mxbai"": ""344526"", ""qwen3"": ""470267""}"
fiqa	3625	3	True	True	True	True	"{""bm25"": 83, ""eos_compact_q4_fp16_o200"": 29, ""eos_dense"": 29, ""hybrid_minmax_blend_a050"": 37, ""mxbai"": 1, ""qwen3"": 1}"	"{""bm25"": 0.0, ""eos_compact_q4_fp16_o200"": 0.0, ""eos_dense"": 0.0, ""hybrid_minmax_blend_a050"": 0.0, ""mxbai"": 0.46927872602275655, ""qwen3"": 0.46927872602275655}"	"{""bm25"": 0.3333333333333333, ""eos_compact_q4_fp16_o200"": 0.3333333333333333, ""eos_dense"": 0.3333333333333333, ""hybrid_minmax_blend_a050"": 0.3333333333333333, ""mxbai"": 0.3333333333333333, ""qwen3"": 0.6666666666666666}"	"{""bm25"": ""278656"", ""eos_compact_q4_fp16_o200"": ""556519"", ""eos_dense"": ""556519"", ""hybrid_minmax_blend_a050"": ""556519"", ""mxbai"": ""500751"", ""qwen3"": ""500751""}"
fiqa	3682	2	True	True	False	False	"{""bm25"": 0, ""eos_compact_q4_fp16_o200"": 59, ""eos_dense"": 59, ""hybrid_minmax_blend_a050"": 91, ""mxbai"": 4, ""qwen3"": 3}"	"{""bm25"": 0.0, ""eos_compact_q4_fp16_o200"": 0.0, ""eos_dense"": 0.0, ""hybrid_minmax_blend_a050"": 0.0, ""mxbai"": 0.2640681225725909, ""qwen3"": 0.30657359638272924}"	"{""bm25"": 0.0, ""eos_compact_q4_fp16_o200"": 1.0, ""eos_dense"": 1.0, ""hybrid_minmax_blend_a050"": 0.5, ""mxbai"": 1.0, ""qwen3"": 1.0}"	"{""bm25"": ""75686"", ""eos_compact_q4_fp16_o200"": ""79764"", ""eos_dense"": ""79764"", ""hybrid_minmax_blend_a050"": ""188531"", ""mxbai"": ""247313"", ""qwen3"": ""187568""}"
fiqa	3683	6	False	True	False	False	"{""bm25"": 3, ""eos_compact_q4_fp16_o200"": 10, ""eos_dense"": 10, ""hybrid_minmax_blend_a050"": 3, ""mxbai"": 2, ""qwen3"": 1}"	"{""bm25"": 0.2521686779156779, ""eos_compact_q4_fp16_o200"": 0.08747171410140821, ""eos_dense"": 0.08747171410140821, ""hybrid_minmax_blend_a050"": 0.24239360997286483, ""mxbai"": 0.47254583883871204, ""qwen3"": 0.6967728672917264}"	"{""bm25"": 0.6666666666666666, ""eos_compact_q4_fp16_o200"": 0.3333333333333333, ""eos_dense"": 0.3333333333333333, ""hybrid_minmax_blend_a050"": 0.6666666666666666, ""mxbai"": 0.8333333333333334, ""qwen3"": 0.6666666666666666}"	"{""bm25"": ""428848"", ""eos_compact_q4_fp16_o200"": ""408995"", ""eos_dense"": ""408995"", ""hybrid_minmax_blend_a050"": ""428848"", ""mxbai"": ""408995"", ""qwen3"": ""276975""}"
fiqa	3694	2	True	True	True	True	"{""bm25"": 1, ""eos_compact_q4_fp16_o200"": 0, ""eos_dense"": 0, ""hybrid_minmax_blend_a050"": 3, ""mxbai"": 1, ""qwen3"": 1}"	"{""bm25"": 0.6131471927654585, ""eos_compact_q4_fp16_o200"": 0.0, ""eos_dense"": 0.0, ""hybrid_minmax_blend_a050"": 0.30657359638272924, ""mxbai"": 0.9197207891481877, ""qwen3"": 0.6131471927654585}"	"{""bm25"": 0.5, ""eos_compact_q4_fp16_o200"": 0.0, ""eos_dense"": 0.0, ""hybrid_minmax_blend_a050"": 0.5, ""mxbai"": 1.0, ""qwen3"": 1.0}"	"{""bm25"": ""204747"", ""eos_compact_q4_fp16_o200"": ""91911"", ""eos_dense"": ""91911"", ""hybrid_minmax_blend_a050"": ""91911"", ""mxbai"": ""204747"", ""qwen3"": ""204747""}"
fiqa	3724	10	False	True	False	False	"{""bm25"": 16, ""eos_compact_q4_fp16_o200"": 8, ""eos_dense"": 8, ""hybrid_minmax_blend_a050"": 16, ""mxbai"": 4, ""qwen3"": 2}"	"{""bm25"": 0.0, ""eos_compact_q4_fp16_o200"": 0.1356854453911663, ""eos_dense"": 0.1356854453911663, ""hybrid_minmax_blend_a050"": 0.0, ""mxbai"": 0.23440650992329992, ""qwen3"": 0.13886244387355454}"	"{""bm25"": 0.2, ""eos_compact_q4_fp16_o200"": 0.4, ""eos_dense"": 0.4, ""hybrid_minmax_blend_a050"": 0.5, ""mxbai"": 0.4, ""qwen3"": 0.4}"	"{""bm25"": ""411910"", ""eos_compact_q4_fp16_o200"": ""302453"", ""eos_dense"": ""302453"", ""hybrid_minmax_blend_a050"": ""488673"", ""mxbai"": ""497561"", ""qwen3"": ""140330""}"
fiqa	3735	3	True	False	False	False	"{""bm25"": 37, ""eos_compact_q4_fp16_o200"": 37, ""eos_dense"": 37, ""hybrid_minmax_blend_a050"": 37, ""mxbai"": 12, ""qwen3"": 3}"	"{""bm25"": 0.0, ""eos_compact_q4_fp16_o200"": 0.0, ""eos_dense"": 0.0, ""hybrid_minmax_blend_a050"": 0.0, ""mxbai"": 0.0, ""qwen3"": 0.4367467095119259}"	"{""bm25"": 0.6666666666666666, ""eos_compact_q4_fp16_o200"": 0.6666666666666666, ""eos_dense"": 0.6666666666666666, ""hybrid_minmax_blend_a050"": 0.6666666666666666, ""mxbai"": 1.0, ""qwen3"": 1.0}"	"{""bm25"": ""549422"", ""eos_compact_q4_fp16_o200"": ""511093"", ""eos_dense"": ""511093"", ""hybrid_minmax_blend_a050"": ""537153"", ""mxbai"": ""32290"", ""qwen3"": ""565909""}"
fiqa	3759	3	True	False	False	True	"{""bm25"": 0, ""eos_compact_q4_fp16_o200"": 49, ""eos_dense"": 49, ""hybrid_minmax_blend_a050"": 82, ""mxbai"": 0, ""qwen3"": 0}"	"{""bm25"": 0.0, ""eos_compact_q4_fp16_o200"": 0.0, ""eos_dense"": 0.0, ""hybrid_minmax_blend_a050"": 0.0, ""mxbai"": 0.0, ""qwen3"": 0.0}"	"{""bm25"": 0.0, ""eos_compact_q4_fp16_o200"": 0.3333333333333333, ""eos_dense"": 0.3333333333333333, ""hybrid_minmax_blend_a050"": 0.3333333333333333, ""mxbai"": 0.0, ""qwen3"": 0.0}"	"{""bm25"": ""373772"", ""eos_compact_q4_fp16_o200"": ""333219"", ""eos_dense"": ""333219"", ""hybrid_minmax_blend_a050"": ""333219"", ""mxbai"": ""214248"", ""qwen3"": ""214248""}"
fiqa	3767	5	True	True	False	False	"{""bm25"": 99, ""eos_compact_q4_fp16_o200"": 0, ""eos_dense"": 0, ""hybrid_minmax_blend_a050"": 0, ""mxbai"": 4, ""qwen3"": 1}"	"{""bm25"": 0.0, ""eos_compact_q4_fp16_o200"": 0.0, ""eos_dense"": 0.0, ""hybrid_minmax_blend_a050"": 0.0, ""mxbai"": 0.14606834984270647, ""qwen3"": 0.4522136070314882}"	"{""bm25"": 0.2, ""eos_compact_q4_fp16_o200"": 0.0, ""eos_dense"": 0.0, ""hybrid_minmax_blend_a050"": 0.0, ""mxbai"": 0.6, ""qwen3"": 0.6}"	"{""bm25"": ""90632"", ""eos_compact_q4_fp16_o200"": ""158285"", ""eos_dense"": ""158285"", ""hybrid_minmax_blend_a050"": ""587778"", ""mxbai"": ""90632"", ""qwen3"": ""368679""}"
fiqa	3771	6	True	True	True	False	"{""bm25"": 0, ""eos_compact_q4_fp16_o200"": 0, ""eos_dense"": 0, ""hybrid_minmax_blend_a050"": 0, ""mxbai"": 1, ""qwen3"": 1}"	"{""bm25"": 0.0, ""eos_compact_q4_fp16_o200"": 0.0, ""eos_dense"": 0.0, ""hybrid_minmax_blend_a050"": 0.0, ""mxbai"": 0.4935232796777481, ""qwen3"": 0.4935232796777481}"	"{""bm25"": 0.0, ""eos_compact_q4_fp16_o200"": 0.0, ""eos_dense"": 0.0, ""hybrid_minmax_blend_a050"": 0.0, ""mxbai"": 0.3333333333333333, ""qwen3"": 0.5}"	"{""bm25"": ""490384"", ""eos_compact_q4_fp16_o200"": ""108189"", ""eos_dense"": ""108189"", ""hybrid_minmax_blend_a050"": ""108189"", ""mxbai"": ""128471"", ""qwen3"": ""521712""}"
fiqa	3781	2	True	True	False	False	"{""bm25"": 2, ""eos_compact_q4_fp16_o200"": 0, ""eos_dense"": 0, ""hybrid_minmax_blend_a050"": 5, ""mxbai"": 1, ""qwen3"": 2}"	"{""bm25"": 0.38685280723454163, ""eos_compact_q4_fp16_o200"": 0.0, ""eos_dense"": 0.0, ""hybrid_minmax_blend_a050"": 0.23719771276929624, ""mxbai"": 0.8065735963827292, ""qwen3"": 0.6509209298071325}"	"{""bm25"": 1.0, ""eos_compact_q4_fp16_o200"": 0.0, ""eos_dense"": 0.0, ""hybrid_minmax_blend_a050"": 0.5, ""mxbai"": 1.0, ""qwen3"": 1.0}"	"{""bm25"": ""446628"", ""eos_compact_q4_fp16_o200"": ""105264"", ""eos_dense"": ""105264"", ""hybrid_minmax_blend_a050"": ""105264"", ""mxbai"": ""413328"", ""qwen3"": ""144439""}"
fiqa	3789	4	False	True	True	True	"{""bm25"": 1, ""eos_compact_q4_fp16_o200"": 6, ""eos_dense"": 6, ""hybrid_minmax_blend_a050"": 1, ""mxbai"": 1, ""qwen3"": 1}"	"{""bm25"": 0.8048099750039491, ""eos_compact_q4_fp16_o200"": 0.26918286284147624, ""eos_dense"": 0.2622073738811406, ""hybrid_minmax_blend_a050"": 0.6366824387328317, ""mxbai"": 0.7246262544989283, ""qwen3"": 0.7536976112592702}"	"{""bm25"": 0.75, ""eos_compact_q4_fp16_o200"": 0.75, ""eos_dense"": 0.75, ""hybrid_minmax_blend_a050"": 0.75, ""mxbai"": 0.75, ""qwen3"": 1.0}"	"{""bm25"": ""274573"", ""eos_compact_q4_fp16_o200"": ""129862"", ""eos_dense"": ""129862"", ""hybrid_minmax_blend_a050"": ""274573"", ""mxbai"": ""274573"", ""qwen3"": ""274573""}"
fiqa	3791	3	False	True	False	True	"{""bm25"": 1, ""eos_compact_q4_fp16_o200"": 1, ""eos_dense"": 1, ""hybrid_minmax_blend_a050"": 1, ""mxbai"": 2, ""qwen3"": 4}"	"{""bm25"": 0.46927872602275655, ""eos_compact_q4_fp16_o200"": 0.6713860725233042, ""eos_dense"": 0.6713860725233042, ""hybrid_minmax_blend_a050"": 0.6713860725233042, ""mxbai"": 0.5307212739772434, ""qwen3"": 0.3836491390379003}"	"{""bm25"": 0.6666666666666666, ""eos_compact_q4_fp16_o200"": 1.0, ""eos_dense"": 1.0, ""hybrid_minmax_blend_a050"": 1.0, ""mxbai"": 1.0, ""qwen3"": 0.6666666666666666}"	"{""bm25"": ""212222"", ""eos_compact_q4_fp16_o200"": ""327432"", ""eos_dense"": ""327432"", ""hybrid_minmax_blend_a050"": ""212222"", ""mxbai"": ""570466"", ""qwen3"": ""570466""}"
fiqa	3801	2	True	False	False	False	"{""bm25"": 1, ""eos_compact_q4_fp16_o200"": 0, ""eos_dense"": 0, ""hybrid_minmax_blend_a050"": 2, ""mxbai"": 1, ""qwen3"": 16}"	"{""bm25"": 0.6131471927654585, ""eos_compact_q4_fp16_o200"": 0.0, ""eos_dense"": 0.0, ""hybrid_minmax_blend_a050"": 0.38685280723454163, ""mxbai"": 0.6131471927654585, ""qwen3"": 0.0}"	"{""bm25"": 0.5, ""eos_compact_q4_fp16_o200"": 0.0, ""eos_dense"": 0.0, ""hybrid_minmax_blend_a050"": 0.5, ""mxbai"": 0.5, ""qwen3"": 0.5}"	"{""bm25"": ""390529"", ""eos_compact_q4_fp16_o200"": ""404303"", ""eos_dense"": ""404303"", ""hybrid_minmax_blend_a050"": ""404303"", ""mxbai"": ""390529"", ""qwen3"": ""298666""}"
fiqa	3822	4	True	True	False	False	"{""bm25"": 0, ""eos_compact_q4_fp16_o200"": 55, ""eos_dense"": 55, ""hybrid_minmax_blend_a050"": 84, ""mxbai"": 1, ""qwen3"": 9}"	"{""bm25"": 0.0, ""eos_compact_q4_fp16_o200"": 0.0, ""eos_dense"": 0.0, ""hybrid_minmax_blend_a050"": 0.0, ""mxbai"": 0.39038004999210174, ""qwen3"": 0.11751610475642715}"	"{""bm25"": 0.0, ""eos_compact_q4_fp16_o200"": 0.25, ""eos_dense"": 0.25, ""hybrid_minmax_blend_a050"": 0.25, ""mxbai"": 0.5, ""qwen3"": 0.5}"	"{""bm25"": ""79777"", ""eos_compact_q4_fp16_o200"": ""501157"", ""eos_dense"": ""501157"", ""hybrid_minmax_blend_a050"": ""79777"", ""mxbai"": ""305907"", ""qwen3"": ""174406""}"
fiqa	3829	2	True	False	False	False	"{""bm25"": 0, ""eos_compact_q4_fp16_o200"": 0, ""eos_dense"": 0, ""hybrid_minmax_blend_a050"": 0, ""mxbai"": 18, ""qwen3"": 75}"	"{""bm25"": 0.0, ""eos_compact_q4_fp16_o200"": 0.0, ""eos_dense"": 0.0, ""hybrid_minmax_blend_a050"": 0.0, ""mxbai"": 0.0, ""qwen3"": 0.0}"	"{""bm25"": 0.0, ""eos_compact_q4_fp16_o200"": 0.0, ""eos_dense"": 0.0, ""hybrid_minmax_blend_a050"": 0.0, ""mxbai"": 1.0, ""qwen3"": 0.5}"	"{""bm25"": ""296165"", ""eos_compact_q4_fp16_o200"": ""333019"", ""eos_dense"": ""333019"", ""hybrid_minmax_blend_a050"": ""539734"", ""mxbai"": ""246688"", ""qwen3"": ""249505""}"
fiqa	3830	1	True	True	True	True	"{""bm25"": 3, ""eos_compact_q4_fp16_o200"": 0, ""eos_dense"": 0, ""hybrid_minmax_blend_a050"": 9, ""mxbai"": 1, ""qwen3"": 1}"	"{""bm25"": 0.5, ""eos_compact_q4_fp16_o200"": 0.0, ""eos_dense"": 0.0, ""hybrid_minmax_blend_a050"": 0.3010299956639812, ""mxbai"": 1.0, ""qwen3"": 1.0}"	"{""bm25"": 1.0, ""eos_compact_q4_fp16_o200"": 0.0, ""eos_dense"": 0.0, ""hybrid_minmax_blend_a050"": 1.0, ""mxbai"": 1.0, ""qwen3"": 1.0}"	"{""bm25"": ""13496"", ""eos_compact_q4_fp16_o200"": ""241804"", ""eos_dense"": ""241804"", ""hybrid_minmax_blend_a050"": ""13496"", ""mxbai"": ""54952"", ""qwen3"": ""54952""}"
fiqa	3837	1	False	True	True	True	"{""bm25"": 2, ""eos_compact_q4_fp16_o200"": 8, ""eos_dense"": 8, ""hybrid_minmax_blend_a050"": 2, ""mxbai"": 1, ""qwen3"": 1}"	"{""bm25"": 0.6309297535714574, ""eos_compact_q4_fp16_o200"": 0.3154648767857287, ""eos_dense"": 0.3154648767857287, ""hybrid_minmax_blend_a050"": 0.6309297535714574, ""mxbai"": 1.0, ""qwen3"": 1.0}"	"{""bm25"": 1.0, ""eos_compact_q4_fp16_o200"": 1.0, ""eos_dense"": 1.0, ""hybrid_minmax_blend_a050"": 1.0, ""mxbai"": 1.0, ""qwen3"": 1.0}"	"{""bm25"": ""44578"", ""eos_compact_q4_fp16_o200"": ""553031"", ""eos_dense"": ""553031"", ""hybrid_minmax_blend_a050"": ""44578"", ""mxbai"": ""345533"", ""qwen3"": ""345533""}"
fiqa	3859	1	True	False	False	True	"{""bm25"": 0, ""eos_compact_q4_fp16_o200"": 0, ""eos_dense"": 0, ""hybrid_minmax_blend_a050"": 0, ""mxbai"": 12, ""qwen3"": 80}"	"{""bm25"": 0.0, ""eos_compact_q4_fp16_o200"": 0.0, ""eos_dense"": 0.0, ""hybrid_minmax_blend_a050"": 0.0, ""mxbai"": 0.0, ""qwen3"": 0.0}"	"{""bm25"": 0.0, ""eos_compact_q4_fp16_o200"": 0.0, ""eos_dense"": 0.0, ""hybrid_minmax_blend_a050"": 0.0, ""mxbai"": 1.0, ""qwen3"": 1.0}"	"{""bm25"": ""542024"", ""eos_compact_q4_fp16_o200"": ""150893"", ""eos_dense"": ""150893"", ""hybrid_minmax_blend_a050"": ""447498"", ""mxbai"": ""462403"", ""qwen3"": ""462403""}"
fiqa	3875	2	False	True	True	True	"{""bm25"": 1, ""eos_compact_q4_fp16_o200"": 2, ""eos_dense"": 2, ""hybrid_minmax_blend_a050"": 1, ""mxbai"": 1, ""qwen3"": 1}"	"{""bm25"": 0.7903864795495062, ""eos_compact_q4_fp16_o200"": 0.6052602440527058, ""eos_dense"": 0.6052602440527058, ""hybrid_minmax_blend_a050"": 1.0, ""mxbai"": 1.0, ""qwen3"": 1.0}"	"{""bm25"": 1.0, ""eos_compact_q4_fp16_o200"": 1.0, ""eos_dense"": 1.0, ""hybrid_minmax_blend_a050"": 1.0, ""mxbai"": 1.0, ""qwen3"": 1.0}"	"{""bm25"": ""136315"", ""eos_compact_q4_fp16_o200"": ""540986"", ""eos_dense"": ""540986"", ""hybrid_minmax_blend_a050"": ""136315"", ""mxbai"": ""249859"", ""qwen3"": ""249859""}"
fiqa	3888	3	True	False	False	False	"{""bm25"": 23, ""eos_compact_q4_fp16_o200"": 60, ""eos_dense"": 60, ""hybrid_minmax_blend_a050"": 36, ""mxbai"": 3, ""qwen3"": 98}"	"{""bm25"": 0.0, ""eos_compact_q4_fp16_o200"": 0.0, ""eos_dense"": 0.0, ""hybrid_minmax_blend_a050"": 0.0, ""mxbai"": 0.23463936301137828, ""qwen3"": 0.0}"	"{""bm25"": 0.3333333333333333, ""eos_compact_q4_fp16_o200"": 0.3333333333333333, ""eos_dense"": 0.3333333333333333, ""hybrid_minmax_blend_a050"": 0.3333333333333333, ""mxbai"": 0.3333333333333333, ""qwen3"": 0.3333333333333333}"	"{""bm25"": ""533933"", ""eos_compact_q4_fp16_o200"": ""185434"", ""eos_dense"": ""185434"", ""hybrid_minmax_blend_a050"": ""432077"", ""mxbai"": ""448086"", ""qwen3"": ""208169""}"
fiqa	3909	10	True	True	True	True	"{""bm25"": 21, ""eos_compact_q4_fp16_o200"": 0, ""eos_dense"": 0, ""hybrid_minmax_blend_a050"": 38, ""mxbai"": 1, ""qwen3"": 1}"	"{""bm25"": 0.0, ""eos_compact_q4_fp16_o200"": 0.0, ""eos_dense"": 0.0, ""hybrid_minmax_blend_a050"": 0.0, ""mxbai"": 0.4537425745411855, ""qwen3"": 0.642186726668901}"	"{""bm25"": 0.3, ""eos_compact_q4_fp16_o200"": 0.0, ""eos_dense"": 0.0, ""hybrid_minmax_blend_a050"": 0.1, ""mxbai"": 0.4, ""qwen3"": 0.5}"	"{""bm25"": ""574011"", ""eos_compact_q4_fp16_o200"": ""390779"", ""eos_dense"": ""390779"", ""hybrid_minmax_blend_a050"": ""390779"", ""mxbai"": ""514003"", ""qwen3"": ""514003""}"
fiqa	3932	2	False	False	False	False	"{""bm25"": 27, ""eos_compact_q4_fp16_o200"": 5, ""eos_dense"": 5, ""hybrid_minmax_blend_a050"": 6, ""mxbai"": 8, ""qwen3"": 18}"	"{""bm25"": 0.0, ""eos_compact_q4_fp16_o200"": 0.23719771276929624, ""eos_dense"": 0.23719771276929624, ""hybrid_minmax_blend_a050"": 0.2184074368181642, ""mxbai"": 0.19342640361727081, ""qwen3"": 0.0}"	"{""bm25"": 0.5, ""eos_compact_q4_fp16_o200"": 0.5, ""eos_dense"": 0.5, ""hybrid_minmax_blend_a050"": 0.5, ""mxbai"": 1.0, ""qwen3"": 1.0}"	"{""bm25"": ""24822"", ""eos_compact_q4_fp16_o200"": ""379201"", ""eos_dense"": ""379201"", ""hybrid_minmax_blend_a050"": ""337793"", ""mxbai"": ""173781"", ""qwen3"": ""497200""}"
fiqa	3934	4	True	True	False	False	"{""bm25"": 2, ""eos_compact_q4_fp16_o200"": 90, ""eos_dense"": 90, ""hybrid_minmax_blend_a050"": 8, ""mxbai"": 1, ""qwen3"": 7}"	"{""bm25"": 0.24630238874073, ""eos_compact_q4_fp16_o200"": 0.0, ""eos_dense"": 0.0, ""hybrid_minmax_blend_a050"": 0.123151194370365, ""mxbai"": 0.9619991470595832, ""qwen3"": 0.13012668333070057}"	"{""bm25"": 0.25, ""eos_compact_q4_fp16_o200"": 0.25, ""eos_dense"": 0.25, ""hybrid_minmax_blend_a050"": 0.25, ""mxbai"": 1.0, ""qwen3"": 0.5}"	"{""bm25"": ""402438"", ""eos_compact_q4_fp16_o200"": ""285812"", ""eos_dense"": ""285812"", ""hybrid_minmax_blend_a050"": ""179702"", ""mxbai"": ""457034"", ""qwen3"": ""402438""}"
fiqa	3995	5	False	False	False	False	"{""bm25"": 67, ""eos_compact_q4_fp16_o200"": 5, ""eos_dense"": 5, ""hybrid_minmax_blend_a050"": 8, ""mxbai"": 3, ""qwen3"": 0}"	"{""bm25"": 0.0, ""eos_compact_q4_fp16_o200"": 0.1312050775123418, ""eos_dense"": 0.1312050775123418, ""hybrid_minmax_blend_a050"": 0.10699313236726378, ""mxbai"": 0.1695801026368081, ""qwen3"": 0.0}"	"{""bm25"": 0.2, ""eos_compact_q4_fp16_o200"": 0.2, ""eos_dense"": 0.2, ""hybrid_minmax_blend_a050"": 0.2, ""mxbai"": 0.4, ""qwen3"": 0.0}"	"{""bm25"": ""258611"", ""eos_compact_q4_fp16_o200"": ""42199"", ""eos_dense"": ""42199"", ""hybrid_minmax_blend_a050"": ""560622"", ""mxbai"": ""556086"", ""qwen3"": ""264934""}"
fiqa	4007	3	False	True	False	False	"{""bm25"": 1, ""eos_compact_q4_fp16_o200"": 5, ""eos_dense"": 5, ""hybrid_minmax_blend_a050"": 3, ""mxbai"": 3, ""qwen3"": 1}"	"{""bm25"": 0.625704968030342, ""eos_compact_q4_fp16_o200"": 0.1815417925373527, ""eos_dense"": 0.1815417925373527, ""hybrid_minmax_blend_a050"": 0.4367467095119259, ""mxbai"": 0.23463936301137828, ""qwen3"": 0.6173196815056892}"	"{""bm25"": 0.6666666666666666, ""eos_compact_q4_fp16_o200"": 0.6666666666666666, ""eos_dense"": 0.6666666666666666, ""hybrid_minmax_blend_a050"": 0.6666666666666666, ""mxbai"": 0.6666666666666666, ""qwen3"": 0.6666666666666666}"	"{""bm25"": ""556220"", ""eos_compact_q4_fp16_o200"": ""170933"", ""eos_dense"": ""170933"", ""hybrid_minmax_blend_a050"": ""170933"", ""mxbai"": ""260385"", ""qwen3"": ""556220""}"
fiqa	4011	3	True	True	True	True	"{""bm25"": 0, ""eos_compact_q4_fp16_o200"": 0, ""eos_dense"": 0, ""hybrid_minmax_blend_a050"": 0, ""mxbai"": 1, ""qwen3"": 1}"	"{""bm25"": 0.0, ""eos_compact_q4_fp16_o200"": 0.0, ""eos_dense"": 0.0, ""hybrid_minmax_blend_a050"": 0.0, ""mxbai"": 1.0, ""qwen3"": 0.9060254355346824}"	"{""bm25"": 0.0, ""eos_compact_q4_fp16_o200"": 0.0, ""eos_dense"": 0.0, ""hybrid_minmax_blend_a050"": 0.0, ""mxbai"": 1.0, ""qwen3"": 1.0}"	"{""bm25"": ""408327"", ""eos_compact_q4_fp16_o200"": ""3468"", ""eos_dense"": ""3468"", ""hybrid_minmax_blend_a050"": ""528077"", ""mxbai"": ""136367"", ""qwen3"": ""136367""}"
fiqa	4019	5	False	False	False	False	"{""bm25"": 1, ""eos_compact_q4_fp16_o200"": 7, ""eos_dense"": 7, ""hybrid_minmax_blend_a050"": 1, ""mxbai"": 19, ""qwen3"": 2}"	"{""bm25"": 0.3391602052736162, ""eos_compact_q4_fp16_o200"": 0.11305340175787205, ""eos_dense"": 0.11305340175787205, ""hybrid_minmax_blend_a050"": 0.3391602052736162, ""mxbai"": 0.0, ""qwen3"": 0.21398626473452756}"	"{""bm25"": 0.2, ""eos_compact_q4_fp16_o200"": 0.2, ""eos_dense"": 0.2, ""hybrid_minmax_blend_a050"": 0.2, ""mxbai"": 0.6, ""qwen3"": 0.4}"	"{""bm25"": ""287991"", ""eos_compact_q4_fp16_o200"": ""553288"", ""eos_dense"": ""553288"", ""hybrid_minmax_blend_a050"": ""287991"", ""mxbai"": ""269671"", ""qwen3"": ""879""}"
fiqa	4031	1	True	False	False	False	"{""bm25"": 51, ""eos_compact_q4_fp16_o200"": 0, ""eos_dense"": 0, ""hybrid_minmax_blend_a050"": 0, ""mxbai"": 0, ""qwen3"": 0}"	"{""bm25"": 0.0, ""eos_compact_q4_fp16_o200"": 0.0, ""eos_dense"": 0.0, ""hybrid_minmax_blend_a050"": 0.0, ""mxbai"": 0.0, ""qwen3"": 0.0}"	"{""bm25"": 1.0, ""eos_compact_q4_fp16_o200"": 0.0, ""eos_dense"": 0.0, ""hybrid_minmax_blend_a050"": 0.0, ""mxbai"": 0.0, ""qwen3"": 0.0}"	"{""bm25"": ""523949"", ""eos_compact_q4_fp16_o200"": ""146218"", ""eos_dense"": ""146218"", ""hybrid_minmax_blend_a050"": ""578597"", ""mxbai"": ""488638"", ""qwen3"": ""318864""}"
fiqa	4037	2	False	False	False	False	"{""bm25"": 0, ""eos_compact_q4_fp16_o200"": 6, ""eos_dense"": 6, ""hybrid_minmax_blend_a050"": 17, ""mxbai"": 6, ""qwen3"": 30}"	"{""bm25"": 0.0, ""eos_compact_q4_fp16_o200"": 0.2184074368181642, ""eos_dense"": 0.2184074368181642, ""hybrid_minmax_blend_a050"": 0.0, ""mxbai"": 0.2184074368181642, ""qwen3"": 0.0}"	"{""bm25"": 0.0, ""eos_compact_q4_fp16_o200"": 0.5, ""eos_dense"": 0.5, ""hybrid_minmax_blend_a050"": 0.5, ""mxbai"": 1.0, ""qwen3"": 1.0}"	"{""bm25"": ""273071"", ""eos_compact_q4_fp16_o200"": ""273071"", ""eos_dense"": ""273071"", ""hybrid_minmax_blend_a050"": ""273071"", ""mxbai"": ""453035"", ""qwen3"": ""244555""}"
fiqa	4047	4	False	True	True	False	"{""bm25"": 1, ""eos_compact_q4_fp16_o200"": 1, ""eos_dense"": 1, ""hybrid_minmax_blend_a050"": 1, ""mxbai"": 1, ""qwen3"": 1}"	"{""bm25"": 0.8318724637288826, ""eos_compact_q4_fp16_o200"": 0.39038004999210174, ""eos_dense"": 0.39038004999210174, ""hybrid_minmax_blend_a050"": 0.6816587806335842, ""mxbai"": 0.9619991470595832, ""qwen3"": 0.8048099750039491}"	"{""bm25"": 1.0, ""eos_compact_q4_fp16_o200"": 0.25, ""eos_dense"": 0.25, ""hybrid_minmax_blend_a050"": 0.75, ""mxbai"": 1.0, ""qwen3"": 1.0}"	"{""bm25"": ""417840"", ""eos_compact_q4_fp16_o200"": ""417840"", ""eos_dense"": ""417840"", ""hybrid_minmax_blend_a050"": ""417840"", ""mxbai"": ""417840"", ""qwen3"": ""452175""}"
fiqa	4071	1	True	False	False	False	"{""bm25"": 0, ""eos_compact_q4_fp16_o200"": 0, ""eos_dense"": 0, ""hybrid_minmax_blend_a050"": 0, ""mxbai"": 0, ""qwen3"": 0}"	"{""bm25"": 0.0, ""eos_compact_q4_fp16_o200"": 0.0, ""eos_dense"": 0.0, ""hybrid_minmax_blend_a050"": 0.0, ""mxbai"": 0.0, ""qwen3"": 0.0}"	"{""bm25"": 0.0, ""eos_compact_q4_fp16_o200"": 0.0, ""eos_dense"": 0.0, ""hybrid_minmax_blend_a050"": 0.0, ""mxbai"": 0.0, ""qwen3"": 0.0}"	"{""bm25"": ""516596"", ""eos_compact_q4_fp16_o200"": ""170594"", ""eos_dense"": ""170594"", ""hybrid_minmax_blend_a050"": ""170594"", ""mxbai"": ""356259"", ""qwen3"": ""505136""}"
fiqa	4084	2	False	True	True	True	"{""bm25"": 32, ""eos_compact_q4_fp16_o200"": 1, ""eos_dense"": 1, ""hybrid_minmax_blend_a050"": 2, ""mxbai"": 1, ""qwen3"": 1}"	"{""bm25"": 0.0, ""eos_compact_q4_fp16_o200"": 0.6131471927654585, ""eos_dense"": 0.6131471927654585, ""hybrid_minmax_blend_a050"": 0.38685280723454163, ""mxbai"": 1.0, ""qwen3"": 1.0}"	"{""bm25"": 1.0, ""eos_compact_q4_fp16_o200"": 0.5, ""eos_dense"": 0.5, ""hybrid_minmax_blend_a050"": 0.5, ""mxbai"": 1.0, ""qwen3"": 1.0}"	"{""bm25"": ""262925"", ""eos_compact_q4_fp16_o200"": ""250028"", ""eos_dense"": ""250028"", ""hybrid_minmax_blend_a050"": ""262925"", ""mxbai"": ""250028"", ""qwen3"": ""250028""}"
fiqa	4102	4	True	True	False	False	"{""bm25"": 0, ""eos_compact_q4_fp16_o200"": 0, ""eos_dense"": 0, ""hybrid_minmax_blend_a050"": 0, ""mxbai"": 1, ""qwen3"": 5}"	"{""bm25"": 0.0, ""eos_compact_q4_fp16_o200"": 0.0, ""eos_dense"": 0.0, ""hybrid_minmax_blend_a050"": 0.0, ""mxbai"": 0.5205067333228023, ""qwen3"": 0.15101961822780527}"	"{""bm25"": 0.0, ""eos_compact_q4_fp16_o200"": 0.0, ""eos_dense"": 0.0, ""hybrid_minmax_blend_a050"": 0.0, ""mxbai"": 0.75, ""qwen3"": 0.75}"	"{""bm25"": ""88801"", ""eos_compact_q4_fp16_o200"": ""550642"", ""eos_dense"": ""550642"", ""hybrid_minmax_blend_a050"": ""88801"", ""mxbai"": ""241101"", ""qwen3"": ""46394""}"
fiqa	4103	1	True	False	False	True	"{""bm25"": 0, ""eos_compact_q4_fp16_o200"": 0, ""eos_dense"": 0, ""hybrid_minmax_blend_a050"": 0, ""mxbai"": 55, ""qwen3"": 69}"	"{""bm25"": 0.0, ""eos_compact_q4_fp16_o200"": 0.0, ""eos_dense"": 0.0, ""hybrid_minmax_blend_a050"": 0.0, ""mxbai"": 0.0, ""qwen3"": 0.0}"	"{""bm25"": 0.0, ""eos_compact_q4_fp16_o200"": 0.0, ""eos_dense"": 0.0, ""hybrid_minmax_blend_a050"": 0.0, ""mxbai"": 1.0, ""qwen3"": 1.0}"	"{""bm25"": ""388391"", ""eos_compact_q4_fp16_o200"": ""260984"", ""eos_dense"": ""260984"", ""hybrid_minmax_blend_a050"": ""416513"", ""mxbai"": ""379492"", ""qwen3"": ""379492""}"
fiqa	4105	2	True	False	False	False	"{""bm25"": 36, ""eos_compact_q4_fp16_o200"": 0, ""eos_dense"": 0, ""hybrid_minmax_blend_a050"": 55, ""mxbai"": 56, ""qwen3"": 8}"	"{""bm25"": 0.0, ""eos_compact_q4_fp16_o200"": 0.0, ""eos_dense"": 0.0, ""hybrid_minmax_blend_a050"": 0.0, ""mxbai"": 0.0, ""qwen3"": 0.19342640361727081}"	"{""bm25"": 0.5, ""eos_compact_q4_fp16_o200"": 0.0, ""eos_dense"": 0.0, ""hybrid_minmax_blend_a050"": 0.5, ""mxbai"": 0.5, ""qwen3"": 1.0}"	"{""bm25"": ""10558"", ""eos_compact_q4_fp16_o200"": ""592251"", ""eos_dense"": ""592251"", ""hybrid_minmax_blend_a050"": ""416483"", ""mxbai"": ""416483"", ""qwen3"": ""458828""}"
fiqa	4116	2	True	True	False	False	"{""bm25"": 1, ""eos_compact_q4_fp16_o200"": 74, ""eos_dense"": 74, ""hybrid_minmax_blend_a050"": 1, ""mxbai"": 1, ""qwen3"": 2}"	"{""bm25"": 0.6131471927654585, ""eos_compact_q4_fp16_o200"": 0.0, ""eos_dense"": 0.0, ""hybrid_minmax_blend_a050"": 0.6131471927654585, ""mxbai"": 1.0, ""qwen3"": 0.38685280723454163}"	"{""bm25"": 0.5, ""eos_compact_q4_fp16_o200"": 0.5, ""eos_dense"": 0.5, ""hybrid_minmax_blend_a050"": 0.5, ""mxbai"": 1.0, ""qwen3"": 1.0}"	"{""bm25"": ""109149"", ""eos_compact_q4_fp16_o200"": ""475804"", ""eos_dense"": ""475804"", ""hybrid_minmax_blend_a050"": ""109149"", ""mxbai"": ""109149"", ""qwen3"": ""249851""}"
fiqa	4125	2	True	False	False	False	"{""bm25"": 0, ""eos_compact_q4_fp16_o200"": 0, ""eos_dense"": 0, ""hybrid_minmax_blend_a050"": 0, ""mxbai"": 0, ""qwen3"": 0}"	"{""bm25"": 0.0, ""eos_compact_q4_fp16_o200"": 0.0, ""eos_dense"": 0.0, ""hybrid_minmax_blend_a050"": 0.0, ""mxbai"": 0.0, ""qwen3"": 0.0}"	"{""bm25"": 0.0, ""eos_compact_q4_fp16_o200"": 0.0, ""eos_dense"": 0.0, ""hybrid_minmax_blend_a050"": 0.0, ""mxbai"": 0.0, ""qwen3"": 0.0}"	"{""bm25"": ""312369"", ""eos_compact_q4_fp16_o200"": ""443002"", ""eos_dense"": ""443002"", ""hybrid_minmax_blend_a050"": ""312369"", ""mxbai"": ""506853"", ""qwen3"": ""562211""}"
fiqa	4142	4	False	True	False	True	"{""bm25"": 15, ""eos_compact_q4_fp16_o200"": 3, ""eos_dense"": 3, ""hybrid_minmax_blend_a050"": 4, ""mxbai"": 3, ""qwen3"": 5}"	"{""bm25"": 0.0, ""eos_compact_q4_fp16_o200"": 0.3633175612671684, ""eos_dense"": 0.3633175612671684, ""hybrid_minmax_blend_a050"": 0.3191471544989228, ""mxbai"": 0.49344424459786895, ""qwen3"": 0.398662406314933}"	"{""bm25"": 1.0, ""eos_compact_q4_fp16_o200"": 1.0, ""eos_dense"": 1.0, ""hybrid_minmax_blend_a050"": 1.0, ""mxbai"": 0.75, ""qwen3"": 1.0}"	"{""bm25"": ""87580"", ""eos_compact_q4_fp16_o200"": ""87580"", ""eos_dense"": ""87580"", ""hybrid_minmax_blend_a050"": ""87580"", ""mxbai"": ""87580"", ""qwen3"": ""87580""}"
fiqa	4153	1	True	True	False	False	"{""bm25"": 28, ""eos_compact_q4_fp16_o200"": 0, ""eos_dense"": 0, ""hybrid_minmax_blend_a050"": 46, ""mxbai"": 8, ""qwen3"": 4}"	"{""bm25"": 0.0, ""eos_compact_q4_fp16_o200"": 0.0, ""eos_dense"": 0.0, ""hybrid_minmax_blend_a050"": 0.0, ""mxbai"": 0.3154648767857287, ""qwen3"": 0.43067655807339306}"	"{""bm25"": 1.0, ""eos_compact_q4_fp16_o200"": 0.0, ""eos_dense"": 0.0, ""hybrid_minmax_blend_a050"": 1.0, ""mxbai"": 1.0, ""qwen3"": 1.0}"	"{""bm25"": ""17823"", ""eos_compact_q4_fp16_o200"": ""154229"", ""eos_dense"": ""154229"", ""hybrid_minmax_blend_a050"": ""154229"", ""mxbai"": ""154229"", ""qwen3"": ""28291""}"
fiqa	4179	1	True	True	False	False	"{""bm25"": 18, ""eos_compact_q4_fp16_o200"": 0, ""eos_dense"": 0, ""hybrid_minmax_blend_a050"": 59, ""mxbai"": 3, ""qwen3"": 4}"	"{""bm25"": 0.0, ""eos_compact_q4_fp16_o200"": 0.0, ""eos_dense"": 0.0, ""hybrid_minmax_blend_a050"": 0.0, ""mxbai"": 0.5, ""qwen3"": 0.43067655807339306}"	"{""bm25"": 1.0, ""eos_compact_q4_fp16_o200"": 0.0, ""eos_dense"": 0.0, ""hybrid_minmax_blend_a050"": 1.0, ""mxbai"": 1.0, ""qwen3"": 1.0}"	"{""bm25"": ""309358"", ""eos_compact_q4_fp16_o200"": ""407369"", ""eos_dense"": ""407369"", ""hybrid_minmax_blend_a050"": ""298847"", ""mxbai"": ""514058"", ""qwen3"": ""371672""}"
fiqa	4188	1	True	False	False	False	"{""bm25"": 0, ""eos_compact_q4_fp16_o200"": 0, ""eos_dense"": 0, ""hybrid_minmax_blend_a050"": 0, ""mxbai"": 6, ""qwen3"": 13}"	"{""bm25"": 0.0, ""eos_compact_q4_fp16_o200"": 0.0, ""eos_dense"": 0.0, ""hybrid_minmax_blend_a050"": 0.0, ""mxbai"": 0.3562071871080222, ""qwen3"": 0.0}"	"{""bm25"": 0.0, ""eos_compact_q4_fp16_o200"": 0.0, ""eos_dense"": 0.0, ""hybrid_minmax_blend_a050"": 0.0, ""mxbai"": 1.0, ""qwen3"": 1.0}"	"{""bm25"": ""392979"", ""eos_compact_q4_fp16_o200"": ""443970"", ""eos_dense"": ""443970"", ""hybrid_minmax_blend_a050"": ""378821"", ""mxbai"": ""242773"", ""qwen3"": ""382034""}"
fiqa	4205	3	False	True	False	True	"{""bm25"": 8, ""eos_compact_q4_fp16_o200"": 10, ""eos_dense"": 10, ""hybrid_minmax_blend_a050"": 5, ""mxbai"": 2, ""qwen3"": 4}"	"{""bm25"": 0.14804095548293264, ""eos_compact_q4_fp16_o200"": 0.1356519734324478, ""eos_dense"": 0.1356519734324478, ""hybrid_minmax_blend_a050"": 0.1815417925373527, ""mxbai"": 0.49818925746641285, ""qwen3"": 0.5256940434743353}"	"{""bm25"": 0.6666666666666666, ""eos_compact_q4_fp16_o200"": 0.6666666666666666, ""eos_dense"": 0.6666666666666666, ""hybrid_minmax_blend_a050"": 0.6666666666666666, ""mxbai"": 1.0, ""qwen3"": 1.0}"	"{""bm25"": ""135220"", ""eos_compact_q4_fp16_o200"": ""152657"", ""eos_dense"": ""152657"", ""hybrid_minmax_blend_a050"": ""17469"", ""mxbai"": ""104480"", ""qwen3"": ""104480""}"
fiqa	4233	5	True	True	True	True	"{""bm25"": 2, ""eos_compact_q4_fp16_o200"": 83, ""eos_dense"": 83, ""hybrid_minmax_blend_a050"": 5, ""mxbai"": 1, ""qwen3"": 1}"	"{""bm25"": 0.3835663673713356, ""eos_compact_q4_fp16_o200"": 0.0, ""eos_dense"": 0.0, ""hybrid_minmax_blend_a050"": 0.252016380211836, ""mxbai"": 0.8539316501572936, ""qwen3"": 0.843537875344446}"	"{""bm25"": 0.6, ""eos_compact_q4_fp16_o200"": 0.2, ""eos_dense"": 0.2, ""hybrid_minmax_blend_a050"": 0.6, ""mxbai"": 1.0, ""qwen3"": 1.0}"	"{""bm25"": ""223896"", ""eos_compact_q4_fp16_o200"": ""332490"", ""eos_dense"": ""332490"", ""hybrid_minmax_blend_a050"": ""332490"", ""mxbai"": ""590836"", ""qwen3"": ""590836""}"
fiqa	4265	6	True	True	True	True	"{""bm25"": 3, ""eos_compact_q4_fp16_o200"": 30, ""eos_dense"": 30, ""hybrid_minmax_blend_a050"": 8, ""mxbai"": 1, ""qwen3"": 1}"	"{""bm25"": 0.15130120674940675, ""eos_compact_q4_fp16_o200"": 0.0, ""eos_dense"": 0.0, ""hybrid_minmax_blend_a050"": 0.09546043308946732, ""mxbai"": 0.735916889650613, ""qwen3"": 0.4935232796777481}"	"{""bm25"": 0.5, ""eos_compact_q4_fp16_o200"": 0.16666666666666666, ""eos_dense"": 0.16666666666666666, ""hybrid_minmax_blend_a050"": 0.3333333333333333, ""mxbai"": 1.0, ""qwen3"": 0.8333333333333334}"	"{""bm25"": ""315964"", ""eos_compact_q4_fp16_o200"": ""314219"", ""eos_dense"": ""314219"", ""hybrid_minmax_blend_a050"": ""314219"", ""mxbai"": ""157553"", ""qwen3"": ""157553""}"
fiqa	4286	2	True	True	False	False	"{""bm25"": 2, ""eos_compact_q4_fp16_o200"": 0, ""eos_dense"": 0, ""hybrid_minmax_blend_a050"": 10, ""mxbai"": 2, ""qwen3"": 1}"	"{""bm25"": 0.38685280723454163, ""eos_compact_q4_fp16_o200"": 0.0, ""eos_dense"": 0.0, ""hybrid_minmax_blend_a050"": 0.17723928678404777, ""mxbai"": 0.38685280723454163, ""qwen3"": 0.6131471927654585}"	"{""bm25"": 0.5, ""eos_compact_q4_fp16_o200"": 0.0, ""eos_dense"": 0.0, ""hybrid_minmax_blend_a050"": 0.5, ""mxbai"": 1.0, ""qwen3"": 0.5}"	"{""bm25"": ""151817"", ""eos_compact_q4_fp16_o200"": ""474234"", ""eos_dense"": ""474234"", ""hybrid_minmax_blend_a050"": ""579848"", ""mxbai"": ""10531"", ""qwen3"": ""70460""}"
fiqa	4289	2	False	True	True	True	"{""bm25"": 0, ""eos_compact_q4_fp16_o200"": 5, ""eos_dense"": 5, ""hybrid_minmax_blend_a050"": 19, ""mxbai"": 1, ""qwen3"": 1}"	"{""bm25"": 0.0, ""eos_compact_q4_fp16_o200"": 0.430624116386567, ""eos_dense"": 0.430624116386567, ""hybrid_minmax_blend_a050"": 0.0, ""mxbai"": 0.6131471927654585, ""qwen3"": 0.6131471927654585}"	"{""bm25"": 0.0, ""eos_compact_q4_fp16_o200"": 1.0, ""eos_dense"": 1.0, ""hybrid_minmax_blend_a050"": 1.0, ""mxbai"": 1.0, ""qwen3"": 0.5}"	"{""bm25"": ""135220"", ""eos_compact_q4_fp16_o200"": ""227232"", ""eos_dense"": ""227232"", ""hybrid_minmax_blend_a050"": ""135220"", ""mxbai"": ""288330"", ""qwen3"": ""288330""}"
fiqa	4306	4	False	True	True	True	"{""bm25"": 1, ""eos_compact_q4_fp16_o200"": 1, ""eos_dense"": 1, ""hybrid_minmax_blend_a050"": 1, ""mxbai"": 1, ""qwen3"": 1}"	"{""bm25"": 0.39038004999210174, ""eos_compact_q4_fp16_o200"": 0.5135312443624668, ""eos_dense"": 0.5135312443624668, ""hybrid_minmax_blend_a050"": 0.5205067333228023, ""mxbai"": 0.5135312443624668, ""qwen3"": 0.7246262544989283}"	"{""bm25"": 0.5, ""eos_compact_q4_fp16_o200"": 0.5, ""eos_dense"": 0.5, ""hybrid_minmax_blend_a050"": 0.5, ""mxbai"": 1.0, ""qwen3"": 1.0}"	"{""bm25"": ""450694"", ""eos_compact_q4_fp16_o200"": ""450694"", ""eos_dense"": ""450694"", ""hybrid_minmax_blend_a050"": ""450694"", ""mxbai"": ""450694"", ""qwen3"": ""450694""}"
fiqa	4312	7	False	True	True	False	"{""bm25"": 1, ""eos_compact_q4_fp16_o200"": 2, ""eos_dense"": 2, ""hybrid_minmax_blend_a050"": 1, ""mxbai"": 1, ""qwen3"": 1}"	"{""bm25"": 0.5857421563596757, ""eos_compact_q4_fp16_o200"": 0.17342765698823945, ""eos_dense"": 0.17342765698823945, ""hybrid_minmax_blend_a050"": 0.5186511804016662, ""mxbai"": 0.6223227366315629, ""qwen3"": 0.7908133184148546}"	"{""bm25"": 0.8571428571428571, ""eos_compact_q4_fp16_o200"": 0.2857142857142857, ""eos_dense"": 0.2857142857142857, ""hybrid_minmax_blend_a050"": 0.7142857142857143, ""mxbai"": 0.8571428571428571, ""qwen3"": 1.0}"	"{""bm25"": ""222639"", ""eos_compact_q4_fp16_o200"": ""261714"", ""eos_dense"": ""261714"", ""hybrid_minmax_blend_a050"": ""282435"", ""mxbai"": ""282435"", ""qwen3"": ""167950""}"
fiqa	4335	4	False	True	True	True	"{""bm25"": 2, ""eos_compact_q4_fp16_o200"": 1, ""eos_dense"": 1, ""hybrid_minmax_blend_a050"": 1, ""mxbai"": 1, ""qwen3"": 1}"	"{""bm25"": 0.44149241373678083, ""eos_compact_q4_fp16_o200"": 0.39038004999210174, ""eos_dense"": 0.39038004999210174, ""hybrid_minmax_blend_a050"": 0.5855700749881526, ""mxbai"": 0.8048099750039491, ""qwen3"": 0.8318724637288826}"	"{""bm25"": 0.5, ""eos_compact_q4_fp16_o200"": 0.25, ""eos_dense"": 0.25, ""hybrid_minmax_blend_a050"": 0.5, ""mxbai"": 0.75, ""qwen3"": 0.75}"	"{""bm25"": ""516548"", ""eos_compact_q4_fp16_o200"": ""318583"", ""eos_dense"": ""318583"", ""hybrid_minmax_blend_a050"": ""318583"", ""mxbai"": ""318583"", ""qwen3"": ""318583""}"
fiqa	4339	2	False	True	True	True	"{""bm25"": 1, ""eos_compact_q4_fp16_o200"": 1, ""eos_dense"": 1, ""hybrid_minmax_blend_a050"": 1, ""mxbai"": 1, ""qwen3"": 1}"	"{""bm25"": 1.0, ""eos_compact_q4_fp16_o200"": 0.6131471927654585, ""eos_dense"": 0.6131471927654585, ""hybrid_minmax_blend_a050"": 1.0, ""mxbai"": 1.0, ""qwen3"": 1.0}"	"{""bm25"": 1.0, ""eos_compact_q4_fp16_o200"": 1.0, ""eos_dense"": 1.0, ""hybrid_minmax_blend_a050"": 1.0, ""mxbai"": 1.0, ""qwen3"": 1.0}"	"{""bm25"": ""386531"", ""eos_compact_q4_fp16_o200"": ""386531"", ""eos_dense"": ""386531"", ""hybrid_minmax_blend_a050"": ""386531"", ""mxbai"": ""386531"", ""qwen3"": ""386531""}"
fiqa	4394	2	True	False	False	False	"{""bm25"": 0, ""eos_compact_q4_fp16_o200"": 0, ""eos_dense"": 0, ""hybrid_minmax_blend_a050"": 0, ""mxbai"": 21, ""qwen3"": 87}"	"{""bm25"": 0.0, ""eos_compact_q4_fp16_o200"": 0.0, ""eos_dense"": 0.0, ""hybrid_minmax_blend_a050"": 0.0, ""mxbai"": 0.0, ""qwen3"": 0.0}"	"{""bm25"": 0.0, ""eos_compact_q4_fp16_o200"": 0.0, ""eos_dense"": 0.0, ""hybrid_minmax_blend_a050"": 0.0, ""mxbai"": 0.5, ""qwen3"": 1.0}"	"{""bm25"": ""322838"", ""eos_compact_q4_fp16_o200"": ""305907"", ""eos_dense"": ""305907"", ""hybrid_minmax_blend_a050"": ""305907"", ""mxbai"": ""313141"", ""qwen3"": ""415655""}"
fiqa	4409	10	True	True	True	False	"{""bm25"": 0, ""eos_compact_q4_fp16_o200"": 14, ""eos_dense"": 14, ""hybrid_minmax_blend_a050"": 30, ""mxbai"": 1, ""qwen3"": 1}"	"{""bm25"": 0.0, ""eos_compact_q4_fp16_o200"": 0.0, ""eos_dense"": 0.0, ""hybrid_minmax_blend_a050"": 0.0, ""mxbai"": 0.46364403650820374, ""qwen3"": 0.3052348839397012}"	"{""bm25"": 0.0, ""eos_compact_q4_fp16_o200"": 0.1, ""eos_dense"": 0.1, ""hybrid_minmax_blend_a050"": 0.1, ""mxbai"": 0.8, ""qwen3"": 0.4}"	"{""bm25"": ""149215"", ""eos_compact_q4_fp16_o200"": ""243732"", ""eos_dense"": ""243732"", ""hybrid_minmax_blend_a050"": ""544663"", ""mxbai"": ""102088"", ""qwen3"": ""102326""}"
fiqa	4411	3	True	True	False	False	"{""bm25"": 10, ""eos_compact_q4_fp16_o200"": 0, ""eos_dense"": 0, ""hybrid_minmax_blend_a050"": 15, ""mxbai"": 1, ""qwen3"": 5}"	"{""bm25"": 0.1356519734324478, ""eos_compact_q4_fp16_o200"": 0.0, ""eos_dense"": 0.0, ""hybrid_minmax_blend_a050"": 0.0, ""mxbai"": 0.7653606369886218, ""qwen3"": 0.1815417925373527}"	"{""bm25"": 0.3333333333333333, ""eos_compact_q4_fp16_o200"": 0.0, ""eos_dense"": 0.0, ""hybrid_minmax_blend_a050"": 0.3333333333333333, ""mxbai"": 1.0, ""qwen3"": 1.0}"	"{""bm25"": ""570632"", ""eos_compact_q4_fp16_o200"": ""419772"", ""eos_dense"": ""419772"", ""hybrid_minmax_blend_a050"": ""419772"", ""mxbai"": ""116545"", ""qwen3"": ""159235""}"
fiqa	4414	2	True	True	True	True	"{""bm25"": 1, ""eos_compact_q4_fp16_o200"": 19, ""eos_dense"": 19, ""hybrid_minmax_blend_a050"": 3, ""mxbai"": 1, ""qwen3"": 1}"	"{""bm25"": 0.6131471927654585, ""eos_compact_q4_fp16_o200"": 0.0, ""eos_dense"": 0.0, ""hybrid_minmax_blend_a050"": 0.30657359638272924, ""mxbai"": 0.6131471927654585, ""qwen3"": 0.9197207891481877}"	"{""bm25"": 1.0, ""eos_compact_q4_fp16_o200"": 1.0, ""eos_dense"": 1.0, ""hybrid_minmax_blend_a050"": 1.0, ""mxbai"": 1.0, ""qwen3"": 1.0}"	"{""bm25"": ""235522"", ""eos_compact_q4_fp16_o200"": ""209125"", ""eos_dense"": ""209125"", ""hybrid_minmax_blend_a050"": ""237317"", ""mxbai"": ""235522"", ""qwen3"": ""235522""}"
fiqa	4415	4	True	False	False	True	"{""bm25"": 0, ""eos_compact_q4_fp16_o200"": 49, ""eos_dense"": 49, ""hybrid_minmax_blend_a050"": 89, ""mxbai"": 88, ""qwen3"": 52}"	"{""bm25"": 0.0, ""eos_compact_q4_fp16_o200"": 0.0, ""eos_dense"": 0.0, ""hybrid_minmax_blend_a050"": 0.0, ""mxbai"": 0.0, ""qwen3"": 0.0}"	"{""bm25"": 0.0, ""eos_compact_q4_fp16_o200"": 0.25, ""eos_dense"": 0.25, ""hybrid_minmax_blend_a050"": 0.25, ""mxbai"": 0.5, ""qwen3"": 0.75}"	"{""bm25"": ""501461"", ""eos_compact_q4_fp16_o200"": ""59225"", ""eos_dense"": ""59225"", ""hybrid_minmax_blend_a050"": ""117578"", ""mxbai"": ""117578"", ""qwen3"": ""117578""}"
fiqa	4433	2	True	True	False	False	"{""bm25"": 0, ""eos_compact_q4_fp16_o200"": 0, ""eos_dense"": 0, ""hybrid_minmax_blend_a050"": 0, ""mxbai"": 10, ""qwen3"": 5}"	"{""bm25"": 0.0, ""eos_compact_q4_fp16_o200"": 0.0, ""eos_dense"": 0.0, ""hybrid_minmax_blend_a050"": 0.0, ""mxbai"": 0.17723928678404777, ""qwen3"": 0.23719771276929624}"	"{""bm25"": 0.0, ""eos_compact_q4_fp16_o200"": 0.0, ""eos_dense"": 0.0, ""hybrid_minmax_blend_a050"": 0.0, ""mxbai"": 1.0, ""qwen3"": 1.0}"	"{""bm25"": ""367960"", ""eos_compact_q4_fp16_o200"": ""264237"", ""eos_dense"": ""264237"", ""hybrid_minmax_blend_a050"": ""41176"", ""mxbai"": ""549364"", ""qwen3"": ""563728""}"
fiqa	4447	1	False	False	False	False	"{""bm25"": 1, ""eos_compact_q4_fp16_o200"": 2, ""eos_dense"": 2, ""hybrid_minmax_blend_a050"": 1, ""mxbai"": 39, ""qwen3"": 12}"	"{""bm25"": 1.0, ""eos_compact_q4_fp16_o200"": 0.6309297535714574, ""eos_dense"": 0.6309297535714574, ""hybrid_minmax_blend_a050"": 1.0, ""mxbai"": 0.0, ""qwen3"": 0.0}"	"{""bm25"": 1.0, ""eos_compact_q4_fp16_o200"": 1.0, ""eos_dense"": 1.0, ""hybrid_minmax_blend_a050"": 1.0, ""mxbai"": 1.0, ""qwen3"": 1.0}"	"{""bm25"": ""286226"", ""eos_compact_q4_fp16_o200"": ""427707"", ""eos_dense"": ""427707"", ""hybrid_minmax_blend_a050"": ""286226"", ""mxbai"": ""535581"", ""qwen3"": ""97729""}"
fiqa	4464	1	True	True	True	True	"{""bm25"": 20, ""eos_compact_q4_fp16_o200"": 0, ""eos_dense"": 0, ""hybrid_minmax_blend_a050"": 43, ""mxbai"": 1, ""qwen3"": 1}"	"{""bm25"": 0.0, ""eos_compact_q4_fp16_o200"": 0.0, ""eos_dense"": 0.0, ""hybrid_minmax_blend_a050"": 0.0, ""mxbai"": 1.0, ""qwen3"": 1.0}"	"{""bm25"": 1.0, ""eos_compact_q4_fp16_o200"": 0.0, ""eos_dense"": 0.0, ""hybrid_minmax_blend_a050"": 1.0, ""mxbai"": 1.0, ""qwen3"": 1.0}"	"{""bm25"": ""19364"", ""eos_compact_q4_fp16_o200"": ""385182"", ""eos_dense"": ""385182"", ""hybrid_minmax_blend_a050"": ""520963"", ""mxbai"": ""102904"", ""qwen3"": ""102904""}"
fiqa	4465	3	True	False	False	False	"{""bm25"": 13, ""eos_compact_q4_fp16_o200"": 0, ""eos_dense"": 0, ""hybrid_minmax_blend_a050"": 17, ""mxbai"": 14, ""qwen3"": 3}"	"{""bm25"": 0.0, ""eos_compact_q4_fp16_o200"": 0.0, ""eos_dense"": 0.0, ""hybrid_minmax_blend_a050"": 0.0, ""mxbai"": 0.0, ""qwen3"": 0.23463936301137828}"	"{""bm25"": 0.6666666666666666, ""eos_compact_q4_fp16_o200"": 0.0, ""eos_dense"": 0.0, ""hybrid_minmax_blend_a050"": 0.6666666666666666, ""mxbai"": 1.0, ""qwen3"": 0.6666666666666666}"	"{""bm25"": ""371717"", ""eos_compact_q4_fp16_o200"": ""174033"", ""eos_dense"": ""174033"", ""hybrid_minmax_blend_a050"": ""174033"", ""mxbai"": ""326167"", ""qwen3"": ""319458""}"
fiqa	4484	1	True	True	True	True	"{""bm25"": 22, ""eos_compact_q4_fp16_o200"": 0, ""eos_dense"": 0, ""hybrid_minmax_blend_a050"": 48, ""mxbai"": 1, ""qwen3"": 1}"	"{""bm25"": 0.0, ""eos_compact_q4_fp16_o200"": 0.0, ""eos_dense"": 0.0, ""hybrid_minmax_blend_a050"": 0.0, ""mxbai"": 1.0, ""qwen3"": 1.0}"	"{""bm25"": 1.0, ""eos_compact_q4_fp16_o200"": 0.0, ""eos_dense"": 0.0, ""hybrid_minmax_blend_a050"": 1.0, ""mxbai"": 1.0, ""qwen3"": 1.0}"	"{""bm25"": ""327366"", ""eos_compact_q4_fp16_o200"": ""303225"", ""eos_dense"": ""303225"", ""hybrid_minmax_blend_a050"": ""481898"", ""mxbai"": ""33990"", ""qwen3"": ""33990""}"
fiqa	4499	3	True	False	False	False	"{""bm25"": 3, ""eos_compact_q4_fp16_o200"": 17, ""eos_dense"": 17, ""hybrid_minmax_blend_a050"": 11, ""mxbai"": 12, ""qwen3"": 15}"	"{""bm25"": 0.23463936301137828, ""eos_compact_q4_fp16_o200"": 0.0, ""eos_dense"": 0.0, ""hybrid_minmax_blend_a050"": 0.0, ""mxbai"": 0.0, ""qwen3"": 0.0}"	"{""bm25"": 0.6666666666666666, ""eos_compact_q4_fp16_o200"": 0.3333333333333333, ""eos_dense"": 0.3333333333333333, ""hybrid_minmax_blend_a050"": 0.6666666666666666, ""mxbai"": 0.3333333333333333, ""qwen3"": 0.3333333333333333}"	"{""bm25"": ""520963"", ""eos_compact_q4_fp16_o200"": ""517391"", ""eos_dense"": ""517391"", ""hybrid_minmax_blend_a050"": ""520963"", ""mxbai"": ""596537"", ""qwen3"": ""235917""}"
fiqa	4500	2	True	False	False	False	"{""bm25"": 35, ""eos_compact_q4_fp16_o200"": 0, ""eos_dense"": 0, ""hybrid_minmax_blend_a050"": 58, ""mxbai"": 15, ""qwen3"": 31}"	"{""bm25"": 0.0, ""eos_compact_q4_fp16_o200"": 0.0, ""eos_dense"": 0.0, ""hybrid_minmax_blend_a050"": 0.0, ""mxbai"": 0.0, ""qwen3"": 0.0}"	"{""bm25"": 1.0, ""eos_compact_q4_fp16_o200"": 0.0, ""eos_dense"": 0.0, ""hybrid_minmax_blend_a050"": 1.0, ""mxbai"": 1.0, ""qwen3"": 1.0}"	"{""bm25"": ""100283"", ""eos_compact_q4_fp16_o200"": ""288756"", ""eos_dense"": ""288756"", ""hybrid_minmax_blend_a050"": ""113800"", ""mxbai"": ""113800"", ""qwen3"": ""404341""}"
fiqa	4504	2	True	True	True	True	"{""bm25"": 1, ""eos_compact_q4_fp16_o200"": 18, ""eos_dense"": 18, ""hybrid_minmax_blend_a050"": 1, ""mxbai"": 1, ""qwen3"": 1}"	"{""bm25"": 0.6131471927654585, ""eos_compact_q4_fp16_o200"": 0.0, ""eos_dense"": 0.0, ""hybrid_minmax_blend_a050"": 0.6131471927654585, ""mxbai"": 1.0, ""qwen3"": 1.0}"	"{""bm25"": 0.5, ""eos_compact_q4_fp16_o200"": 0.5, ""eos_dense"": 0.5, ""hybrid_minmax_blend_a050"": 0.5, ""mxbai"": 1.0, ""qwen3"": 1.0}"	"{""bm25"": ""2981"", ""eos_compact_q4_fp16_o200"": ""531965"", ""eos_dense"": ""531965"", ""hybrid_minmax_blend_a050"": ""2981"", ""mxbai"": ""2981"", ""qwen3"": ""2981""}"
fiqa	4514	6	False	True	False	False	"{""bm25"": 3, ""eos_compact_q4_fp16_o200"": 5, ""eos_dense"": 5, ""hybrid_minmax_blend_a050"": 4, ""mxbai"": 2, ""qwen3"": 3}"	"{""bm25"": 0.23877292085081495, ""eos_compact_q4_fp16_o200"": 0.11706259313796355, ""eos_dense"": 0.11706259313796355, ""hybrid_minmax_blend_a050"": 0.13032376591037065, ""mxbai"": 0.4087163461907135, ""qwen3"": 0.2683637998873703}"	"{""bm25"": 0.5, ""eos_compact_q4_fp16_o200"": 0.5, ""eos_dense"": 0.5, ""hybrid_minmax_blend_a050"": 0.5, ""mxbai"": 0.8333333333333334, ""qwen3"": 0.6666666666666666}"	"{""bm25"": ""240894"", ""eos_compact_q4_fp16_o200"": ""99089"", ""eos_dense"": ""99089"", ""hybrid_minmax_blend_a050"": ""240894"", ""mxbai"": ""471825"", ""qwen3"": ""99089""}"
fiqa	4523	5	True	True	False	False	"{""bm25"": 42, ""eos_compact_q4_fp16_o200"": 0, ""eos_dense"": 0, ""hybrid_minmax_blend_a050"": 0, ""mxbai"": 2, ""qwen3"": 2}"	"{""bm25"": 0.0, ""eos_compact_q4_fp16_o200"": 0.0, ""eos_dense"": 0.0, ""hybrid_minmax_blend_a050"": 0.0, ""mxbai"": 0.3835663673713356, ""qwen3"": 0.21398626473452756}"	"{""bm25"": 0.4, ""eos_compact_q4_fp16_o200"": 0.0, ""eos_dense"": 0.0, ""hybrid_minmax_blend_a050"": 0.0, ""mxbai"": 0.6, ""qwen3"": 0.2}"	"{""bm25"": ""252942"", ""eos_compact_q4_fp16_o200"": ""255902"", ""eos_dense"": ""255902"", ""hybrid_minmax_blend_a050"": ""252942"", ""mxbai"": ""171712"", ""qwen3"": ""28168""}"
fiqa	4539	2	True	True	False	False	"{""bm25"": 95, ""eos_compact_q4_fp16_o200"": 0, ""eos_dense"": 0, ""hybrid_minmax_blend_a050"": 0, ""mxbai"": 5, ""qwen3"": 1}"	"{""bm25"": 0.0, ""eos_compact_q4_fp16_o200"": 0.0, ""eos_dense"": 0.0, ""hybrid_minmax_blend_a050"": 0.0, ""mxbai"": 0.23719771276929624, ""qwen3"": 0.6131471927654585}"	"{""bm25"": 0.5, ""eos_compact_q4_fp16_o200"": 0.0, ""eos_dense"": 0.0, ""hybrid_minmax_blend_a050"": 0.0, ""mxbai"": 0.5, ""qwen3"": 0.5}"	"{""bm25"": ""42475"", ""eos_compact_q4_fp16_o200"": ""203926"", ""eos_dense"": ""203926"", ""hybrid_minmax_blend_a050"": ""42475"", ""mxbai"": ""32744"", ""qwen3"": ""275925""}"
fiqa	4571	3	True	True	True	True	"{""bm25"": 1, ""eos_compact_q4_fp16_o200"": 22, ""eos_dense"": 22, ""hybrid_minmax_blend_a050"": 5, ""mxbai"": 1, ""qwen3"": 1}"	"{""bm25"": 0.46927872602275655, ""eos_compact_q4_fp16_o200"": 0.0, ""eos_dense"": 0.0, ""hybrid_minmax_blend_a050"": 0.1815417925373527, ""mxbai"": 0.7653606369886218, ""qwen3"": 0.7653606369886218}"	"{""bm25"": 1.0, ""eos_compact_q4_fp16_o200"": 0.3333333333333333, ""eos_dense"": 0.3333333333333333, ""hybrid_minmax_blend_a050"": 1.0, ""mxbai"": 1.0, ""qwen3"": 0.6666666666666666}"	"{""bm25"": ""213824"", ""eos_compact_q4_fp16_o200"": ""585518"", ""eos_dense"": ""585518"", ""hybrid_minmax_blend_a050"": ""585518"", ""mxbai"": ""213824"", ""qwen3"": ""213824""}"
fiqa	4600	1	True	True	True	True	"{""bm25"": 44, ""eos_compact_q4_fp16_o200"": 58, ""eos_dense"": 58, ""hybrid_minmax_blend_a050"": 48, ""mxbai"": 1, ""qwen3"": 1}"	"{""bm25"": 0.0, ""eos_compact_q4_fp16_o200"": 0.0, ""eos_dense"": 0.0, ""hybrid_minmax_blend_a050"": 0.0, ""mxbai"": 1.0, ""qwen3"": 1.0}"	"{""bm25"": 1.0, ""eos_compact_q4_fp16_o200"": 1.0, ""eos_dense"": 1.0, ""hybrid_minmax_blend_a050"": 1.0, ""mxbai"": 1.0, ""qwen3"": 1.0}"	"{""bm25"": ""392885"", ""eos_compact_q4_fp16_o200"": ""590364"", ""eos_dense"": ""590364"", ""hybrid_minmax_blend_a050"": ""590364"", ""mxbai"": ""482415"", ""qwen3"": ""482415""}"
fiqa	4605	7	False	True	True	False	"{""bm25"": 4, ""eos_compact_q4_fp16_o200"": 6, ""eos_dense"": 6, ""hybrid_minmax_blend_a050"": 7, ""mxbai"": 1, ""qwen3"": 1}"	"{""bm25"": 0.11838279295536293, ""eos_compact_q4_fp16_o200"": 0.09791292534996782, ""eos_dense"": 0.09791292534996782, ""hybrid_minmax_blend_a050"": 0.09162544430476362, ""mxbai"": 0.6724559848537955, ""qwen3"": 0.7361466326573329}"	"{""bm25"": 0.2857142857142857, ""eos_compact_q4_fp16_o200"": 0.14285714285714285, ""eos_dense"": 0.14285714285714285, ""hybrid_minmax_blend_a050"": 0.42857142857142855, ""mxbai"": 0.7142857142857143, ""qwen3"": 1.0}"	"{""bm25"": ""218045"", ""eos_compact_q4_fp16_o200"": ""490042"", ""eos_dense"": ""490042"", ""hybrid_minmax_blend_a050"": ""526384"", ""mxbai"": ""41312"", ""qwen3"": ""313306""}"
fiqa	4615	6	False	True	False	False	"{""bm25"": 2, ""eos_compact_q4_fp16_o200"": 7, ""eos_dense"": 7, ""hybrid_minmax_blend_a050"": 5, ""mxbai"": 2, ""qwen3"": 2}"	"{""bm25"": 0.2987100207034456, ""eos_compact_q4_fp16_o200"": 0.19632790425573848, ""eos_dense"": 0.19632790425573848, ""hybrid_minmax_blend_a050"": 0.313390497393702, ""mxbai"": 0.4950379249591841, ""qwen3"": 0.49632264458457753}"	"{""bm25"": 0.8333333333333334, ""eos_compact_q4_fp16_o200"": 0.6666666666666666, ""eos_dense"": 0.6666666666666666, ""hybrid_minmax_blend_a050"": 0.8333333333333334, ""mxbai"": 0.8333333333333334, ""qwen3"": 0.8333333333333334}"	"{""bm25"": ""464715"", ""eos_compact_q4_fp16_o200"": ""455798"", ""eos_dense"": ""455798"", ""hybrid_minmax_blend_a050"": ""425595"", ""mxbai"": ""90238"", ""qwen3"": ""271015""}"
fiqa	4640	3	True	False	False	False	"{""bm25"": 0, ""eos_compact_q4_fp16_o200"": 0, ""eos_dense"": 0, ""hybrid_minmax_blend_a050"": 0, ""mxbai"": 4, ""qwen3"": 72}"	"{""bm25"": 0.0, ""eos_compact_q4_fp16_o200"": 0.0, ""eos_dense"": 0.0, ""hybrid_minmax_blend_a050"": 0.0, ""mxbai"": 0.20210734650054762, ""qwen3"": 0.0}"	"{""bm25"": 0.0, ""eos_compact_q4_fp16_o200"": 0.0, ""eos_dense"": 0.0, ""hybrid_minmax_blend_a050"": 0.0, ""mxbai"": 0.3333333333333333, ""qwen3"": 0.6666666666666666}"	"{""bm25"": ""372808"", ""eos_compact_q4_fp16_o200"": ""295246"", ""eos_dense"": ""295246"", ""hybrid_minmax_blend_a050"": ""295246"", ""mxbai"": ""372808"", ""qwen3"": ""331534""}"
fiqa	4641	5	False	True	False	False	"{""bm25"": 72, ""eos_compact_q4_fp16_o200"": 8, ""eos_dense"": 8, ""hybrid_minmax_blend_a050"": 11, ""mxbai"": 3, ""qwen3"": 1}"	"{""bm25"": 0.0, ""eos_compact_q4_fp16_o200"": 0.10699313236726378, ""eos_dense"": 0.10699313236726378, ""hybrid_minmax_blend_a050"": 0.0, ""mxbai"": 0.39882446598050697, ""qwen3"": 0.5087403079104242}"	"{""bm25"": 0.2, ""eos_compact_q4_fp16_o200"": 0.2, ""eos_dense"": 0.2, ""hybrid_minmax_blend_a050"": 0.2, ""mxbai"": 0.6, ""qwen3"": 0.6}"	"{""bm25"": ""376148"", ""eos_compact_q4_fp16_o200"": ""376148"", ""eos_dense"": ""376148"", ""hybrid_minmax_blend_a050"": ""376148"", ""mxbai"": ""497993"", ""qwen3"": ""406219""}"
fiqa	4678	1	True	False	False	False	"{""bm25"": 0, ""eos_compact_q4_fp16_o200"": 0, ""eos_dense"": 0, ""hybrid_minmax_blend_a050"": 0, ""mxbai"": 69, ""qwen3"": 89}"	"{""bm25"": 0.0, ""eos_compact_q4_fp16_o200"": 0.0, ""eos_dense"": 0.0, ""hybrid_minmax_blend_a050"": 0.0, ""mxbai"": 0.0, ""qwen3"": 0.0}"	"{""bm25"": 0.0, ""eos_compact_q4_fp16_o200"": 0.0, ""eos_dense"": 0.0, ""hybrid_minmax_blend_a050"": 0.0, ""mxbai"": 1.0, ""qwen3"": 1.0}"	"{""bm25"": ""307158"", ""eos_compact_q4_fp16_o200"": ""221439"", ""eos_dense"": ""221439"", ""hybrid_minmax_blend_a050"": ""215225"", ""mxbai"": ""516631"", ""qwen3"": ""504918""}"
fiqa	4681	2	False	True	True	True	"{""bm25"": 1, ""eos_compact_q4_fp16_o200"": 2, ""eos_dense"": 2, ""hybrid_minmax_blend_a050"": 1, ""mxbai"": 1, ""qwen3"": 1}"	"{""bm25"": 0.9197207891481877, ""eos_compact_q4_fp16_o200"": 0.38685280723454163, ""eos_dense"": 0.38685280723454163, ""hybrid_minmax_blend_a050"": 0.8503449055347547, ""mxbai"": 1.0, ""qwen3"": 1.0}"	"{""bm25"": 1.0, ""eos_compact_q4_fp16_o200"": 0.5, ""eos_dense"": 0.5, ""hybrid_minmax_blend_a050"": 1.0, ""mxbai"": 1.0, ""qwen3"": 1.0}"	"{""bm25"": ""587959"", ""eos_compact_q4_fp16_o200"": ""459459"", ""eos_dense"": ""459459"", ""hybrid_minmax_blend_a050"": ""587959"", ""mxbai"": ""587959"", ""qwen3"": ""587959""}"
fiqa	4700	1	True	True	True	True	"{""bm25"": 1, ""eos_compact_q4_fp16_o200"": 0, ""eos_dense"": 0, ""hybrid_minmax_blend_a050"": 8, ""mxbai"": 1, ""qwen3"": 1}"	"{""bm25"": 1.0, ""eos_compact_q4_fp16_o200"": 0.0, ""eos_dense"": 0.0, ""hybrid_minmax_blend_a050"": 0.3154648767857287, ""mxbai"": 1.0, ""qwen3"": 1.0}"	"{""bm25"": 1.0, ""eos_compact_q4_fp16_o200"": 0.0, ""eos_dense"": 0.0, ""hybrid_minmax_blend_a050"": 1.0, ""mxbai"": 1.0, ""qwen3"": 1.0}"	"{""bm25"": ""345137"", ""eos_compact_q4_fp16_o200"": ""500261"", ""eos_dense"": ""500261"", ""hybrid_minmax_blend_a050"": ""85214"", ""mxbai"": ""345137"", ""qwen3"": ""345137""}"
fiqa	4714	4	True	True	False	False	"{""bm25"": 5, ""eos_compact_q4_fp16_o200"": 0, ""eos_dense"": 0, ""hybrid_minmax_blend_a050"": 13, ""mxbai"": 1, ""qwen3"": 2}"	"{""bm25"": 0.15101961822780527, ""eos_compact_q4_fp16_o200"": 0.0, ""eos_dense"": 0.0, ""hybrid_minmax_blend_a050"": 0.0, ""mxbai"": 0.6366824387328317, ""qwen3"": 0.41442992501184744}"	"{""bm25"": 0.75, ""eos_compact_q4_fp16_o200"": 0.0, ""eos_dense"": 0.0, ""hybrid_minmax_blend_a050"": 0.75, ""mxbai"": 0.75, ""qwen3"": 1.0}"	"{""bm25"": ""427229"", ""eos_compact_q4_fp16_o200"": ""457667"", ""eos_dense"": ""457667"", ""hybrid_minmax_blend_a050"": ""396222"", ""mxbai"": ""584450"", ""qwen3"": ""196299""}"
fiqa	4756	1	True	False	False	False	"{""bm25"": 0, ""eos_compact_q4_fp16_o200"": 0, ""eos_dense"": 0, ""hybrid_minmax_blend_a050"": 0, ""mxbai"": 1, ""qwen3"": 79}"	"{""bm25"": 0.0, ""eos_compact_q4_fp16_o200"": 0.0, ""eos_dense"": 0.0, ""hybrid_minmax_blend_a050"": 0.0, ""mxbai"": 1.0, ""qwen3"": 0.0}"	"{""bm25"": 0.0, ""eos_compact_q4_fp16_o200"": 0.0, ""eos_dense"": 0.0, ""hybrid_minmax_blend_a050"": 0.0, ""mxbai"": 1.0, ""qwen3"": 1.0}"	"{""bm25"": ""568220"", ""eos_compact_q4_fp16_o200"": ""186928"", ""eos_dense"": ""186928"", ""hybrid_minmax_blend_a050"": ""568220"", ""mxbai"": ""340254"", ""qwen3"": ""361069""}"
fiqa	4767	5	True	False	False	False	"{""bm25"": 86, ""eos_compact_q4_fp16_o200"": 0, ""eos_dense"": 0, ""hybrid_minmax_blend_a050"": 0, ""mxbai"": 36, ""qwen3"": 32}"	"{""bm25"": 0.0, ""eos_compact_q4_fp16_o200"": 0.0, ""eos_dense"": 0.0, ""hybrid_minmax_blend_a050"": 0.0, ""mxbai"": 0.0, ""qwen3"": 0.0}"	"{""bm25"": 0.2, ""eos_compact_q4_fp16_o200"": 0.0, ""eos_dense"": 0.0, ""hybrid_minmax_blend_a050"": 0.0, ""mxbai"": 0.4, ""qwen3"": 0.2}"	"{""bm25"": ""296612"", ""eos_compact_q4_fp16_o200"": ""451092"", ""eos_dense"": ""451092"", ""hybrid_minmax_blend_a050"": ""420018"", ""mxbai"": ""420018"", ""qwen3"": ""584106""}"
fiqa	4775	1	True	False	False	False	"{""bm25"": 14, ""eos_compact_q4_fp16_o200"": 0, ""eos_dense"": 0, ""hybrid_minmax_blend_a050"": 21, ""mxbai"": 9, ""qwen3"": 12}"	"{""bm25"": 0.0, ""eos_compact_q4_fp16_o200"": 0.0, ""eos_dense"": 0.0, ""hybrid_minmax_blend_a050"": 0.0, ""mxbai"": 0.3010299956639812, ""qwen3"": 0.0}"	"{""bm25"": 1.0, ""eos_compact_q4_fp16_o200"": 0.0, ""eos_dense"": 0.0, ""hybrid_minmax_blend_a050"": 1.0, ""mxbai"": 1.0, ""qwen3"": 1.0}"	"{""bm25"": ""180192"", ""eos_compact_q4_fp16_o200"": ""180192"", ""eos_dense"": ""180192"", ""hybrid_minmax_blend_a050"": ""180192"", ""mxbai"": ""120283"", ""qwen3"": ""29271""}"
fiqa	4777	1	True	False	False	False	"{""bm25"": 0, ""eos_compact_q4_fp16_o200"": 0, ""eos_dense"": 0, ""hybrid_minmax_blend_a050"": 0, ""mxbai"": 0, ""qwen3"": 0}"	"{""bm25"": 0.0, ""eos_compact_q4_fp16_o200"": 0.0, ""eos_dense"": 0.0, ""hybrid_minmax_blend_a050"": 0.0, ""mxbai"": 0.0, ""qwen3"": 0.0}"	"{""bm25"": 0.0, ""eos_compact_q4_fp16_o200"": 0.0, ""eos_dense"": 0.0, ""hybrid_minmax_blend_a050"": 0.0, ""mxbai"": 0.0, ""qwen3"": 0.0}"	"{""bm25"": ""482112"", ""eos_compact_q4_fp16_o200"": ""86864"", ""eos_dense"": ""86864"", ""hybrid_minmax_blend_a050"": ""205217"", ""mxbai"": ""570318"", ""qwen3"": ""365342""}"
fiqa	4785	1	True	True	True	True	"{""bm25"": 27, ""eos_compact_q4_fp16_o200"": 0, ""eos_dense"": 0, ""hybrid_minmax_blend_a050"": 60, ""mxbai"": 1, ""qwen3"": 1}"	"{""bm25"": 0.0, ""eos_compact_q4_fp16_o200"": 0.0, ""eos_dense"": 0.0, ""hybrid_minmax_blend_a050"": 0.0, ""mxbai"": 1.0, ""qwen3"": 1.0}"	"{""bm25"": 1.0, ""eos_compact_q4_fp16_o200"": 0.0, ""eos_dense"": 0.0, ""hybrid_minmax_blend_a050"": 1.0, ""mxbai"": 1.0, ""qwen3"": 1.0}"	"{""bm25"": ""136613"", ""eos_compact_q4_fp16_o200"": ""434592"", ""eos_dense"": ""434592"", ""hybrid_minmax_blend_a050"": ""434592"", ""mxbai"": ""37517"", ""qwen3"": ""37517""}"
fiqa	4804	2	True	True	False	False	"{""bm25"": 0, ""eos_compact_q4_fp16_o200"": 0, ""eos_dense"": 0, ""hybrid_minmax_blend_a050"": 0, ""mxbai"": 1, ""qwen3"": 3}"	"{""bm25"": 0.0, ""eos_compact_q4_fp16_o200"": 0.0, ""eos_dense"": 0.0, ""hybrid_minmax_blend_a050"": 0.0, ""mxbai"": 1.0, ""qwen3"": 0.30657359638272924}"	"{""bm25"": 0.0, ""eos_compact_q4_fp16_o200"": 0.0, ""eos_dense"": 0.0, ""hybrid_minmax_blend_a050"": 0.0, ""mxbai"": 1.0, ""qwen3"": 1.0}"	"{""bm25"": ""137984"", ""eos_compact_q4_fp16_o200"": ""359109"", ""eos_dense"": ""359109"", ""hybrid_minmax_blend_a050"": ""359109"", ""mxbai"": ""583651"", ""qwen3"": ""162456""}"
fiqa	4813	1	True	True	True	True	"{""bm25"": 55, ""eos_compact_q4_fp16_o200"": 0, ""eos_dense"": 0, ""hybrid_minmax_blend_a050"": 91, ""mxbai"": 1, ""qwen3"": 1}"	"{""bm25"": 0.0, ""eos_compact_q4_fp16_o200"": 0.0, ""eos_dense"": 0.0, ""hybrid_minmax_blend_a050"": 0.0, ""mxbai"": 1.0, ""qwen3"": 1.0}"	"{""bm25"": 1.0, ""eos_compact_q4_fp16_o200"": 0.0, ""eos_dense"": 0.0, ""hybrid_minmax_blend_a050"": 1.0, ""mxbai"": 1.0, ""qwen3"": 1.0}"	"{""bm25"": ""165550"", ""eos_compact_q4_fp16_o200"": ""123358"", ""eos_dense"": ""123358"", ""hybrid_minmax_blend_a050"": ""123358"", ""mxbai"": ""98356"", ""qwen3"": ""98356""}"
fiqa	4823	3	False	True	True	True	"{""bm25"": 1, ""eos_compact_q4_fp16_o200"": 4, ""eos_dense"": 4, ""hybrid_minmax_blend_a050"": 1, ""mxbai"": 1, ""qwen3"": 1}"	"{""bm25"": 0.46927872602275655, ""eos_compact_q4_fp16_o200"": 0.20210734650054762, ""eos_dense"": 0.20210734650054762, ""hybrid_minmax_blend_a050"": 0.46927872602275655, ""mxbai"": 0.46927872602275655, ""qwen3"": 0.46927872602275655}"	"{""bm25"": 0.3333333333333333, ""eos_compact_q4_fp16_o200"": 0.3333333333333333, ""eos_dense"": 0.3333333333333333, ""hybrid_minmax_blend_a050"": 0.3333333333333333, ""mxbai"": 0.6666666666666666, ""qwen3"": 1.0}"	"{""bm25"": ""561929"", ""eos_compact_q4_fp16_o200"": ""71709"", ""eos_dense"": ""71709"", ""hybrid_minmax_blend_a050"": ""561929"", ""mxbai"": ""561929"", ""qwen3"": ""561929""}"
fiqa	4827	1	True	True	False	False	"{""bm25"": 10, ""eos_compact_q4_fp16_o200"": 0, ""eos_dense"": 0, ""hybrid_minmax_blend_a050"": 32, ""mxbai"": 2, ""qwen3"": 1}"	"{""bm25"": 0.2890648263178879, ""eos_compact_q4_fp16_o200"": 0.0, ""eos_dense"": 0.0, ""hybrid_minmax_blend_a050"": 0.0, ""mxbai"": 0.6309297535714574, ""qwen3"": 1.0}"	"{""bm25"": 1.0, ""eos_compact_q4_fp16_o200"": 0.0, ""eos_dense"": 0.0, ""hybrid_minmax_blend_a050"": 1.0, ""mxbai"": 1.0, ""qwen3"": 1.0}"	"{""bm25"": ""86855"", ""eos_compact_q4_fp16_o200"": ""166056"", ""eos_dense"": ""166056"", ""hybrid_minmax_blend_a050"": ""166056"", ""mxbai"": ""366653"", ""qwen3"": ""495791""}"
fiqa	4837	2	True	False	False	True	"{""bm25"": 0, ""eos_compact_q4_fp16_o200"": 0, ""eos_dense"": 0, ""hybrid_minmax_blend_a050"": 0, ""mxbai"": 0, ""qwen3"": 28}"	"{""bm25"": 0.0, ""eos_compact_q4_fp16_o200"": 0.0, ""eos_dense"": 0.0, ""hybrid_minmax_blend_a050"": 0.0, ""mxbai"": 0.0, ""qwen3"": 0.0}"	"{""bm25"": 0.0, ""eos_compact_q4_fp16_o200"": 0.0, ""eos_dense"": 0.0, ""hybrid_minmax_blend_a050"": 0.0, ""mxbai"": 0.0, ""qwen3"": 0.5}"	"{""bm25"": ""405695"", ""eos_compact_q4_fp16_o200"": ""421136"", ""eos_dense"": ""421136"", ""hybrid_minmax_blend_a050"": ""421136"", ""mxbai"": ""366448"", ""qwen3"": ""366448""}"
fiqa	4844	2	False	True	True	True	"{""bm25"": 9, ""eos_compact_q4_fp16_o200"": 5, ""eos_dense"": 5, ""hybrid_minmax_blend_a050"": 3, ""mxbai"": 1, ""qwen3"": 1}"	"{""bm25"": 0.361814983563616, ""eos_compact_q4_fp16_o200"": 0.23719771276929624, ""eos_dense"": 0.23719771276929624, ""hybrid_minmax_blend_a050"": 0.30657359638272924, ""mxbai"": 0.8175295903539446, ""qwen3"": 1.0}"	"{""bm25"": 1.0, ""eos_compact_q4_fp16_o200"": 1.0, ""eos_dense"": 1.0, ""hybrid_minmax_blend_a050"": 1.0, ""mxbai"": 1.0, ""qwen3"": 1.0}"	"{""bm25"": ""394702"", ""eos_compact_q4_fp16_o200"": ""395111"", ""eos_dense"": ""395111"", ""hybrid_minmax_blend_a050"": ""395111"", ""mxbai"": ""275257"", ""qwen3"": ""275257""}"
fiqa	4845	3	False	True	True	False	"{""bm25"": 3, ""eos_compact_q4_fp16_o200"": 7, ""eos_dense"": 7, ""hybrid_minmax_blend_a050"": 2, ""mxbai"": 1, ""qwen3"": 1}"	"{""bm25"": 0.3759063358712073, ""eos_compact_q4_fp16_o200"": 0.1564262420075855, ""eos_dense"": 0.1564262420075855, ""hybrid_minmax_blend_a050"": 0.5307212739772434, ""mxbai"": 0.7653606369886218, ""qwen3"": 0.9066276098484508}"	"{""bm25"": 1.0, ""eos_compact_q4_fp16_o200"": 0.6666666666666666, ""eos_dense"": 0.6666666666666666, ""hybrid_minmax_blend_a050"": 1.0, ""mxbai"": 1.0, ""qwen3"": 1.0}"	"{""bm25"": ""83230"", ""eos_compact_q4_fp16_o200"": ""367960"", ""eos_dense"": ""367960"", ""hybrid_minmax_blend_a050"": ""179986"", ""mxbai"": ""339928"", ""qwen3"": ""40424""}"
fiqa	4846	2	True	False	False	False	"{""bm25"": 0, ""eos_compact_q4_fp16_o200"": 0, ""eos_dense"": 0, ""hybrid_minmax_blend_a050"": 0, ""mxbai"": 37, ""qwen3"": 35}"	"{""bm25"": 0.0, ""eos_compact_q4_fp16_o200"": 0.0, ""eos_dense"": 0.0, ""hybrid_minmax_blend_a050"": 0.0, ""mxbai"": 0.0, ""qwen3"": 0.0}"	"{""bm25"": 0.0, ""eos_compact_q4_fp16_o200"": 0.0, ""eos_dense"": 0.0, ""hybrid_minmax_blend_a050"": 0.0, ""mxbai"": 0.5, ""qwen3"": 1.0}"	"{""bm25"": ""3533"", ""eos_compact_q4_fp16_o200"": ""312984"", ""eos_dense"": ""312984"", ""hybrid_minmax_blend_a050"": ""312984"", ""mxbai"": ""335892"", ""qwen3"": ""438779""}"
fiqa	4863	3	False	True	True	True	"{""bm25"": 7, ""eos_compact_q4_fp16_o200"": 2, ""eos_dense"": 2, ""hybrid_minmax_blend_a050"": 4, ""mxbai"": 1, ""qwen3"": 1}"	"{""bm25"": 0.1564262420075855, ""eos_compact_q4_fp16_o200"": 0.2960819109658653, ""eos_dense"": 0.2960819109658653, ""hybrid_minmax_blend_a050"": 0.20210734650054762, ""mxbai"": 0.9469024295259745, ""qwen3"": 0.6713860725233042}"	"{""bm25"": 1.0, ""eos_compact_q4_fp16_o200"": 1.0, ""eos_dense"": 1.0, ""hybrid_minmax_blend_a050"": 1.0, ""mxbai"": 1.0, ""qwen3"": 1.0}"	"{""bm25"": ""152265"", ""eos_compact_q4_fp16_o200"": ""152265"", ""eos_dense"": ""152265"", ""hybrid_minmax_blend_a050"": ""152265"", ""mxbai"": ""87398"", ""qwen3"": ""87398""}"
fiqa	4865	1	True	False	False	False	"{""bm25"": 0, ""eos_compact_q4_fp16_o200"": 0, ""eos_dense"": 0, ""hybrid_minmax_blend_a050"": 0, ""mxbai"": 67, ""qwen3"": 62}"	"{""bm25"": 0.0, ""eos_compact_q4_fp16_o200"": 0.0, ""eos_dense"": 0.0, ""hybrid_minmax_blend_a050"": 0.0, ""mxbai"": 0.0, ""qwen3"": 0.0}"	"{""bm25"": 0.0, ""eos_compact_q4_fp16_o200"": 0.0, ""eos_dense"": 0.0, ""hybrid_minmax_blend_a050"": 0.0, ""mxbai"": 1.0, ""qwen3"": 1.0}"	"{""bm25"": ""126675"", ""eos_compact_q4_fp16_o200"": ""100188"", ""eos_dense"": ""100188"", ""hybrid_minmax_blend_a050"": ""100188"", ""mxbai"": ""67365"", ""qwen3"": ""416409""}"
fiqa	4920	3	False	True	True	True	"{""bm25"": 1, ""eos_compact_q4_fp16_o200"": 2, ""eos_dense"": 2, ""hybrid_minmax_blend_a050"": 1, ""mxbai"": 1, ""qwen3"": 1}"	"{""bm25"": 0.7613569414627898, ""eos_compact_q4_fp16_o200"": 0.2960819109658653, ""eos_dense"": 0.2960819109658653, ""hybrid_minmax_blend_a050"": 0.6508205185601093, ""mxbai"": 1.0, ""qwen3"": 1.0}"	"{""bm25"": 1.0, ""eos_compact_q4_fp16_o200"": 0.6666666666666666, ""eos_dense"": 0.6666666666666666, ""hybrid_minmax_blend_a050"": 1.0, ""mxbai"": 1.0, ""qwen3"": 1.0}"	"{""bm25"": ""228341"", ""eos_compact_q4_fp16_o200"": ""291600"", ""eos_dense"": ""291600"", ""hybrid_minmax_blend_a050"": ""228341"", ""mxbai"": ""228341"", ""qwen3"": ""228341""}"
fiqa	4942	1	True	False	False	False	"{""bm25"": 0, ""eos_compact_q4_fp16_o200"": 0, ""eos_dense"": 0, ""hybrid_minmax_blend_a050"": 0, ""mxbai"": 18, ""qwen3"": 8}"	"{""bm25"": 0.0, ""eos_compact_q4_fp16_o200"": 0.0, ""eos_dense"": 0.0, ""hybrid_minmax_blend_a050"": 0.0, ""mxbai"": 0.0, ""qwen3"": 0.3154648767857287}"	"{""bm25"": 0.0, ""eos_compact_q4_fp16_o200"": 0.0, ""eos_dense"": 0.0, ""hybrid_minmax_blend_a050"": 0.0, ""mxbai"": 1.0, ""qwen3"": 1.0}"	"{""bm25"": ""53993"", ""eos_compact_q4_fp16_o200"": ""472663"", ""eos_dense"": ""472663"", ""hybrid_minmax_blend_a050"": ""53993"", ""mxbai"": ""475426"", ""qwen3"": ""112208""}"
fiqa	4946	1	True	True	True	True	"{""bm25"": 1, ""eos_compact_q4_fp16_o200"": 0, ""eos_dense"": 0, ""hybrid_minmax_blend_a050"": 2, ""mxbai"": 1, ""qwen3"": 1}"	"{""bm25"": 1.0, ""eos_compact_q4_fp16_o200"": 0.0, ""eos_dense"": 0.0, ""hybrid_minmax_blend_a050"": 0.6309297535714574, ""mxbai"": 1.0, ""qwen3"": 1.0}"	"{""bm25"": 1.0, ""eos_compact_q4_fp16_o200"": 0.0, ""eos_dense"": 0.0, ""hybrid_minmax_blend_a050"": 1.0, ""mxbai"": 1.0, ""qwen3"": 1.0}"	"{""bm25"": ""121690"", ""eos_compact_q4_fp16_o200"": ""447167"", ""eos_dense"": ""447167"", ""hybrid_minmax_blend_a050"": ""447167"", ""mxbai"": ""121690"", ""qwen3"": ""121690""}"
fiqa	4955	1	True	False	False	False	"{""bm25"": 0, ""eos_compact_q4_fp16_o200"": 0, ""eos_dense"": 0, ""hybrid_minmax_blend_a050"": 0, ""mxbai"": 38, ""qwen3"": 29}"	"{""bm25"": 0.0, ""eos_compact_q4_fp16_o200"": 0.0, ""eos_dense"": 0.0, ""hybrid_minmax_blend_a050"": 0.0, ""mxbai"": 0.0, ""qwen3"": 0.0}"	"{""bm25"": 0.0, ""eos_compact_q4_fp16_o200"": 0.0, ""eos_dense"": 0.0, ""hybrid_minmax_blend_a050"": 0.0, ""mxbai"": 1.0, ""qwen3"": 1.0}"	"{""bm25"": ""152265"", ""eos_compact_q4_fp16_o200"": ""152265"", ""eos_dense"": ""152265"", ""hybrid_minmax_blend_a050"": ""152265"", ""mxbai"": ""152265"", ""qwen3"": ""14061""}"
fiqa	4962	2	True	True	False	False	"{""bm25"": 0, ""eos_compact_q4_fp16_o200"": 66, ""eos_dense"": 66, ""hybrid_minmax_blend_a050"": 0, ""mxbai"": 3, ""qwen3"": 1}"	"{""bm25"": 0.0, ""eos_compact_q4_fp16_o200"": 0.0, ""eos_dense"": 0.0, ""hybrid_minmax_blend_a050"": 0.0, ""mxbai"": 0.30657359638272924, ""qwen3"": 0.6131471927654585}"	"{""bm25"": 0.0, ""eos_compact_q4_fp16_o200"": 0.5, ""eos_dense"": 0.5, ""hybrid_minmax_blend_a050"": 0.0, ""mxbai"": 1.0, ""qwen3"": 1.0}"	"{""bm25"": ""394702"", ""eos_compact_q4_fp16_o200"": ""537603"", ""eos_dense"": ""537603"", ""hybrid_minmax_blend_a050"": ""416839"", ""mxbai"": ""431386"", ""qwen3"": ""158363""}"
fiqa	4968	1	True	False	False	True	"{""bm25"": 1, ""eos_compact_q4_fp16_o200"": 53, ""eos_dense"": 53, ""hybrid_minmax_blend_a050"": 3, ""mxbai"": 30, ""qwen3"": 3}"	"{""bm25"": 1.0, ""eos_compact_q4_fp16_o200"": 0.0, ""eos_dense"": 0.0, ""hybrid_minmax_blend_a050"": 0.5, ""mxbai"": 0.0, ""qwen3"": 0.5}"	"{""bm25"": 1.0, ""eos_compact_q4_fp16_o200"": 1.0, ""eos_dense"": 1.0, ""hybrid_minmax_blend_a050"": 1.0, ""mxbai"": 1.0, ""qwen3"": 1.0}"	"{""bm25"": ""387022"", ""eos_compact_q4_fp16_o200"": ""58009"", ""eos_dense"": ""58009"", ""hybrid_minmax_blend_a050"": ""58009"", ""mxbai"": ""515095"", ""qwen3"": ""515095""}"
fiqa	4981	3	False	True	True	True	"{""bm25"": 1, ""eos_compact_q4_fp16_o200"": 8, ""eos_dense"": 8, ""hybrid_minmax_blend_a050"": 2, ""mxbai"": 1, ""qwen3"": 1}"	"{""bm25"": 0.46927872602275655, ""eos_compact_q4_fp16_o200"": 0.14804095548293264, ""eos_dense"": 0.14804095548293264, ""hybrid_minmax_blend_a050"": 0.49818925746641285, ""mxbai"": 0.7039180890341348, ""qwen3"": 0.7039180890341348}"	"{""bm25"": 0.6666666666666666, ""eos_compact_q4_fp16_o200"": 0.6666666666666666, ""eos_dense"": 0.6666666666666666, ""hybrid_minmax_blend_a050"": 0.6666666666666666, ""mxbai"": 0.6666666666666666, ""qwen3"": 0.6666666666666666}"	"{""bm25"": ""102684"", ""eos_compact_q4_fp16_o200"": ""38392"", ""eos_dense"": ""38392"", ""hybrid_minmax_blend_a050"": ""38392"", ""mxbai"": ""45218"", ""qwen3"": ""45218""}"
fiqa	4999	4	True	True	True	True	"{""bm25"": 1, ""eos_compact_q4_fp16_o200"": 0, ""eos_dense"": 0, ""hybrid_minmax_blend_a050"": 5, ""mxbai"": 1, ""qwen3"": 1}"	"{""bm25"": 0.39038004999210174, ""eos_compact_q4_fp16_o200"": 0.0, ""eos_dense"": 0.0, ""hybrid_minmax_blend_a050"": 0.15101961822780527, ""mxbai"": 0.5294362295028774, ""qwen3"": 0.5855700749881526}"	"{""bm25"": 0.5, ""eos_compact_q4_fp16_o200"": 0.0, ""eos_dense"": 0.0, ""hybrid_minmax_blend_a050"": 0.25, ""mxbai"": 1.0, ""qwen3"": 1.0}"	"{""bm25"": ""9938"", ""eos_compact_q4_fp16_o200"": ""259463"", ""eos_dense"": ""259463"", ""hybrid_minmax_blend_a050"": ""171964"", ""mxbai"": ""9938"", ""qwen3"": ""9938""}"
fiqa	5021	1	True	False	False	False	"{""bm25"": 0, ""eos_compact_q4_fp16_o200"": 0, ""eos_dense"": 0, ""hybrid_minmax_blend_a050"": 0, ""mxbai"": 0, ""qwen3"": 0}"	"{""bm25"": 0.0, ""eos_compact_q4_fp16_o200"": 0.0, ""eos_dense"": 0.0, ""hybrid_minmax_blend_a050"": 0.0, ""mxbai"": 0.0, ""qwen3"": 0.0}"	"{""bm25"": 0.0, ""eos_compact_q4_fp16_o200"": 0.0, ""eos_dense"": 0.0, ""hybrid_minmax_blend_a050"": 0.0, ""mxbai"": 0.0, ""qwen3"": 0.0}"	"{""bm25"": ""310218"", ""eos_compact_q4_fp16_o200"": ""444819"", ""eos_dense"": ""444819"", ""hybrid_minmax_blend_a050"": ""444819"", ""mxbai"": ""584801"", ""qwen3"": ""517935""}"
fiqa	5030	1	True	False	False	False	"{""bm25"": 0, ""eos_compact_q4_fp16_o200"": 0, ""eos_dense"": 0, ""hybrid_minmax_blend_a050"": 0, ""mxbai"": 0, ""qwen3"": 96}"	"{""bm25"": 0.0, ""eos_compact_q4_fp16_o200"": 0.0, ""eos_dense"": 0.0, ""hybrid_minmax_blend_a050"": 0.0, ""mxbai"": 0.0, ""qwen3"": 0.0}"	"{""bm25"": 0.0, ""eos_compact_q4_fp16_o200"": 0.0, ""eos_dense"": 0.0, ""hybrid_minmax_blend_a050"": 0.0, ""mxbai"": 0.0, ""qwen3"": 1.0}"	"{""bm25"": ""532178"", ""eos_compact_q4_fp16_o200"": ""75486"", ""eos_dense"": ""75486"", ""hybrid_minmax_blend_a050"": ""352415"", ""mxbai"": ""173986"", ""qwen3"": ""560108""}"
fiqa	5045	1	True	False	False	False	"{""bm25"": 1, ""eos_compact_q4_fp16_o200"": 36, ""eos_dense"": 36, ""hybrid_minmax_blend_a050"": 1, ""mxbai"": 4, ""qwen3"": 14}"	"{""bm25"": 1.0, ""eos_compact_q4_fp16_o200"": 0.0, ""eos_dense"": 0.0, ""hybrid_minmax_blend_a050"": 1.0, ""mxbai"": 0.43067655807339306, ""qwen3"": 0.0}"	"{""bm25"": 1.0, ""eos_compact_q4_fp16_o200"": 1.0, ""eos_dense"": 1.0, ""hybrid_minmax_blend_a050"": 1.0, ""mxbai"": 1.0, ""qwen3"": 1.0}"	"{""bm25"": ""264554"", ""eos_compact_q4_fp16_o200"": ""30445"", ""eos_dense"": ""30445"", ""hybrid_minmax_blend_a050"": ""264554"", ""mxbai"": ""123170"", ""qwen3"": ""471700""}"
fiqa	5054	1	True	False	False	False	"{""bm25"": 0, ""eos_compact_q4_fp16_o200"": 0, ""eos_dense"": 0, ""hybrid_minmax_blend_a050"": 0, ""mxbai"": 35, ""qwen3"": 0}"	"{""bm25"": 0.0, ""eos_compact_q4_fp16_o200"": 0.0, ""eos_dense"": 0.0, ""hybrid_minmax_blend_a050"": 0.0, ""mxbai"": 0.0, ""qwen3"": 0.0}"	"{""bm25"": 0.0, ""eos_compact_q4_fp16_o200"": 0.0, ""eos_dense"": 0.0, ""hybrid_minmax_blend_a050"": 0.0, ""mxbai"": 1.0, ""qwen3"": 0.0}"	"{""bm25"": ""564007"", ""eos_compact_q4_fp16_o200"": ""228315"", ""eos_dense"": ""228315"", ""hybrid_minmax_blend_a050"": ""228315"", ""mxbai"": ""588481"", ""qwen3"": ""101124""}"
fiqa	5061	1	True	False	False	False	"{""bm25"": 0, ""eos_compact_q4_fp16_o200"": 0, ""eos_dense"": 0, ""hybrid_minmax_blend_a050"": 0, ""mxbai"": 0, ""qwen3"": 0}"	"{""bm25"": 0.0, ""eos_compact_q4_fp16_o200"": 0.0, ""eos_dense"": 0.0, ""hybrid_minmax_blend_a050"": 0.0, ""mxbai"": 0.0, ""qwen3"": 0.0}"	"{""bm25"": 0.0, ""eos_compact_q4_fp16_o200"": 0.0, ""eos_dense"": 0.0, ""hybrid_minmax_blend_a050"": 0.0, ""mxbai"": 0.0, ""qwen3"": 0.0}"	"{""bm25"": ""521843"", ""eos_compact_q4_fp16_o200"": ""243995"", ""eos_dense"": ""243995"", ""hybrid_minmax_blend_a050"": ""243995"", ""mxbai"": ""253735"", ""qwen3"": ""565410""}"
fiqa	5064	2	False	True	True	True	"{""bm25"": 1, ""eos_compact_q4_fp16_o200"": 2, ""eos_dense"": 2, ""hybrid_minmax_blend_a050"": 1, ""mxbai"": 1, ""qwen3"": 1}"	"{""bm25"": 0.8065735963827292, ""eos_compact_q4_fp16_o200"": 0.38685280723454163, ""eos_dense"": 0.38685280723454163, ""hybrid_minmax_blend_a050"": 0.8772153153380494, ""mxbai"": 1.0, ""qwen3"": 0.9197207891481877}"	"{""bm25"": 1.0, ""eos_compact_q4_fp16_o200"": 0.5, ""eos_dense"": 0.5, ""hybrid_minmax_blend_a050"": 1.0, ""mxbai"": 1.0, ""qwen3"": 1.0}"	"{""bm25"": ""192811"", ""eos_compact_q4_fp16_o200"": ""438932"", ""eos_dense"": ""438932"", ""hybrid_minmax_blend_a050"": ""2003"", ""mxbai"": ""2003"", ""qwen3"": ""2003""}"
fiqa	5067	1	True	True	False	True	"{""bm25"": 4, ""eos_compact_q4_fp16_o200"": 0, ""eos_dense"": 0, ""hybrid_minmax_blend_a050"": 7, ""mxbai"": 2, ""qwen3"": 9}"	"{""bm25"": 0.43067655807339306, ""eos_compact_q4_fp16_o200"": 0.0, ""eos_dense"": 0.0, ""hybrid_minmax_blend_a050"": 0.3333333333333333, ""mxbai"": 0.6309297535714574, ""qwen3"": 0.3010299956639812}"	"{""bm25"": 1.0, ""eos_compact_q4_fp16_o200"": 0.0, ""eos_dense"": 0.0, ""hybrid_minmax_blend_a050"": 1.0, ""mxbai"": 1.0, ""qwen3"": 1.0}"	"{""bm25"": ""237760"", ""eos_compact_q4_fp16_o200"": ""237760"", ""eos_dense"": ""237760"", ""hybrid_minmax_blend_a050"": ""237760"", ""mxbai"": ""237760"", ""qwen3"": ""237760""}"
fiqa	5080	1	True	False	False	False	"{""bm25"": 0, ""eos_compact_q4_fp16_o200"": 0, ""eos_dense"": 0, ""hybrid_minmax_blend_a050"": 0, ""mxbai"": 0, ""qwen3"": 71}"	"{""bm25"": 0.0, ""eos_compact_q4_fp16_o200"": 0.0, ""eos_dense"": 0.0, ""hybrid_minmax_blend_a050"": 0.0, ""mxbai"": 0.0, ""qwen3"": 0.0}"	"{""bm25"": 0.0, ""eos_compact_q4_fp16_o200"": 0.0, ""eos_dense"": 0.0, ""hybrid_minmax_blend_a050"": 0.0, ""mxbai"": 0.0, ""qwen3"": 1.0}"	"{""bm25"": ""62079"", ""eos_compact_q4_fp16_o200"": ""132288"", ""eos_dense"": ""132288"", ""hybrid_minmax_blend_a050"": ""62079"", ""mxbai"": ""414429"", ""qwen3"": ""279291""}"
fiqa	5083	2	True	True	False	False	"{""bm25"": 73, ""eos_compact_q4_fp16_o200"": 86, ""eos_dense"": 86, ""hybrid_minmax_blend_a050"": 0, ""mxbai"": 2, ""qwen3"": 1}"	"{""bm25"": 0.0, ""eos_compact_q4_fp16_o200"": 0.0, ""eos_dense"": 0.0, ""hybrid_minmax_blend_a050"": 0.0, ""mxbai"": 0.38685280723454163, ""qwen3"": 0.6131471927654585}"	"{""bm25"": 0.5, ""eos_compact_q4_fp16_o200"": 0.5, ""eos_dense"": 0.5, ""hybrid_minmax_blend_a050"": 0.0, ""mxbai"": 0.5, ""qwen3"": 0.5}"	"{""bm25"": ""267182"", ""eos_compact_q4_fp16_o200"": ""270952"", ""eos_dense"": ""270952"", ""hybrid_minmax_blend_a050"": ""453263"", ""mxbai"": ""270952"", ""qwen3"": ""305509""}"
fiqa	5085	1	True	True	True	True	"{""bm25"": 2, ""eos_compact_q4_fp16_o200"": 0, ""eos_dense"": 0, ""hybrid_minmax_blend_a050"": 4, ""mxbai"": 1, ""qwen3"": 1}"	"{""bm25"": 0.6309297535714574, ""eos_compact_q4_fp16_o200"": 0.0, ""eos_dense"": 0.0, ""hybrid_minmax_blend_a050"": 0.43067655807339306, ""mxbai"": 1.0, ""qwen3"": 1.0}"	"{""bm25"": 1.0, ""eos_compact_q4_fp16_o200"": 0.0, ""eos_dense"": 0.0, ""hybrid_minmax_blend_a050"": 1.0, ""mxbai"": 1.0, ""qwen3"": 1.0}"	"{""bm25"": ""193717"", ""eos_compact_q4_fp16_o200"": ""113623"", ""eos_dense"": ""113623"", ""hybrid_minmax_blend_a050"": ""113623"", ""mxbai"": ""102436"", ""qwen3"": ""102436""}"
fiqa	5086	1	False	True	True	True	"{""bm25"": 2, ""eos_compact_q4_fp16_o200"": 1, ""eos_dense"": 1, ""hybrid_minmax_blend_a050"": 1, ""mxbai"": 1, ""qwen3"": 1}"	"{""bm25"": 0.6309297535714574, ""eos_compact_q4_fp16_o200"": 1.0, ""eos_dense"": 1.0, ""hybrid_minmax_blend_a050"": 1.0, ""mxbai"": 1.0, ""qwen3"": 1.0}"	"{""bm25"": 1.0, ""eos_compact_q4_fp16_o200"": 1.0, ""eos_dense"": 1.0, ""hybrid_minmax_blend_a050"": 1.0, ""mxbai"": 1.0, ""qwen3"": 1.0}"	"{""bm25"": ""310743"", ""eos_compact_q4_fp16_o200"": ""96606"", ""eos_dense"": ""96606"", ""hybrid_minmax_blend_a050"": ""96606"", ""mxbai"": ""96606"", ""qwen3"": ""96606""}"
fiqa	5090	2	True	True	True	True	"{""bm25"": 40, ""eos_compact_q4_fp16_o200"": 0, ""eos_dense"": 0, ""hybrid_minmax_blend_a050"": 76, ""mxbai"": 1, ""qwen3"": 1}"	"{""bm25"": 0.0, ""eos_compact_q4_fp16_o200"": 0.0, ""eos_dense"": 0.0, ""hybrid_minmax_blend_a050"": 0.0, ""mxbai"": 0.6131471927654585, ""qwen3"": 0.6131471927654585}"	"{""bm25"": 0.5, ""eos_compact_q4_fp16_o200"": 0.0, ""eos_dense"": 0.0, ""hybrid_minmax_blend_a050"": 0.5, ""mxbai"": 0.5, ""qwen3"": 0.5}"	"{""bm25"": ""287507"", ""eos_compact_q4_fp16_o200"": ""455666"", ""eos_dense"": ""455666"", ""hybrid_minmax_blend_a050"": ""455666"", ""mxbai"": ""12988"", ""qwen3"": ""12988""}"
fiqa	5125	1	True	True	True	True	"{""bm25"": 1, ""eos_compact_q4_fp16_o200"": 0, ""eos_dense"": 0, ""hybrid_minmax_blend_a050"": 2, ""mxbai"": 1, ""qwen3"": 1}"	"{""bm25"": 1.0, ""eos_compact_q4_fp16_o200"": 0.0, ""eos_dense"": 0.0, ""hybrid_minmax_blend_a050"": 0.6309297535714574, ""mxbai"": 1.0, ""qwen3"": 1.0}"	"{""bm25"": 1.0, ""eos_compact_q4_fp16_o200"": 0.0, ""eos_dense"": 0.0, ""hybrid_minmax_blend_a050"": 1.0, ""mxbai"": 1.0, ""qwen3"": 1.0}"	"{""bm25"": ""318728"", ""eos_compact_q4_fp16_o200"": ""409324"", ""eos_dense"": ""409324"", ""hybrid_minmax_blend_a050"": ""409324"", ""mxbai"": ""318728"", ""qwen3"": ""318728""}"
fiqa	5134	2	True	True	False	False	"{""bm25"": 6, ""eos_compact_q4_fp16_o200"": 0, ""eos_dense"": 0, ""hybrid_minmax_blend_a050"": 20, ""mxbai"": 2, ""qwen3"": 1}"	"{""bm25"": 0.2184074368181642, ""eos_compact_q4_fp16_o200"": 0.0, ""eos_dense"": 0.0, ""hybrid_minmax_blend_a050"": 0.0, ""mxbai"": 0.38685280723454163, ""qwen3"": 0.6131471927654585}"	"{""bm25"": 0.5, ""eos_compact_q4_fp16_o200"": 0.0, ""eos_dense"": 0.0, ""hybrid_minmax_blend_a050"": 0.5, ""mxbai"": 0.5, ""qwen3"": 0.5}"	"{""bm25"": ""532616"", ""eos_compact_q4_fp16_o200"": ""211810"", ""eos_dense"": ""211810"", ""hybrid_minmax_blend_a050"": ""532616"", ""mxbai"": ""46774"", ""qwen3"": ""206727""}"
fiqa	5150	1	True	False	False	False	"{""bm25"": 57, ""eos_compact_q4_fp16_o200"": 79, ""eos_dense"": 79, ""hybrid_minmax_blend_a050"": 97, ""mxbai"": 40, ""qwen3"": 29}"	"{""bm25"": 0.0, ""eos_compact_q4_fp16_o200"": 0.0, ""eos_dense"": 0.0, ""hybrid_minmax_blend_a050"": 0.0, ""mxbai"": 0.0, ""qwen3"": 0.0}"	"{""bm25"": 1.0, ""eos_compact_q4_fp16_o200"": 1.0, ""eos_dense"": 1.0, ""hybrid_minmax_blend_a050"": 1.0, ""mxbai"": 1.0, ""qwen3"": 1.0}"	"{""bm25"": ""493638"", ""eos_compact_q4_fp16_o200"": ""196233"", ""eos_dense"": ""196233"", ""hybrid_minmax_blend_a050"": ""138645"", ""mxbai"": ""341473"", ""qwen3"": ""299840""}"
fiqa	5155	1	False	False	False	False	"{""bm25"": 3, ""eos_compact_q4_fp16_o200"": 1, ""eos_dense"": 1, ""hybrid_minmax_blend_a050"": 1, ""mxbai"": 0, ""qwen3"": 30}"	"{""bm25"": 0.5, ""eos_compact_q4_fp16_o200"": 1.0, ""eos_dense"": 1.0, ""hybrid_minmax_blend_a050"": 1.0, ""mxbai"": 0.0, ""qwen3"": 0.0}"	"{""bm25"": 1.0, ""eos_compact_q4_fp16_o200"": 1.0, ""eos_dense"": 1.0, ""hybrid_minmax_blend_a050"": 1.0, ""mxbai"": 0.0, ""qwen3"": 1.0}"	"{""bm25"": ""272590"", ""eos_compact_q4_fp16_o200"": ""462892"", ""eos_dense"": ""462892"", ""hybrid_minmax_blend_a050"": ""462892"", ""mxbai"": ""415745"", ""qwen3"": ""286930""}"
fiqa	5172	2	True	False	False	False	"{""bm25"": 0, ""eos_compact_q4_fp16_o200"": 0, ""eos_dense"": 0, ""hybrid_minmax_blend_a050"": 0, ""mxbai"": 8, ""qwen3"": 11}"	"{""bm25"": 0.0, ""eos_compact_q4_fp16_o200"": 0.0, ""eos_dense"": 0.0, ""hybrid_minmax_blend_a050"": 0.0, ""mxbai"": 0.19342640361727081, ""qwen3"": 0.0}"	"{""bm25"": 0.0, ""eos_compact_q4_fp16_o200"": 0.0, ""eos_dense"": 0.0, ""hybrid_minmax_blend_a050"": 0.0, ""mxbai"": 1.0, ""qwen3"": 1.0}"	"{""bm25"": ""210673"", ""eos_compact_q4_fp16_o200"": ""108546"", ""eos_dense"": ""108546"", ""hybrid_minmax_blend_a050"": ""390642"", ""mxbai"": ""14511"", ""qwen3"": ""503723""}"
fiqa	5178	5	True	True	False	False	"{""bm25"": 91, ""eos_compact_q4_fp16_o200"": 0, ""eos_dense"": 0, ""hybrid_minmax_blend_a050"": 0, ""mxbai"": 1, ""qwen3"": 2}"	"{""bm25"": 0.0, ""eos_compact_q4_fp16_o200"": 0.0, ""eos_dense"": 0.0, ""hybrid_minmax_blend_a050"": 0.0, ""mxbai"": 0.6164336326286645, ""qwen3"": 0.3835663673713356}"	"{""bm25"": 0.2, ""eos_compact_q4_fp16_o200"": 0.0, ""eos_dense"": 0.0, ""hybrid_minmax_blend_a050"": 0.0, ""mxbai"": 1.0, ""qwen3"": 0.8}"	"{""bm25"": ""139788"", ""eos_compact_q4_fp16_o200"": ""557506"", ""eos_dense"": ""557506"", ""hybrid_minmax_blend_a050"": ""557506"", ""mxbai"": ""39819"", ""qwen3"": ""557506""}"
fiqa	5185	2	True	False	False	False	"{""bm25"": 0, ""eos_compact_q4_fp16_o200"": 0, ""eos_dense"": 0, ""hybrid_minmax_blend_a050"": 0, ""mxbai"": 0, ""qwen3"": 0}"	"{""bm25"": 0.0, ""eos_compact_q4_fp16_o200"": 0.0, ""eos_dense"": 0.0, ""hybrid_minmax_blend_a050"": 0.0, ""mxbai"": 0.0, ""qwen3"": 0.0}"	"{""bm25"": 0.0, ""eos_compact_q4_fp16_o200"": 0.0, ""eos_dense"": 0.0, ""hybrid_minmax_blend_a050"": 0.0, ""mxbai"": 0.0, ""qwen3"": 0.0}"	"{""bm25"": ""255902"", ""eos_compact_q4_fp16_o200"": ""376485"", ""eos_dense"": ""376485"", ""hybrid_minmax_blend_a050"": ""376485"", ""mxbai"": ""524525"", ""qwen3"": ""376485""}"
fiqa	5196	3	True	False	False	False	"{""bm25"": 2, ""eos_compact_q4_fp16_o200"": 33, ""eos_dense"": 33, ""hybrid_minmax_blend_a050"": 3, ""mxbai"": 29, ""qwen3"": 1}"	"{""bm25"": 0.2960819109658653, ""eos_compact_q4_fp16_o200"": 0.0, ""eos_dense"": 0.0, ""hybrid_minmax_blend_a050"": 0.23463936301137828, ""mxbai"": 0.0, ""qwen3"": 0.46927872602275655}"	"{""bm25"": 0.3333333333333333, ""eos_compact_q4_fp16_o200"": 0.3333333333333333, ""eos_dense"": 0.3333333333333333, ""hybrid_minmax_blend_a050"": 0.3333333333333333, ""mxbai"": 0.3333333333333333, ""qwen3"": 0.3333333333333333}"	"{""bm25"": ""69938"", ""eos_compact_q4_fp16_o200"": ""572396"", ""eos_dense"": ""572396"", ""hybrid_minmax_blend_a050"": ""85517"", ""mxbai"": ""480155"", ""qwen3"": ""565745""}"
fiqa	5206	6	True	False	False	False	"{""bm25"": 0, ""eos_compact_q4_fp16_o200"": 0, ""eos_dense"": 0, ""hybrid_minmax_blend_a050"": 0, ""mxbai"": 17, ""qwen3"": 55}"	"{""bm25"": 0.0, ""eos_compact_q4_fp16_o200"": 0.0, ""eos_dense"": 0.0, ""hybrid_minmax_blend_a050"": 0.0, ""mxbai"": 0.0, ""qwen3"": 0.0}"	"{""bm25"": 0.0, ""eos_compact_q4_fp16_o200"": 0.0, ""eos_dense"": 0.0, ""hybrid_minmax_blend_a050"": 0.0, ""mxbai"": 0.2, ""qwen3"": 0.2}"	"{""bm25"": ""287571"", ""eos_compact_q4_fp16_o200"": ""153315"", ""eos_dense"": ""153315"", ""hybrid_minmax_blend_a050"": ""153315"", ""mxbai"": ""557199"", ""qwen3"": ""333391""}"
fiqa	5228	1	True	False	False	False	"{""bm25"": 0, ""eos_compact_q4_fp16_o200"": 0, ""eos_dense"": 0, ""hybrid_minmax_blend_a050"": 0, ""mxbai"": 81, ""qwen3"": 7}"	"{""bm25"": 0.0, ""eos_compact_q4_fp16_o200"": 0.0, ""eos_dense"": 0.0, ""hybrid_minmax_blend_a050"": 0.0, ""mxbai"": 0.0, ""qwen3"": 0.3333333333333333}"	"{""bm25"": 0.0, ""eos_compact_q4_fp16_o200"": 0.0, ""eos_dense"": 0.0, ""hybrid_minmax_blend_a050"": 0.0, ""mxbai"": 1.0, ""qwen3"": 1.0}"	"{""bm25"": ""232322"", ""eos_compact_q4_fp16_o200"": ""594595"", ""eos_dense"": ""594595"", ""hybrid_minmax_blend_a050"": ""232322"", ""mxbai"": ""32455"", ""qwen3"": ""344335""}"
fiqa	5231	1	True	False	False	False	"{""bm25"": 0, ""eos_compact_q4_fp16_o200"": 0, ""eos_dense"": 0, ""hybrid_minmax_blend_a050"": 0, ""mxbai"": 0, ""qwen3"": 7}"	"{""bm25"": 0.0, ""eos_compact_q4_fp16_o200"": 0.0, ""eos_dense"": 0.0, ""hybrid_minmax_blend_a050"": 0.0, ""mxbai"": 0.0, ""qwen3"": 0.3333333333333333}"	"{""bm25"": 0.0, ""eos_compact_q4_fp16_o200"": 0.0, ""eos_dense"": 0.0, ""hybrid_minmax_blend_a050"": 0.0, ""mxbai"": 0.0, ""qwen3"": 1.0}"	"{""bm25"": ""592484"", ""eos_compact_q4_fp16_o200"": ""136283"", ""eos_dense"": ""136283"", ""hybrid_minmax_blend_a050"": ""510163"", ""mxbai"": ""314898"", ""qwen3"": ""229119""}"
fiqa	5241	5	True	True	True	True	"{""bm25"": 2, ""eos_compact_q4_fp16_o200"": 40, ""eos_dense"": 40, ""hybrid_minmax_blend_a050"": 2, ""mxbai"": 1, ""qwen3"": 1}"	"{""bm25"": 0.21398626473452756, ""eos_compact_q4_fp16_o200"": 0.0, ""eos_dense"": 0.0, ""hybrid_minmax_blend_a050"": 0.21398626473452756, ""mxbai"": 0.43719949110497325, ""qwen3"": 0.44615333764087994}"	"{""bm25"": 0.4, ""eos_compact_q4_fp16_o200"": 0.6, ""eos_dense"": 0.6, ""hybrid_minmax_blend_a050"": 0.4, ""mxbai"": 0.4, ""qwen3"": 0.4}"	"{""bm25"": ""4739"", ""eos_compact_q4_fp16_o200"": ""341837"", ""eos_dense"": ""341837"", ""hybrid_minmax_blend_a050"": ""492856"", ""mxbai"": ""344740"", ""qwen3"": ""344740""}"
fiqa	5254	2	True	True	False	False	"{""bm25"": 0, ""eos_compact_q4_fp16_o200"": 0, ""eos_dense"": 0, ""hybrid_minmax_blend_a050"": 0, ""mxbai"": 2, ""qwen3"": 1}"	"{""bm25"": 0.0, ""eos_compact_q4_fp16_o200"": 0.0, ""eos_dense"": 0.0, ""hybrid_minmax_blend_a050"": 0.0, ""mxbai"": 0.38685280723454163, ""qwen3"": 0.6131471927654585}"	"{""bm25"": 0.0, ""eos_compact_q4_fp16_o200"": 0.0, ""eos_dense"": 0.0, ""hybrid_minmax_blend_a050"": 0.0, ""mxbai"": 1.0, ""qwen3"": 1.0}"	"{""bm25"": ""469599"", ""eos_compact_q4_fp16_o200"": ""144005"", ""eos_dense"": ""144005"", ""hybrid_minmax_blend_a050"": ""144005"", ""mxbai"": ""563169"", ""qwen3"": ""402466""}"
fiqa	5255	3	False	True	True	True	"{""bm25"": 1, ""eos_compact_q4_fp16_o200"": 1, ""eos_dense"": 1, ""hybrid_minmax_blend_a050"": 1, ""mxbai"": 1, ""qwen3"": 1}"	"{""bm25"": 0.9217868789962073, ""eos_compact_q4_fp16_o200"": 0.6173196815056892, ""eos_dense"": 0.6173196815056892, ""hybrid_minmax_blend_a050"": 0.7653606369886218, ""mxbai"": 0.9674679834891693, ""qwen3"": 1.0}"	"{""bm25"": 1.0, ""eos_compact_q4_fp16_o200"": 1.0, ""eos_dense"": 1.0, ""hybrid_minmax_blend_a050"": 1.0, ""mxbai"": 1.0, ""qwen3"": 1.0}"	"{""bm25"": ""330453"", ""eos_compact_q4_fp16_o200"": ""412830"", ""eos_dense"": ""412830"", ""hybrid_minmax_blend_a050"": ""412830"", ""mxbai"": ""330453"", ""qwen3"": ""330453""}"
fiqa	5264	5	False	True	True	True	"{""bm25"": 1, ""eos_compact_q4_fp16_o200"": 2, ""eos_dense"": 2, ""hybrid_minmax_blend_a050"": 1, ""mxbai"": 1, ""qwen3"": 1}"	"{""bm25"": 0.3391602052736162, ""eos_compact_q4_fp16_o200"": 0.3347975674340218, ""eos_dense"": 0.3347975674340218, ""hybrid_minmax_blend_a050"": 0.44615333764087994, ""mxbai"": 0.5531464700081437, ""qwen3"": 0.7227265726449518}"	"{""bm25"": 0.4, ""eos_compact_q4_fp16_o200"": 0.6, ""eos_dense"": 0.6, ""hybrid_minmax_blend_a050"": 0.8, ""mxbai"": 1.0, ""qwen3"": 0.8}"	"{""bm25"": ""431814"", ""eos_compact_q4_fp16_o200"": ""551492"", ""eos_dense"": ""551492"", ""hybrid_minmax_blend_a050"": ""431814"", ""mxbai"": ""52579"", ""qwen3"": ""52579""}"
fiqa	5271	3	True	True	False	True	"{""bm25"": 0, ""eos_compact_q4_fp16_o200"": 0, ""eos_dense"": 0, ""hybrid_minmax_blend_a050"": 0, ""mxbai"": 4, ""qwen3"": 4}"	"{""bm25"": 0.0, ""eos_compact_q4_fp16_o200"": 0.0, ""eos_dense"": 0.0, ""hybrid_minmax_blend_a050"": 0.0, ""mxbai"": 0.20210734650054762, ""qwen3"": 0.3692678014667499}"	"{""bm25"": 0.0, ""eos_compact_q4_fp16_o200"": 0.0, ""eos_dense"": 0.0, ""hybrid_minmax_blend_a050"": 0.0, ""mxbai"": 1.0, ""qwen3"": 1.0}"	"{""bm25"": ""571295"", ""eos_compact_q4_fp16_o200"": ""142668"", ""eos_dense"": ""142668"", ""hybrid_minmax_blend_a050"": ""95189"", ""mxbai"": ""571295"", ""qwen3"": ""571295""}"
fiqa	5331	1	True	True	True	True	"{""bm25"": 5, ""eos_compact_q4_fp16_o200"": 20, ""eos_dense"": 20, ""hybrid_minmax_blend_a050"": 5, ""mxbai"": 1, ""qwen3"": 1}"	"{""bm25"": 0.38685280723454163, ""eos_compact_q4_fp16_o200"": 0.0, ""eos_dense"": 0.0, ""hybrid_minmax_blend_a050"": 0.38685280723454163, ""mxbai"": 1.0, ""qwen3"": 1.0}"	"{""bm25"": 1.0, ""eos_compact_q4_fp16_o200"": 1.0, ""eos_dense"": 1.0, ""hybrid_minmax_blend_a050"": 1.0, ""mxbai"": 1.0, ""qwen3"": 1.0}"	"{""bm25"": ""17661"", ""eos_compact_q4_fp16_o200"": ""525390"", ""eos_dense"": ""525390"", ""hybrid_minmax_blend_a050"": ""595605"", ""mxbai"": ""200784"", ""qwen3"": ""200784""}"
fiqa	5343	1	True	True	False	False	"{""bm25"": 0, ""eos_compact_q4_fp16_o200"": 0, ""eos_dense"": 0, ""hybrid_minmax_blend_a050"": 0, ""mxbai"": 5, ""qwen3"": 2}"	"{""bm25"": 0.0, ""eos_compact_q4_fp16_o200"": 0.0, ""eos_dense"": 0.0, ""hybrid_minmax_blend_a050"": 0.0, ""mxbai"": 0.38685280723454163, ""qwen3"": 0.6309297535714574}"	"{""bm25"": 0.0, ""eos_compact_q4_fp16_o200"": 0.0, ""eos_dense"": 0.0, ""hybrid_minmax_blend_a050"": 0.0, ""mxbai"": 1.0, ""qwen3"": 1.0}"	"{""bm25"": ""70185"", ""eos_compact_q4_fp16_o200"": ""324817"", ""eos_dense"": ""324817"", ""hybrid_minmax_blend_a050"": ""118383"", ""mxbai"": ""184365"", ""qwen3"": ""346166""}"
fiqa	5347	1	False	True	True	True	"{""bm25"": 4, ""eos_compact_q4_fp16_o200"": 1, ""eos_dense"": 1, ""hybrid_minmax_blend_a050"": 1, ""mxbai"": 1, ""qwen3"": 1}"	"{""bm25"": 0.43067655807339306, ""eos_compact_q4_fp16_o200"": 1.0, ""eos_dense"": 1.0, ""hybrid_minmax_blend_a050"": 1.0, ""mxbai"": 1.0, ""qwen3"": 1.0}"	"{""bm25"": 1.0, ""eos_compact_q4_fp16_o200"": 1.0, ""eos_dense"": 1.0, ""hybrid_minmax_blend_a050"": 1.0, ""mxbai"": 1.0, ""qwen3"": 1.0}"	"{""bm25"": ""306600"", ""eos_compact_q4_fp16_o200"": ""352930"", ""eos_dense"": ""352930"", ""hybrid_minmax_blend_a050"": ""352930"", ""mxbai"": ""352930"", ""qwen3"": ""352930""}"
fiqa	5356	5	False	True	False	False	"{""bm25"": 24, ""eos_compact_q4_fp16_o200"": 1, ""eos_dense"": 1, ""hybrid_minmax_blend_a050"": 3, ""mxbai"": 4, ""qwen3"": 3}"	"{""bm25"": 0.0, ""eos_compact_q4_fp16_o200"": 0.3391602052736162, ""eos_dense"": 0.3391602052736162, ""hybrid_minmax_blend_a050"": 0.1695801026368081, ""mxbai"": 0.14606834984270647, ""qwen3"": 0.1695801026368081}"	"{""bm25"": 0.2, ""eos_compact_q4_fp16_o200"": 0.4, ""eos_dense"": 0.4, ""hybrid_minmax_blend_a050"": 0.2, ""mxbai"": 0.8, ""qwen3"": 0.8}"	"{""bm25"": ""560213"", ""eos_compact_q4_fp16_o200"": ""279785"", ""eos_dense"": ""279785"", ""hybrid_minmax_blend_a050"": ""535343"", ""mxbai"": ""167586"", ""qwen3"": ""529877""}"
fiqa	5369	2	True	False	False	False	"{""bm25"": 29, ""eos_compact_q4_fp16_o200"": 0, ""eos_dense"": 0, ""hybrid_minmax_blend_a050"": 45, ""mxbai"": 57, ""qwen3"": 40}"	"{""bm25"": 0.0, ""eos_compact_q4_fp16_o200"": 0.0, ""eos_dense"": 0.0, ""hybrid_minmax_blend_a050"": 0.0, ""mxbai"": 0.0, ""qwen3"": 0.0}"	"{""bm25"": 0.5, ""eos_compact_q4_fp16_o200"": 0.0, ""eos_dense"": 0.0, ""hybrid_minmax_blend_a050"": 0.5, ""mxbai"": 0.5, ""qwen3"": 1.0}"	"{""bm25"": ""345697"", ""eos_compact_q4_fp16_o200"": ""375780"", ""eos_dense"": ""375780"", ""hybrid_minmax_blend_a050"": ""122807"", ""mxbai"": ""574065"", ""qwen3"": ""259228""}"
fiqa	5374	1	True	False	False	False	"{""bm25"": 0, ""eos_compact_q4_fp16_o200"": 0, ""eos_dense"": 0, ""hybrid_minmax_blend_a050"": 0, ""mxbai"": 93, ""qwen3"": 5}"	"{""bm25"": 0.0, ""eos_compact_q4_fp16_o200"": 0.0, ""eos_dense"": 0.0, ""hybrid_minmax_blend_a050"": 0.0, ""mxbai"": 0.0, ""qwen3"": 0.38685280723454163}"	"{""bm25"": 0.0, ""eos_compact_q4_fp16_o200"": 0.0, ""eos_dense"": 0.0, ""hybrid_minmax_blend_a050"": 0.0, ""mxbai"": 1.0, ""qwen3"": 1.0}"	"{""bm25"": ""283106"", ""eos_compact_q4_fp16_o200"": ""9832"", ""eos_dense"": ""9832"", ""hybrid_minmax_blend_a050"": ""133204"", ""mxbai"": ""457689"", ""qwen3"": ""283106""}"
fiqa	5380	1	False	True	True	True	"{""bm25"": 1, ""eos_compact_q4_fp16_o200"": 1, ""eos_dense"": 1, ""hybrid_minmax_blend_a050"": 1, ""mxbai"": 1, ""qwen3"": 1}"	"{""bm25"": 1.0, ""eos_compact_q4_fp16_o200"": 1.0, ""eos_dense"": 1.0, ""hybrid_minmax_blend_a050"": 1.0, ""mxbai"": 1.0, ""qwen3"": 1.0}"	"{""bm25"": 1.0, ""eos_compact_q4_fp16_o200"": 1.0, ""eos_dense"": 1.0, ""hybrid_minmax_blend_a050"": 1.0, ""mxbai"": 1.0, ""qwen3"": 1.0}"	"{""bm25"": ""549254"", ""eos_compact_q4_fp16_o200"": ""549254"", ""eos_dense"": ""549254"", ""hybrid_minmax_blend_a050"": ""549254"", ""mxbai"": ""549254"", ""qwen3"": ""549254""}"
fiqa	5402	2	True	False	False	True	"{""bm25"": 0, ""eos_compact_q4_fp16_o200"": 0, ""eos_dense"": 0, ""hybrid_minmax_blend_a050"": 0, ""mxbai"": 3, ""qwen3"": 13}"	"{""bm25"": 0.0, ""eos_compact_q4_fp16_o200"": 0.0, ""eos_dense"": 0.0, ""hybrid_minmax_blend_a050"": 0.0, ""mxbai"": 0.30657359638272924, ""qwen3"": 0.0}"	"{""bm25"": 0.0, ""eos_compact_q4_fp16_o200"": 0.0, ""eos_dense"": 0.0, ""hybrid_minmax_blend_a050"": 0.0, ""mxbai"": 1.0, ""qwen3"": 0.5}"	"{""bm25"": ""440063"", ""eos_compact_q4_fp16_o200"": ""486791"", ""eos_dense"": ""486791"", ""hybrid_minmax_blend_a050"": ""90579"", ""mxbai"": ""51728"", ""qwen3"": ""51728""}"
fiqa	5410	3	True	True	False	False	"{""bm25"": 6, ""eos_compact_q4_fp16_o200"": 16, ""eos_dense"": 16, ""hybrid_minmax_blend_a050"": 7, ""mxbai"": 2, ""qwen3"": 1}"	"{""bm25"": 0.16716045496620233, ""eos_compact_q4_fp16_o200"": 0.0, ""eos_dense"": 0.0, ""hybrid_minmax_blend_a050"": 0.1564262420075855, ""mxbai"": 0.2960819109658653, ""qwen3"": 0.46927872602275655}"	"{""bm25"": 0.3333333333333333, ""eos_compact_q4_fp16_o200"": 0.6666666666666666, ""eos_dense"": 0.6666666666666666, ""hybrid_minmax_blend_a050"": 0.6666666666666666, ""mxbai"": 0.3333333333333333, ""qwen3"": 0.3333333333333333}"	"{""bm25"": ""499392"", ""eos_compact_q4_fp16_o200"": ""126559"", ""eos_dense"": ""126559"", ""hybrid_minmax_blend_a050"": ""197138"", ""mxbai"": ""247371"", ""qwen3"": ""13975""}"
fiqa	5422	4	False	True	False	False	"{""bm25"": 8, ""eos_compact_q4_fp16_o200"": 2, ""eos_dense"": 2, ""hybrid_minmax_blend_a050"": 2, ""mxbai"": 1, ""qwen3"": 3}"	"{""bm25"": 0.123151194370365, ""eos_compact_q4_fp16_o200"": 0.24630238874073, ""eos_dense"": 0.24630238874073, ""hybrid_minmax_blend_a050"": 0.24630238874073, ""mxbai"": 0.39038004999210174, ""qwen3"": 0.312706129752478}"	"{""bm25"": 0.25, ""eos_compact_q4_fp16_o200"": 0.25, ""eos_dense"": 0.25, ""hybrid_minmax_blend_a050"": 0.25, ""mxbai"": 1.0, ""qwen3"": 0.75}"	"{""bm25"": ""463713"", ""eos_compact_q4_fp16_o200"": ""526015"", ""eos_dense"": ""526015"", ""hybrid_minmax_blend_a050"": ""463713"", ""mxbai"": ""273906"", ""qwen3"": ""276786""}"
fiqa	5427	2	True	True	False	False	"{""bm25"": 0, ""eos_compact_q4_fp16_o200"": 0, ""eos_dense"": 0, ""hybrid_minmax_blend_a050"": 0, ""mxbai"": 4, ""qwen3"": 1}"	"{""bm25"": 0.0, ""eos_compact_q4_fp16_o200"": 0.0, ""eos_dense"": 0.0, ""hybrid_minmax_blend_a050"": 0.0, ""mxbai"": 0.2640681225725909, ""qwen3"": 0.6131471927654585}"	"{""bm25"": 0.0, ""eos_compact_q4_fp16_o200"": 0.0, ""eos_dense"": 0.0, ""hybrid_minmax_blend_a050"": 0.0, ""mxbai"": 1.0, ""qwen3"": 1.0}"	"{""bm25"": ""374704"", ""eos_compact_q4_fp16_o200"": ""125953"", ""eos_dense"": ""125953"", ""hybrid_minmax_blend_a050"": ""440806"", ""mxbai"": ""101557"", ""qwen3"": ""323284""}"
fiqa	5460	5	False	False	False	False	"{""bm25"": 4, ""eos_compact_q4_fp16_o200"": 2, ""eos_dense"": 2, ""hybrid_minmax_blend_a050"": 1, ""mxbai"": 0, ""qwen3"": 85}"	"{""bm25"": 0.14606834984270647, ""eos_compact_q4_fp16_o200"": 0.21398626473452756, ""eos_dense"": 0.21398626473452756, ""hybrid_minmax_blend_a050"": 0.3391602052736162, ""mxbai"": 0.0, ""qwen3"": 0.0}"	"{""bm25"": 0.4, ""eos_compact_q4_fp16_o200"": 0.2, ""eos_dense"": 0.2, ""hybrid_minmax_blend_a050"": 0.4, ""mxbai"": 0.0, ""qwen3"": 0.2}"	"{""bm25"": ""243065"", ""eos_compact_q4_fp16_o200"": ""31189"", ""eos_dense"": ""31189"", ""hybrid_minmax_blend_a050"": ""93248"", ""mxbai"": ""522341"", ""qwen3"": ""5827""}"
fiqa	5464	3	True	False	False	False	"{""bm25"": 0, ""eos_compact_q4_fp16_o200"": 0, ""eos_dense"": 0, ""hybrid_minmax_blend_a050"": 0, ""mxbai"": 19, ""qwen3"": 1}"	"{""bm25"": 0.0, ""eos_compact_q4_fp16_o200"": 0.0, ""eos_dense"": 0.0, ""hybrid_minmax_blend_a050"": 0.0, ""mxbai"": 0.0, ""qwen3"": 0.46927872602275655}"	"{""bm25"": 0.0, ""eos_compact_q4_fp16_o200"": 0.0, ""eos_dense"": 0.0, ""hybrid_minmax_blend_a050"": 0.0, ""mxbai"": 0.6666666666666666, ""qwen3"": 0.3333333333333333}"	"{""bm25"": ""26339"", ""eos_compact_q4_fp16_o200"": ""118653"", ""eos_dense"": ""118653"", ""hybrid_minmax_blend_a050"": ""26339"", ""mxbai"": ""178501"", ""qwen3"": ""294549""}"
fiqa	5503	2	False	True	False	False	"{""bm25"": 2, ""eos_compact_q4_fp16_o200"": 1, ""eos_dense"": 1, ""hybrid_minmax_blend_a050"": 1, ""mxbai"": 1, ""qwen3"": 2}"	"{""bm25"": 0.38685280723454163, ""eos_compact_q4_fp16_o200"": 0.6131471927654585, ""eos_dense"": 0.6131471927654585, ""hybrid_minmax_blend_a050"": 0.6131471927654585, ""mxbai"": 0.8175295903539446, ""qwen3"": 0.38685280723454163}"	"{""bm25"": 0.5, ""eos_compact_q4_fp16_o200"": 0.5, ""eos_dense"": 0.5, ""hybrid_minmax_blend_a050"": 0.5, ""mxbai"": 1.0, ""qwen3"": 0.5}"	"{""bm25"": ""387218"", ""eos_compact_q4_fp16_o200"": ""146277"", ""eos_dense"": ""146277"", ""hybrid_minmax_blend_a050"": ""146277"", ""mxbai"": ""146277"", ""qwen3"": ""61623""}"
fiqa	5505	1	False	True	True	True	"{""bm25"": 2, ""eos_compact_q4_fp16_o200"": 1, ""eos_dense"": 1, ""hybrid_minmax_blend_a050"": 1, ""mxbai"": 1, ""qwen3"": 1}"	"{""bm25"": 0.6309297535714574, ""eos_compact_q4_fp16_o200"": 1.0, ""eos_dense"": 1.0, ""hybrid_minmax_blend_a050"": 1.0, ""mxbai"": 1.0, ""qwen3"": 1.0}"	"{""bm25"": 1.0, ""eos_compact_q4_fp16_o200"": 1.0, ""eos_dense"": 1.0, ""hybrid_minmax_blend_a050"": 1.0, ""mxbai"": 1.0, ""qwen3"": 1.0}"	"{""bm25"": ""141738"", ""eos_compact_q4_fp16_o200"": ""100387"", ""eos_dense"": ""100387"", ""hybrid_minmax_blend_a050"": ""100387"", ""mxbai"": ""100387"", ""qwen3"": ""100387""}"
fiqa	5511	10	True	True	True	False	"{""bm25"": 9, ""eos_compact_q4_fp16_o200"": 0, ""eos_dense"": 0, ""hybrid_minmax_blend_a050"": 35, ""mxbai"": 1, ""qwen3"": 1}"	"{""bm25"": 0.06625422345438904, ""eos_compact_q4_fp16_o200"": 0.0, ""eos_dense"": 0.0, ""hybrid_minmax_blend_a050"": 0.0, ""mxbai"": 0.4085359184257956, ""qwen3"": 0.2200917662980802}"	"{""bm25"": 0.3, ""eos_compact_q4_fp16_o200"": 0.0, ""eos_dense"": 0.0, ""hybrid_minmax_blend_a050"": 0.2, ""mxbai"": 0.4, ""qwen3"": 0.3}"	"{""bm25"": ""376016"", ""eos_compact_q4_fp16_o200"": ""580555"", ""eos_dense"": ""580555"", ""hybrid_minmax_blend_a050"": ""580555"", ""mxbai"": ""51873"", ""qwen3"": ""529123""}"
fiqa	5534	2	True	True	False	False	"{""bm25"": 0, ""eos_compact_q4_fp16_o200"": 0, ""eos_dense"": 0, ""hybrid_minmax_blend_a050"": 0, ""mxbai"": 1, ""qwen3"": 2}"	"{""bm25"": 0.0, ""eos_compact_q4_fp16_o200"": 0.0, ""eos_dense"": 0.0, ""hybrid_minmax_blend_a050"": 0.0, ""mxbai"": 0.6131471927654585, ""qwen3"": 0.38685280723454163}"	"{""bm25"": 0.0, ""eos_compact_q4_fp16_o200"": 0.0, ""eos_dense"": 0.0, ""hybrid_minmax_blend_a050"": 0.0, ""mxbai"": 0.5, ""qwen3"": 0.5}"	"{""bm25"": ""293501"", ""eos_compact_q4_fp16_o200"": ""257924"", ""eos_dense"": ""257924"", ""hybrid_minmax_blend_a050"": ""129676"", ""mxbai"": ""421136"", ""qwen3"": ""70209""}"
fiqa	5549	2	True	False	False	False	"{""bm25"": 0, ""eos_compact_q4_fp16_o200"": 73, ""eos_dense"": 73, ""hybrid_minmax_blend_a050"": 0, ""mxbai"": 0, ""qwen3"": 0}"	"{""bm25"": 0.0, ""eos_compact_q4_fp16_o200"": 0.0, ""eos_dense"": 0.0, ""hybrid_minmax_blend_a050"": 0.0, ""mxbai"": 0.0, ""qwen3"": 0.0}"	"{""bm25"": 0.0, ""eos_compact_q4_fp16_o200"": 0.5, ""eos_dense"": 0.5, ""hybrid_minmax_blend_a050"": 0.0, ""mxbai"": 0.0, ""qwen3"": 0.0}"	"{""bm25"": ""429106"", ""eos_compact_q4_fp16_o200"": ""301609"", ""eos_dense"": ""301609"", ""hybrid_minmax_blend_a050"": ""429106"", ""mxbai"": ""429106"", ""qwen3"": ""336394""}"
fiqa	5585	1	True	True	False	False	"{""bm25"": 70, ""eos_compact_q4_fp16_o200"": 0, ""eos_dense"": 0, ""hybrid_minmax_blend_a050"": 0, ""mxbai"": 3, ""qwen3"": 3}"	"{""bm25"": 0.0, ""eos_compact_q4_fp16_o200"": 0.0, ""eos_dense"": 0.0, ""hybrid_minmax_blend_a050"": 0.0, ""mxbai"": 0.5, ""qwen3"": 0.5}"	"{""bm25"": 1.0, ""eos_compact_q4_fp16_o200"": 0.0, ""eos_dense"": 0.0, ""hybrid_minmax_blend_a050"": 0.0, ""mxbai"": 1.0, ""qwen3"": 1.0}"	"{""bm25"": ""354716"", ""eos_compact_q4_fp16_o200"": ""348029"", ""eos_dense"": ""348029"", ""hybrid_minmax_blend_a050"": ""297274"", ""mxbai"": ""44802"", ""qwen3"": ""502366""}"
fiqa	5592	1	False	True	True	True	"{""bm25"": 1, ""eos_compact_q4_fp16_o200"": 1, ""eos_dense"": 1, ""hybrid_minmax_blend_a050"": 1, ""mxbai"": 1, ""qwen3"": 1}"	"{""bm25"": 1.0, ""eos_compact_q4_fp16_o200"": 1.0, ""eos_dense"": 1.0, ""hybrid_minmax_blend_a050"": 1.0, ""mxbai"": 1.0, ""qwen3"": 1.0}"	"{""bm25"": 1.0, ""eos_compact_q4_fp16_o200"": 1.0, ""eos_dense"": 1.0, ""hybrid_minmax_blend_a050"": 1.0, ""mxbai"": 1.0, ""qwen3"": 1.0}"	"{""bm25"": ""355241"", ""eos_compact_q4_fp16_o200"": ""355241"", ""eos_dense"": ""355241"", ""hybrid_minmax_blend_a050"": ""355241"", ""mxbai"": ""355241"", ""qwen3"": ""355241""}"
fiqa	5616	1	False	True	False	True	"{""bm25"": 15, ""eos_compact_q4_fp16_o200"": 1, ""eos_dense"": 1, ""hybrid_minmax_blend_a050"": 2, ""mxbai"": 2, ""qwen3"": 2}"	"{""bm25"": 0.0, ""eos_compact_q4_fp16_o200"": 1.0, ""eos_dense"": 1.0, ""hybrid_minmax_blend_a050"": 0.6309297535714574, ""mxbai"": 0.6309297535714574, ""qwen3"": 0.6309297535714574}"	"{""bm25"": 1.0, ""eos_compact_q4_fp16_o200"": 1.0, ""eos_dense"": 1.0, ""hybrid_minmax_blend_a050"": 1.0, ""mxbai"": 1.0, ""qwen3"": 1.0}"	"{""bm25"": ""599043"", ""eos_compact_q4_fp16_o200"": ""391291"", ""eos_dense"": ""391291"", ""hybrid_minmax_blend_a050"": ""599043"", ""mxbai"": ""558286"", ""qwen3"": ""558286""}"
fiqa	5620	4	True	False	False	True	"{""bm25"": 51, ""eos_compact_q4_fp16_o200"": 24, ""eos_dense"": 24, ""hybrid_minmax_blend_a050"": 18, ""mxbai"": 67, ""qwen3"": 22}"	"{""bm25"": 0.0, ""eos_compact_q4_fp16_o200"": 0.0, ""eos_dense"": 0.0, ""hybrid_minmax_blend_a050"": 0.0, ""mxbai"": 0.0, ""qwen3"": 0.0}"	"{""bm25"": 0.25, ""eos_compact_q4_fp16_o200"": 0.25, ""eos_dense"": 0.25, ""hybrid_minmax_blend_a050"": 0.25, ""mxbai"": 0.25, ""qwen3"": 0.25}"	"{""bm25"": ""598801"", ""eos_compact_q4_fp16_o200"": ""165904"", ""eos_dense"": ""165904"", ""hybrid_minmax_blend_a050"": ""158285"", ""mxbai"": ""260580"", ""qwen3"": ""260580""}"
fiqa	5646	3	False	True	True	False	"{""bm25"": 2, ""eos_compact_q4_fp16_o200"": 2, ""eos_dense"": 2, ""hybrid_minmax_blend_a050"": 1, ""mxbai"": 1, ""qwen3"": 1}"	"{""bm25"": 0.4776237035032179, ""eos_compact_q4_fp16_o200"": 0.2960819109658653, ""eos_dense"": 0.2960819109658653, ""hybrid_minmax_blend_a050"": 0.46927872602275655, ""mxbai"": 1.0, ""qwen3"": 0.8710785440003371}"	"{""bm25"": 1.0, ""eos_compact_q4_fp16_o200"": 0.3333333333333333, ""eos_dense"": 0.3333333333333333, ""hybrid_minmax_blend_a050"": 1.0, ""mxbai"": 1.0, ""qwen3"": 1.0}"	"{""bm25"": ""266711"", ""eos_compact_q4_fp16_o200"": ""406461"", ""eos_dense"": ""406461"", ""hybrid_minmax_blend_a050"": ""200972"", ""mxbai"": ""516413"", ""qwen3"": ""200972""}"
fiqa	5653	1	True	True	True	True	"{""bm25"": 1, ""eos_compact_q4_fp16_o200"": 0, ""eos_dense"": 0, ""hybrid_minmax_blend_a050"": 3, ""mxbai"": 1, ""qwen3"": 1}"	"{""bm25"": 1.0, ""eos_compact_q4_fp16_o200"": 0.0, ""eos_dense"": 0.0, ""hybrid_minmax_blend_a050"": 0.5, ""mxbai"": 1.0, ""qwen3"": 1.0}"	"{""bm25"": 1.0, ""eos_compact_q4_fp16_o200"": 0.0, ""eos_dense"": 0.0, ""hybrid_minmax_blend_a050"": 1.0, ""mxbai"": 1.0, ""qwen3"": 1.0}"	"{""bm25"": ""588247"", ""eos_compact_q4_fp16_o200"": ""434940"", ""eos_dense"": ""434940"", ""hybrid_minmax_blend_a050"": ""489640"", ""mxbai"": ""588247"", ""qwen3"": ""588247""}"
fiqa	5683	2	False	True	False	False	"{""bm25"": 1, ""eos_compact_q4_fp16_o200"": 2, ""eos_dense"": 2, ""hybrid_minmax_blend_a050"": 1, ""mxbai"": 1, ""qwen3"": 2}"	"{""bm25"": 0.8772153153380494, ""eos_compact_q4_fp16_o200"": 0.38685280723454163, ""eos_dense"": 0.38685280723454163, ""hybrid_minmax_blend_a050"": 0.8503449055347547, ""mxbai"": 1.0, ""qwen3"": 0.6934264036172708}"	"{""bm25"": 1.0, ""eos_compact_q4_fp16_o200"": 1.0, ""eos_dense"": 1.0, ""hybrid_minmax_blend_a050"": 1.0, ""mxbai"": 1.0, ""qwen3"": 1.0}"	"{""bm25"": ""448690"", ""eos_compact_q4_fp16_o200"": ""308294"", ""eos_dense"": ""308294"", ""hybrid_minmax_blend_a050"": ""448690"", ""mxbai"": ""173026"", ""qwen3"": ""192686""}"
fiqa	5710	1	True	False	False	False	"{""bm25"": 35, ""eos_compact_q4_fp16_o200"": 0, ""eos_dense"": 0, ""hybrid_minmax_blend_a050"": 77, ""mxbai"": 0, ""qwen3"": 0}"	"{""bm25"": 0.0, ""eos_compact_q4_fp16_o200"": 0.0, ""eos_dense"": 0.0, ""hybrid_minmax_blend_a050"": 0.0, ""mxbai"": 0.0, ""qwen3"": 0.0}"	"{""bm25"": 1.0, ""eos_compact_q4_fp16_o200"": 0.0, ""eos_dense"": 0.0, ""hybrid_minmax_blend_a050"": 1.0, ""mxbai"": 0.0, ""qwen3"": 0.0}"	"{""bm25"": ""581010"", ""eos_compact_q4_fp16_o200"": ""524612"", ""eos_dense"": ""524612"", ""hybrid_minmax_blend_a050"": ""524612"", ""mxbai"": ""403480"", ""qwen3"": ""227364""}"
fiqa	5741	2	False	False	False	False	"{""bm25"": 56, ""eos_compact_q4_fp16_o200"": 5, ""eos_dense"": 5, ""hybrid_minmax_blend_a050"": 8, ""mxbai"": 5, ""qwen3"": 20}"	"{""bm25"": 0.0, ""eos_compact_q4_fp16_o200"": 0.23719771276929624, ""eos_dense"": 0.23719771276929624, ""hybrid_minmax_blend_a050"": 0.19342640361727081, ""mxbai"": 0.23719771276929624, ""qwen3"": 0.0}"	"{""bm25"": 0.5, ""eos_compact_q4_fp16_o200"": 0.5, ""eos_dense"": 0.5, ""hybrid_minmax_blend_a050"": 0.5, ""mxbai"": 0.5, ""qwen3"": 1.0}"	"{""bm25"": ""379546"", ""eos_compact_q4_fp16_o200"": ""485766"", ""eos_dense"": ""485766"", ""hybrid_minmax_blend_a050"": ""379546"", ""mxbai"": ""312445"", ""qwen3"": ""351196""}"
fiqa	5763	3	True	True	False	False	"{""bm25"": 0, ""eos_compact_q4_fp16_o200"": 0, ""eos_dense"": 0, ""hybrid_minmax_blend_a050"": 0, ""mxbai"": 7, ""qwen3"": 6}"	"{""bm25"": 0.0, ""eos_compact_q4_fp16_o200"": 0.0, ""eos_dense"": 0.0, ""hybrid_minmax_blend_a050"": 0.0, ""mxbai"": 0.1564262420075855, ""qwen3"": 0.16716045496620233}"	"{""bm25"": 0.0, ""eos_compact_q4_fp16_o200"": 0.0, ""eos_dense"": 0.0, ""hybrid_minmax_blend_a050"": 0.0, ""mxbai"": 0.6666666666666666, ""qwen3"": 0.6666666666666666}"	"{""bm25"": ""67379"", ""eos_compact_q4_fp16_o200"": ""520430"", ""eos_dense"": ""520430"", ""hybrid_minmax_blend_a050"": ""67379"", ""mxbai"": ""38712"", ""qwen3"": ""440063""}"
fiqa	5782	5	False	True	True	True	"{""bm25"": 2, ""eos_compact_q4_fp16_o200"": 3, ""eos_dense"": 3, ""hybrid_minmax_blend_a050"": 1, ""mxbai"": 1, ""qwen3"": 1}"	"{""bm25"": 0.21398626473452756, ""eos_compact_q4_fp16_o200"": 0.1695801026368081, ""eos_dense"": 0.1695801026368081, ""hybrid_minmax_blend_a050"": 0.3391602052736162, ""mxbai"": 0.3391602052736162, ""qwen3"": 0.44125760039652784}"	"{""bm25"": 0.2, ""eos_compact_q4_fp16_o200"": 0.4, ""eos_dense"": 0.4, ""hybrid_minmax_blend_a050"": 0.4, ""mxbai"": 0.4, ""qwen3"": 0.6}"	"{""bm25"": ""487621"", ""eos_compact_q4_fp16_o200"": ""204142"", ""eos_dense"": ""204142"", ""hybrid_minmax_blend_a050"": ""172084"", ""mxbai"": ""172084"", ""qwen3"": ""172084""}"
fiqa	5790	1	True	False	False	False	"{""bm25"": 0, ""eos_compact_q4_fp16_o200"": 0, ""eos_dense"": 0, ""hybrid_minmax_blend_a050"": 0, ""mxbai"": 43, ""qwen3"": 0}"	"{""bm25"": 0.0, ""eos_compact_q4_fp16_o200"": 0.0, ""eos_dense"": 0.0, ""hybrid_minmax_blend_a050"": 0.0, ""mxbai"": 0.0, ""qwen3"": 0.0}"	"{""bm25"": 0.0, ""eos_compact_q4_fp16_o200"": 0.0, ""eos_dense"": 0.0, ""hybrid_minmax_blend_a050"": 0.0, ""mxbai"": 1.0, ""qwen3"": 0.0}"	"{""bm25"": ""594529"", ""eos_compact_q4_fp16_o200"": ""141738"", ""eos_dense"": ""141738"", ""hybrid_minmax_blend_a050"": ""243939"", ""mxbai"": ""426960"", ""qwen3"": ""11122""}"
fiqa	5808	1	False	True	False	True	"{""bm25"": 61, ""eos_compact_q4_fp16_o200"": 2, ""eos_dense"": 2, ""hybrid_minmax_blend_a050"": 4, ""mxbai"": 2, ""qwen3"": 3}"	"{""bm25"": 0.0, ""eos_compact_q4_fp16_o200"": 0.6309297535714574, ""eos_dense"": 0.6309297535714574, ""hybrid_minmax_blend_a050"": 0.43067655807339306, ""mxbai"": 0.6309297535714574, ""qwen3"": 0.5}"	"{""bm25"": 1.0, ""eos_compact_q4_fp16_o200"": 1.0, ""eos_dense"": 1.0, ""hybrid_minmax_blend_a050"": 1.0, ""mxbai"": 1.0, ""qwen3"": 1.0}"	"{""bm25"": ""438547"", ""eos_compact_q4_fp16_o200"": ""559168"", ""eos_dense"": ""559168"", ""hybrid_minmax_blend_a050"": ""438547"", ""mxbai"": ""204761"", ""qwen3"": ""204761""}"
fiqa	5853	8	True	True	False	False	"{""bm25"": 34, ""eos_compact_q4_fp16_o200"": 17, ""eos_dense"": 17, ""hybrid_minmax_blend_a050"": 10, ""mxbai"": 3, ""qwen3"": 1}"	"{""bm25"": 0.0, ""eos_compact_q4_fp16_o200"": 0.0, ""eos_dense"": 0.0, ""hybrid_minmax_blend_a050"": 0.07311683844390995, ""mxbai"": 0.12647135138382856, ""qwen3"": 0.34304271142002485}"	"{""bm25"": 0.375, ""eos_compact_q4_fp16_o200"": 0.25, ""eos_dense"": 0.25, ""hybrid_minmax_blend_a050"": 0.25, ""mxbai"": 0.375, ""qwen3"": 0.375}"	"{""bm25"": ""549270"", ""eos_compact_q4_fp16_o200"": ""226451"", ""eos_dense"": ""226451"", ""hybrid_minmax_blend_a050"": ""383682"", ""mxbai"": ""494148"", ""qwen3"": ""284318""}"
fiqa	5862	4	False	False	False	True	"{""bm25"": 44, ""eos_compact_q4_fp16_o200"": 7, ""eos_dense"": 7, ""hybrid_minmax_blend_a050"": 8, ""mxbai"": 12, ""qwen3"": 3}"	"{""bm25"": 0.0, ""eos_compact_q4_fp16_o200"": 0.13012668333070057, ""eos_dense"": 0.13012668333070057, ""hybrid_minmax_blend_a050"": 0.123151194370365, ""mxbai"": 0.0, ""qwen3"": 0.19519002499605087}"	"{""bm25"": 0.25, ""eos_compact_q4_fp16_o200"": 0.25, ""eos_dense"": 0.25, ""hybrid_minmax_blend_a050"": 0.25, ""mxbai"": 0.5, ""qwen3"": 0.75}"	"{""bm25"": ""122908"", ""eos_compact_q4_fp16_o200"": ""304006"", ""eos_dense"": ""304006"", ""hybrid_minmax_blend_a050"": ""503034"", ""mxbai"": ""21194"", ""qwen3"": ""21194""}"
fiqa	5888	2	False	False	False	False	"{""bm25"": 1, ""eos_compact_q4_fp16_o200"": 8, ""eos_dense"": 8, ""hybrid_minmax_blend_a050"": 1, ""mxbai"": 11, ""qwen3"": 10}"	"{""bm25"": 0.6131471927654585, ""eos_compact_q4_fp16_o200"": 0.19342640361727081, ""eos_dense"": 0.19342640361727081, ""hybrid_minmax_blend_a050"": 0.6131471927654585, ""mxbai"": 0.0, ""qwen3"": 0.17723928678404777}"	"{""bm25"": 0.5, ""eos_compact_q4_fp16_o200"": 0.5, ""eos_dense"": 0.5, ""hybrid_minmax_blend_a050"": 0.5, ""mxbai"": 0.5, ""qwen3"": 0.5}"	"{""bm25"": ""336792"", ""eos_compact_q4_fp16_o200"": ""435825"", ""eos_dense"": ""435825"", ""hybrid_minmax_blend_a050"": ""336792"", ""mxbai"": ""358445"", ""qwen3"": ""579601""}"
fiqa	5903	1	True	False	False	False	"{""bm25"": 0, ""eos_compact_q4_fp16_o200"": 0, ""eos_dense"": 0, ""hybrid_minmax_blend_a050"": 0, ""mxbai"": 0, ""qwen3"": 46}"	"{""bm25"": 0.0, ""eos_compact_q4_fp16_o200"": 0.0, ""eos_dense"": 0.0, ""hybrid_minmax_blend_a050"": 0.0, ""mxbai"": 0.0, ""qwen3"": 0.0}"	"{""bm25"": 0.0, ""eos_compact_q4_fp16_o200"": 0.0, ""eos_dense"": 0.0, ""hybrid_minmax_blend_a050"": 0.0, ""mxbai"": 0.0, ""qwen3"": 1.0}"	"{""bm25"": ""408524"", ""eos_compact_q4_fp16_o200"": ""372233"", ""eos_dense"": ""372233"", ""hybrid_minmax_blend_a050"": ""372233"", ""mxbai"": ""159471"", ""qwen3"": ""501153""}"
fiqa	5906	2	True	False	False	True	"{""bm25"": 13, ""eos_compact_q4_fp16_o200"": 0, ""eos_dense"": 0, ""hybrid_minmax_blend_a050"": 30, ""mxbai"": 14, ""qwen3"": 4}"	"{""bm25"": 0.0, ""eos_compact_q4_fp16_o200"": 0.0, ""eos_dense"": 0.0, ""hybrid_minmax_blend_a050"": 0.0, ""mxbai"": 0.0, ""qwen3"": 0.2640681225725909}"	"{""bm25"": 0.5, ""eos_compact_q4_fp16_o200"": 0.0, ""eos_dense"": 0.0, ""hybrid_minmax_blend_a050"": 0.5, ""mxbai"": 1.0, ""qwen3"": 1.0}"	"{""bm25"": ""395376"", ""eos_compact_q4_fp16_o200"": ""268895"", ""eos_dense"": ""268895"", ""hybrid_minmax_blend_a050"": ""395376"", ""mxbai"": ""474155"", ""qwen3"": ""474155""}"
fiqa	5940	3	True	False	False	False	"{""bm25"": 0, ""eos_compact_q4_fp16_o200"": 0, ""eos_dense"": 0, ""hybrid_minmax_blend_a050"": 0, ""mxbai"": 20, ""qwen3"": 78}"	"{""bm25"": 0.0, ""eos_compact_q4_fp16_o200"": 0.0, ""eos_dense"": 0.0, ""hybrid_minmax_blend_a050"": 0.0, ""mxbai"": 0.0, ""qwen3"": 0.0}"	"{""bm25"": 0.0, ""eos_compact_q4_fp16_o200"": 0.0, ""eos_dense"": 0.0, ""hybrid_minmax_blend_a050"": 0.0, ""mxbai"": 1.0, ""qwen3"": 0.3333333333333333}"	"{""bm25"": ""507494"", ""eos_compact_q4_fp16_o200"": ""42738"", ""eos_dense"": ""42738"", ""hybrid_minmax_blend_a050"": ""250354"", ""mxbai"": ""228186"", ""qwen3"": ""182226""}"
fiqa	5951	9	False	True	False	False	"{""bm25"": 2, ""eos_compact_q4_fp16_o200"": 1, ""eos_dense"": 1, ""hybrid_minmax_blend_a050"": 1, ""mxbai"": 2, ""qwen3"": 1}"	"{""bm25"": 0.2190529912912297, ""eos_compact_q4_fp16_o200"": 0.2350455494144854, ""eos_dense"": 0.2350455494144854, ""hybrid_minmax_blend_a050"": 0.2350455494144854, ""mxbai"": 0.6158501733929389, ""qwen3"": 0.5595270501044359}"	"{""bm25"": 0.3333333333333333, ""eos_compact_q4_fp16_o200"": 0.3333333333333333, ""eos_dense"": 0.3333333333333333, ""hybrid_minmax_blend_a050"": 0.5555555555555556, ""mxbai"": 0.7777777777777778, ""qwen3"": 0.8888888888888888}"	"{""bm25"": ""599860"", ""eos_compact_q4_fp16_o200"": ""418034"", ""eos_dense"": ""418034"", ""hybrid_minmax_blend_a050"": ""418034"", ""mxbai"": ""599860"", ""qwen3"": ""259777""}"
fiqa	5970	3	True	True	False	False	"{""bm25"": 9, ""eos_compact_q4_fp16_o200"": 70, ""eos_dense"": 70, ""hybrid_minmax_blend_a050"": 25, ""mxbai"": 3, ""qwen3"": 2}"	"{""bm25"": 0.14126697285982903, ""eos_compact_q4_fp16_o200"": 0.0, ""eos_dense"": 0.0, ""hybrid_minmax_blend_a050"": 0.0, ""mxbai"": 0.4017998179775806, ""qwen3"": 0.2960819109658653}"	"{""bm25"": 0.6666666666666666, ""eos_compact_q4_fp16_o200"": 0.3333333333333333, ""eos_dense"": 0.3333333333333333, ""hybrid_minmax_blend_a050"": 0.3333333333333333, ""mxbai"": 1.0, ""qwen3"": 1.0}"	"{""bm25"": ""294150"", ""eos_compact_q4_fp16_o200"": ""219274"", ""eos_dense"": ""219274"", ""hybrid_minmax_blend_a050"": ""219274"", ""mxbai"": ""434257"", ""qwen3"": ""516849""}"
fiqa	5981	5	False	True	True	True	"{""bm25"": 1, ""eos_compact_q4_fp16_o200"": 1, ""eos_dense"": 1, ""hybrid_minmax_blend_a050"": 1, ""mxbai"": 1, ""qwen3"": 1}"	"{""bm25"": 0.6843515475204855, ""eos_compact_q4_fp16_o200"": 0.6217937096682963, ""eos_dense"": 0.6217937096682963, ""hybrid_minmax_blend_a050"": 0.8687949224876582, ""mxbai"": 1.0, ""qwen3"": 1.0}"	"{""bm25"": 0.8, ""eos_compact_q4_fp16_o200"": 0.8, ""eos_dense"": 0.8, ""hybrid_minmax_blend_a050"": 0.8, ""mxbai"": 1.0, ""qwen3"": 1.0}"	"{""bm25"": ""286182"", ""eos_compact_q4_fp16_o200"": ""245532"", ""eos_dense"": ""245532"", ""hybrid_minmax_blend_a050"": ""286182"", ""mxbai"": ""210439"", ""qwen3"": ""210439""}"
fiqa	5993	15	False	True	False	False	"{""bm25"": 1, ""eos_compact_q4_fp16_o200"": 2, ""eos_dense"": 2, ""hybrid_minmax_blend_a050"": 1, ""mxbai"": 1, ""qwen3"": 2}"	"{""bm25"": 0.2200917662980802, ""eos_compact_q4_fp16_o200"": 0.23365080824310533, ""eos_dense"": 0.23365080824310533, ""hybrid_minmax_blend_a050"": 0.314880130667631, ""mxbai"": 0.5797827732044221, ""qwen3"": 0.13886244387355454}"	"{""bm25"": 0.26666666666666666, ""eos_compact_q4_fp16_o200"": 0.2, ""eos_dense"": 0.2, ""hybrid_minmax_blend_a050"": 0.4, ""mxbai"": 0.6666666666666666, ""qwen3"": 0.5333333333333333}"	"{""bm25"": ""94373"", ""eos_compact_q4_fp16_o200"": ""245975"", ""eos_dense"": ""245975"", ""hybrid_minmax_blend_a050"": ""94373"", ""mxbai"": ""287571"", ""qwen3"": ""311558""}"
fiqa	6002	11	False	True	False	False	"{""bm25"": 1, ""eos_compact_q4_fp16_o200"": 1, ""eos_dense"": 1, ""hybrid_minmax_blend_a050"": 1, ""mxbai"": 2, ""qwen3"": 1}"	"{""bm25"": 0.3679212572135328, ""eos_compact_q4_fp16_o200"": 0.6083169141195838, ""eos_dense"": 0.6083169141195838, ""hybrid_minmax_blend_a050"": 0.5579780239524, ""mxbai"": 0.6320787427864673, ""qwen3"": 0.793584067764911}"	"{""bm25"": 0.9090909090909091, ""eos_compact_q4_fp16_o200"": 0.9090909090909091, ""eos_dense"": 0.9090909090909091, ""hybrid_minmax_blend_a050"": 0.9090909090909091, ""mxbai"": 1.0, ""qwen3"": 1.0}"	"{""bm25"": ""154181"", ""eos_compact_q4_fp16_o200"": ""273501"", ""eos_dense"": ""273501"", ""hybrid_minmax_blend_a050"": ""273501"", ""mxbai"": ""459423"", ""qwen3"": ""154181""}"
fiqa	6004	1	True	False	False	False	"{""bm25"": 0, ""eos_compact_q4_fp16_o200"": 0, ""eos_dense"": 0, ""hybrid_minmax_blend_a050"": 0, ""mxbai"": 0, ""qwen3"": 0}"	"{""bm25"": 0.0, ""eos_compact_q4_fp16_o200"": 0.0, ""eos_dense"": 0.0, ""hybrid_minmax_blend_a050"": 0.0, ""mxbai"": 0.0, ""qwen3"": 0.0}"	"{""bm25"": 0.0, ""eos_compact_q4_fp16_o200"": 0.0, ""eos_dense"": 0.0, ""hybrid_minmax_blend_a050"": 0.0, ""mxbai"": 0.0, ""qwen3"": 0.0}"	"{""bm25"": ""374797"", ""eos_compact_q4_fp16_o200"": ""13260"", ""eos_dense"": ""13260"", ""hybrid_minmax_blend_a050"": ""13260"", ""mxbai"": ""271109"", ""qwen3"": ""278373""}"
fiqa	6005	13	False	True	True	True	"{""bm25"": 3, ""eos_compact_q4_fp16_o200"": 2, ""eos_dense"": 2, ""hybrid_minmax_blend_a050"": 2, ""mxbai"": 1, ""qwen3"": 1}"	"{""bm25"": 0.18340980524840014, ""eos_compact_q4_fp16_o200"": 0.20248323207250626, ""eos_dense"": 0.20248323207250626, ""hybrid_minmax_blend_a050"": 0.2999050316974944, ""mxbai"": 0.349966777951421, ""qwen3"": 0.3718539573761156}"	"{""bm25"": 0.46153846153846156, ""eos_compact_q4_fp16_o200"": 0.23076923076923078, ""eos_dense"": 0.23076923076923078, ""hybrid_minmax_blend_a050"": 0.5384615384615384, ""mxbai"": 0.7692307692307693, ""qwen3"": 0.6153846153846154}"	"{""bm25"": ""25190"", ""eos_compact_q4_fp16_o200"": ""431884"", ""eos_dense"": ""431884"", ""hybrid_minmax_blend_a050"": ""431884"", ""mxbai"": ""149500"", ""qwen3"": ""149500""}"
fiqa	6009	1	True	False	False	False	"{""bm25"": 9, ""eos_compact_q4_fp16_o200"": 0, ""eos_dense"": 0, ""hybrid_minmax_blend_a050"": 13, ""mxbai"": 27, ""qwen3"": 10}"	"{""bm25"": 0.3010299956639812, ""eos_compact_q4_fp16_o200"": 0.0, ""eos_dense"": 0.0, ""hybrid_minmax_blend_a050"": 0.0, ""mxbai"": 0.0, ""qwen3"": 0.2890648263178879}"	"{""bm25"": 1.0, ""eos_compact_q4_fp16_o200"": 0.0, ""eos_dense"": 0.0, ""hybrid_minmax_blend_a050"": 1.0, ""mxbai"": 1.0, ""qwen3"": 1.0}"	"{""bm25"": ""541730"", ""eos_compact_q4_fp16_o200"": ""293484"", ""eos_dense"": ""293484"", ""hybrid_minmax_blend_a050"": ""541730"", ""mxbai"": ""569627"", ""qwen3"": ""541730""}"
fiqa	6041	4	False	True	True	True	"{""bm25"": 1, ""eos_compact_q4_fp16_o200"": 3, ""eos_dense"": 3, ""hybrid_minmax_blend_a050"": 1, ""mxbai"": 1, ""qwen3"": 1}"	"{""bm25"": 0.6366824387328317, ""eos_compact_q4_fp16_o200"": 0.3462096432238561, ""eos_dense"": 0.3462096432238561, ""hybrid_minmax_blend_a050"": 0.6366824387328317, ""mxbai"": 0.749527580081767, ""qwen3"": 0.6366824387328317}"	"{""bm25"": 0.75, ""eos_compact_q4_fp16_o200"": 0.75, ""eos_dense"": 0.75, ""hybrid_minmax_blend_a050"": 0.75, ""mxbai"": 0.75, ""qwen3"": 0.75}"	"{""bm25"": ""425020"", ""eos_compact_q4_fp16_o200"": ""96910"", ""eos_dense"": ""96910"", ""hybrid_minmax_blend_a050"": ""81655"", ""mxbai"": ""81655"", ""qwen3"": ""81655""}"
fiqa	6080	2	False	True	True	True	"{""bm25"": 1, ""eos_compact_q4_fp16_o200"": 1, ""eos_dense"": 1, ""hybrid_minmax_blend_a050"": 1, ""mxbai"": 1, ""qwen3"": 1}"	"{""bm25"": 0.6131471927654585, ""eos_compact_q4_fp16_o200"": 0.6131471927654585, ""eos_dense"": 0.6131471927654585, ""hybrid_minmax_blend_a050"": 0.6131471927654585, ""mxbai"": 0.6131471927654585, ""qwen3"": 0.6131471927654585}"	"{""bm25"": 0.5, ""eos_compact_q4_fp16_o200"": 0.5, ""eos_dense"": 0.5, ""hybrid_minmax_blend_a050"": 0.5, ""mxbai"": 1.0, ""qwen3"": 0.5}"	"{""bm25"": ""22856"", ""eos_compact_q4_fp16_o200"": ""22856"", ""eos_dense"": ""22856"", ""hybrid_minmax_blend_a050"": ""22856"", ""mxbai"": ""22856"", ""qwen3"": ""22856""}"
fiqa	6110	8	True	True	False	False	"{""bm25"": 1, ""eos_compact_q4_fp16_o200"": 20, ""eos_dense"": 20, ""hybrid_minmax_blend_a050"": 2, ""mxbai"": 1, ""qwen3"": 2}"	"{""bm25"": 0.4305888359652657, ""eos_compact_q4_fp16_o200"": 0.0, ""eos_dense"": 0.0, ""hybrid_minmax_blend_a050"": 0.15958907712489634, ""mxbai"": 0.45555739486886926, ""qwen3"": 0.3528398039985379}"	"{""bm25"": 0.625, ""eos_compact_q4_fp16_o200"": 0.25, ""eos_dense"": 0.25, ""hybrid_minmax_blend_a050"": 0.625, ""mxbai"": 0.875, ""qwen3"": 0.875}"	"{""bm25"": ""188531"", ""eos_compact_q4_fp16_o200"": ""79764"", ""eos_dense"": ""79764"", ""hybrid_minmax_blend_a050"": ""329662"", ""mxbai"": ""188531"", ""qwen3"": ""35500""}"
fiqa	6121	2	True	True	True	True	"{""bm25"": 9, ""eos_compact_q4_fp16_o200"": 0, ""eos_dense"": 0, ""hybrid_minmax_blend_a050"": 24, ""mxbai"": 1, ""qwen3"": 1}"	"{""bm25"": 0.1845756967795682, ""eos_compact_q4_fp16_o200"": 0.0, ""eos_dense"": 0.0, ""hybrid_minmax_blend_a050"": 0.0, ""mxbai"": 0.6131471927654585, ""qwen3"": 0.6131471927654585}"	"{""bm25"": 0.5, ""eos_compact_q4_fp16_o200"": 0.0, ""eos_dense"": 0.0, ""hybrid_minmax_blend_a050"": 0.5, ""mxbai"": 1.0, ""qwen3"": 1.0}"	"{""bm25"": ""143593"", ""eos_compact_q4_fp16_o200"": ""406853"", ""eos_dense"": ""406853"", ""hybrid_minmax_blend_a050"": ""406853"", ""mxbai"": ""289231"", ""qwen3"": ""289231""}"
fiqa	6122	3	True	True	True	True	"{""bm25"": 1, ""eos_compact_q4_fp16_o200"": 0, ""eos_dense"": 0, ""hybrid_minmax_blend_a050"": 2, ""mxbai"": 1, ""qwen3"": 1}"	"{""bm25"": 0.46927872602275655, ""eos_compact_q4_fp16_o200"": 0.0, ""eos_dense"": 0.0, ""hybrid_minmax_blend_a050"": 0.2960819109658653, ""mxbai"": 0.46927872602275655, ""qwen3"": 0.46927872602275655}"	"{""bm25"": 0.3333333333333333, ""eos_compact_q4_fp16_o200"": 0.0, ""eos_dense"": 0.0, ""hybrid_minmax_blend_a050"": 0.3333333333333333, ""mxbai"": 1.0, ""qwen3"": 0.6666666666666666}"	"{""bm25"": ""496166"", ""eos_compact_q4_fp16_o200"": ""473687"", ""eos_dense"": ""473687"", ""hybrid_minmax_blend_a050"": ""473687"", ""mxbai"": ""496166"", ""qwen3"": ""496166""}"
fiqa	6131	12	False	True	True	False	"{""bm25"": 1, ""eos_compact_q4_fp16_o200"": 1, ""eos_dense"": 1, ""hybrid_minmax_blend_a050"": 1, ""mxbai"": 1, ""qwen3"": 1}"	"{""bm25"": 0.29849003527675555, ""eos_compact_q4_fp16_o200"": 0.2200917662980802, ""eos_dense"": 0.2200917662980802, ""hybrid_minmax_blend_a050"": 0.29345568839744024, ""mxbai"": 0.6114735274236565, ""qwen3"": 0.5919268187287084}"	"{""bm25"": 0.4166666666666667, ""eos_compact_q4_fp16_o200"": 0.3333333333333333, ""eos_dense"": 0.3333333333333333, ""hybrid_minmax_blend_a050"": 0.3333333333333333, ""mxbai"": 0.75, ""qwen3"": 0.8333333333333334}"	"{""bm25"": ""326094"", ""eos_compact_q4_fp16_o200"": ""326094"", ""eos_dense"": ""326094"", ""hybrid_minmax_blend_a050"": ""326094"", ""mxbai"": ""326094"", ""qwen3"": ""334111""}"
fiqa	6133	2	False	True	False	False	"{""bm25"": 1, ""eos_compact_q4_fp16_o200"": 3, ""eos_dense"": 2, ""hybrid_minmax_blend_a050"": 1, ""mxbai"": 3, ""qwen3"": 3}"	"{""bm25"": 0.6131471927654585, ""eos_compact_q4_fp16_o200"": 0.30657359638272924, ""eos_dense"": 0.38685280723454163, ""hybrid_minmax_blend_a050"": 0.6131471927654585, ""mxbai"": 0.30657359638272924, ""qwen3"": 0.30657359638272924}"	"{""bm25"": 0.5, ""eos_compact_q4_fp16_o200"": 0.5, ""eos_dense"": 0.5, ""hybrid_minmax_blend_a050"": 0.5, ""mxbai"": 0.5, ""qwen3"": 0.5}"	"{""bm25"": ""7733"", ""eos_compact_q4_fp16_o200"": ""358492"", ""eos_dense"": ""358492"", ""hybrid_minmax_blend_a050"": ""7733"", ""mxbai"": ""116436"", ""qwen3"": ""320184""}"
fiqa	6142	2	False	True	True	True	"{""bm25"": 14, ""eos_compact_q4_fp16_o200"": 3, ""eos_dense"": 3, ""hybrid_minmax_blend_a050"": 4, ""mxbai"": 1, ""qwen3"": 1}"	"{""bm25"": 0.0, ""eos_compact_q4_fp16_o200"": 0.30657359638272924, ""eos_dense"": 0.30657359638272924, ""hybrid_minmax_blend_a050"": 0.468450520161077, ""mxbai"": 0.6131471927654585, ""qwen3"": 0.6131471927654585}"	"{""bm25"": 1.0, ""eos_compact_q4_fp16_o200"": 1.0, ""eos_dense"": 1.0, ""hybrid_minmax_blend_a050"": 1.0, ""mxbai"": 1.0, ""qwen3"": 1.0}"	"{""bm25"": ""386278"", ""eos_compact_q4_fp16_o200"": ""243115"", ""eos_dense"": ""243115"", ""hybrid_minmax_blend_a050"": ""13732"", ""mxbai"": ""155461"", ""qwen3"": ""155461""}"
fiqa	6146	2	False	True	True	True	"{""bm25"": 1, ""eos_compact_q4_fp16_o200"": 4, ""eos_dense"": 4, ""hybrid_minmax_blend_a050"": 1, ""mxbai"": 1, ""qwen3"": 1}"	"{""bm25"": 0.6131471927654585, ""eos_compact_q4_fp16_o200"": 0.2640681225725909, ""eos_dense"": 0.2640681225725909, ""hybrid_minmax_blend_a050"": 0.6131471927654585, ""mxbai"": 1.0, ""qwen3"": 1.0}"	"{""bm25"": 0.5, ""eos_compact_q4_fp16_o200"": 0.5, ""eos_dense"": 0.5, ""hybrid_minmax_blend_a050"": 0.5, ""mxbai"": 1.0, ""qwen3"": 1.0}"	"{""bm25"": ""160125"", ""eos_compact_q4_fp16_o200"": ""188903"", ""eos_dense"": ""188903"", ""hybrid_minmax_blend_a050"": ""160125"", ""mxbai"": ""160125"", ""qwen3"": ""160125""}"
fiqa	6199	4	True	True	False	False	"{""bm25"": 47, ""eos_compact_q4_fp16_o200"": 37, ""eos_dense"": 37, ""hybrid_minmax_blend_a050"": 68, ""mxbai"": 1, ""qwen3"": 4}"	"{""bm25"": 0.0, ""eos_compact_q4_fp16_o200"": 0.0, ""eos_dense"": 0.0, ""hybrid_minmax_blend_a050"": 0.0, ""mxbai"": 0.6366824387328317, ""qwen3"": 0.2982542196018181}"	"{""bm25"": 0.5, ""eos_compact_q4_fp16_o200"": 0.25, ""eos_dense"": 0.25, ""hybrid_minmax_blend_a050"": 0.25, ""mxbai"": 0.75, ""qwen3"": 0.5}"	"{""bm25"": ""317552"", ""eos_compact_q4_fp16_o200"": ""47163"", ""eos_dense"": ""47163"", ""hybrid_minmax_blend_a050"": ""47163"", ""mxbai"": ""584273"", ""qwen3"": ""396145""}"
fiqa	6219	2	True	True	False	False	"{""bm25"": 1, ""eos_compact_q4_fp16_o200"": 17, ""eos_dense"": 17, ""hybrid_minmax_blend_a050"": 1, ""mxbai"": 1, ""qwen3"": 3}"	"{""bm25"": 1.0, ""eos_compact_q4_fp16_o200"": 0.0, ""eos_dense"": 0.0, ""hybrid_minmax_blend_a050"": 0.8315546295836226, ""mxbai"": 0.9197207891481877, ""qwen3"": 0.5706417189553201}"	"{""bm25"": 1.0, ""eos_compact_q4_fp16_o200"": 0.5, ""eos_dense"": 0.5, ""hybrid_minmax_blend_a050"": 1.0, ""mxbai"": 1.0, ""qwen3"": 1.0}"	"{""bm25"": ""146924"", ""eos_compact_q4_fp16_o200"": ""217242"", ""eos_dense"": ""217242"", ""hybrid_minmax_blend_a050"": ""146924"", ""mxbai"": ""48946"", ""qwen3"": ""217242""}"
fiqa	6221	8	True	False	False	False	"{""bm25"": 49, ""eos_compact_q4_fp16_o200"": 84, ""eos_dense"": 84, ""hybrid_minmax_blend_a050"": 76, ""mxbai"": 7, ""qwen3"": 16}"	"{""bm25"": 0.0, ""eos_compact_q4_fp16_o200"": 0.0, ""eos_dense"": 0.0, ""hybrid_minmax_blend_a050"": 0.0, ""mxbai"": 0.1641087728183339, ""qwen3"": 0.0}"	"{""bm25"": 0.125, ""eos_compact_q4_fp16_o200"": 0.125, ""eos_dense"": 0.125, ""hybrid_minmax_blend_a050"": 0.125, ""mxbai"": 0.625, ""qwen3"": 0.375}"	"{""bm25"": ""110503"", ""eos_compact_q4_fp16_o200"": ""448791"", ""eos_dense"": ""448791"", ""hybrid_minmax_blend_a050"": ""448791"", ""mxbai"": ""208842"", ""qwen3"": ""270856""}"
fiqa	6252	7	True	False	False	False	"{""bm25"": 0, ""eos_compact_q4_fp16_o200"": 0, ""eos_dense"": 0, ""hybrid_minmax_blend_a050"": 0, ""mxbai"": 3, ""qwen3"": 0}"	"{""bm25"": 0.0, ""eos_compact_q4_fp16_o200"": 0.0, ""eos_dense"": 0.0, ""hybrid_minmax_blend_a050"": 0.0, ""mxbai"": 0.13743816645714543, ""qwen3"": 0.0}"	"{""bm25"": 0.0, ""eos_compact_q4_fp16_o200"": 0.0, ""eos_dense"": 0.0, ""hybrid_minmax_blend_a050"": 0.0, ""mxbai"": 0.42857142857142855, ""qwen3"": 0.0}"	"{""bm25"": ""148087"", ""eos_compact_q4_fp16_o200"": ""406434"", ""eos_dense"": ""406434"", ""hybrid_minmax_blend_a050"": ""445693"", ""mxbai"": ""458235"", ""qwen3"": ""316149""}"
fiqa	6262	3	True	True	False	False	"{""bm25"": 2, ""eos_compact_q4_fp16_o200"": 0, ""eos_dense"": 0, ""hybrid_minmax_blend_a050"": 3, ""mxbai"": 1, ""qwen3"": 2}"	"{""bm25"": 0.2960819109658653, ""eos_compact_q4_fp16_o200"": 0.0, ""eos_dense"": 0.0, ""hybrid_minmax_blend_a050"": 0.23463936301137828, ""mxbai"": 0.7653606369886218, ""qwen3"": 0.49818925746641285}"	"{""bm25"": 0.3333333333333333, ""eos_compact_q4_fp16_o200"": 0.0, ""eos_dense"": 0.0, ""hybrid_minmax_blend_a050"": 0.3333333333333333, ""mxbai"": 1.0, ""qwen3"": 1.0}"	"{""bm25"": ""118707"", ""eos_compact_q4_fp16_o200"": ""436960"", ""eos_dense"": ""436960"", ""hybrid_minmax_blend_a050"": ""436960"", ""mxbai"": ""34538"", ""qwen3"": ""430407""}"
fiqa	6278	2	True	True	False	False	"{""bm25"": 1, ""eos_compact_q4_fp16_o200"": 86, ""eos_dense"": 86, ""hybrid_minmax_blend_a050"": 5, ""mxbai"": 1, ""qwen3"": 4}"	"{""bm25"": 0.9197207891481877, ""eos_compact_q4_fp16_o200"": 0.0, ""eos_dense"": 0.0, ""hybrid_minmax_blend_a050"": 0.44158011035778233, ""mxbai"": 1.0, ""qwen3"": 0.2640681225725909}"	"{""bm25"": 1.0, ""eos_compact_q4_fp16_o200"": 0.5, ""eos_dense"": 0.5, ""hybrid_minmax_blend_a050"": 1.0, ""mxbai"": 1.0, ""qwen3"": 1.0}"	"{""bm25"": ""138511"", ""eos_compact_q4_fp16_o200"": ""257483"", ""eos_dense"": ""257483"", ""hybrid_minmax_blend_a050"": ""257483"", ""mxbai"": ""63698"", ""qwen3"": ""200268""}"
fiqa	6395	1	True	False	False	False	"{""bm25"": 0, ""eos_compact_q4_fp16_o200"": 0, ""eos_dense"": 0, ""hybrid_minmax_blend_a050"": 0, ""mxbai"": 0, ""qwen3"": 0}"	"{""bm25"": 0.0, ""eos_compact_q4_fp16_o200"": 0.0, ""eos_dense"": 0.0, ""hybrid_minmax_blend_a050"": 0.0, ""mxbai"": 0.0, ""qwen3"": 0.0}"	"{""bm25"": 0.0, ""eos_compact_q4_fp16_o200"": 0.0, ""eos_dense"": 0.0, ""hybrid_minmax_blend_a050"": 0.0, ""mxbai"": 0.0, ""qwen3"": 0.0}"	"{""bm25"": ""194730"", ""eos_compact_q4_fp16_o200"": ""111301"", ""eos_dense"": ""111301"", ""hybrid_minmax_blend_a050"": ""467463"", ""mxbai"": ""111301"", ""qwen3"": ""22916""}"
fiqa	6410	1	True	False	False	False	"{""bm25"": 0, ""eos_compact_q4_fp16_o200"": 67, ""eos_dense"": 67, ""hybrid_minmax_blend_a050"": 0, ""mxbai"": 95, ""qwen3"": 71}"	"{""bm25"": 0.0, ""eos_compact_q4_fp16_o200"": 0.0, ""eos_dense"": 0.0, ""hybrid_minmax_blend_a050"": 0.0, ""mxbai"": 0.0, ""qwen3"": 0.0}"	"{""bm25"": 0.0, ""eos_compact_q4_fp16_o200"": 1.0, ""eos_dense"": 1.0, ""hybrid_minmax_blend_a050"": 0.0, ""mxbai"": 1.0, ""qwen3"": 1.0}"	"{""bm25"": ""330729"", ""eos_compact_q4_fp16_o200"": ""222646"", ""eos_dense"": ""222646"", ""hybrid_minmax_blend_a050"": ""93836"", ""mxbai"": ""429827"", ""qwen3"": ""71230""}"
fiqa	6420	2	False	True	True	False	"{""bm25"": 1, ""eos_compact_q4_fp16_o200"": 3, ""eos_dense"": 3, ""hybrid_minmax_blend_a050"": 1, ""mxbai"": 1, ""qwen3"": 1}"	"{""bm25"": 0.6131471927654585, ""eos_compact_q4_fp16_o200"": 0.30657359638272924, ""eos_dense"": 0.30657359638272924, ""hybrid_minmax_blend_a050"": 0.6131471927654585, ""mxbai"": 1.0, ""qwen3"": 1.0}"	"{""bm25"": 1.0, ""eos_compact_q4_fp16_o200"": 0.5, ""eos_dense"": 0.5, ""hybrid_minmax_blend_a050"": 0.5, ""mxbai"": 1.0, ""qwen3"": 1.0}"	"{""bm25"": ""565568"", ""eos_compact_q4_fp16_o200"": ""353396"", ""eos_dense"": ""353396"", ""hybrid_minmax_blend_a050"": ""565568"", ""mxbai"": ""127452"", ""qwen3"": ""565568""}"
fiqa	6441	1	False	False	False	False	"{""bm25"": 4, ""eos_compact_q4_fp16_o200"": 7, ""eos_dense"": 7, ""hybrid_minmax_blend_a050"": 4, ""mxbai"": 3, ""qwen3"": 14}"	"{""bm25"": 0.43067655807339306, ""eos_compact_q4_fp16_o200"": 0.3333333333333333, ""eos_dense"": 0.3333333333333333, ""hybrid_minmax_blend_a050"": 0.43067655807339306, ""mxbai"": 0.5, ""qwen3"": 0.0}"	"{""bm25"": 1.0, ""eos_compact_q4_fp16_o200"": 1.0, ""eos_dense"": 1.0, ""hybrid_minmax_blend_a050"": 1.0, ""mxbai"": 1.0, ""qwen3"": 1.0}"	"{""bm25"": ""293389"", ""eos_compact_q4_fp16_o200"": ""293389"", ""eos_dense"": ""293389"", ""hybrid_minmax_blend_a050"": ""293389"", ""mxbai"": ""109422"", ""qwen3"": ""119161""}"
fiqa	6467	5	True	False	False	False	"{""bm25"": 0, ""eos_compact_q4_fp16_o200"": 0, ""eos_dense"": 0, ""hybrid_minmax_blend_a050"": 0, ""mxbai"": 14, ""qwen3"": 61}"	"{""bm25"": 0.0, ""eos_compact_q4_fp16_o200"": 0.0, ""eos_dense"": 0.0, ""hybrid_minmax_blend_a050"": 0.0, ""mxbai"": 0.0, ""qwen3"": 0.0}"	"{""bm25"": 0.0, ""eos_compact_q4_fp16_o200"": 0.0, ""eos_dense"": 0.0, ""hybrid_minmax_blend_a050"": 0.0, ""mxbai"": 0.2, ""qwen3"": 0.2}"	"{""bm25"": ""498075"", ""eos_compact_q4_fp16_o200"": ""221869"", ""eos_dense"": ""221869"", ""hybrid_minmax_blend_a050"": ""319793"", ""mxbai"": ""131127"", ""qwen3"": ""368348""}"
fiqa	6468	2	False	True	True	True	"{""bm25"": 1, ""eos_compact_q4_fp16_o200"": 5, ""eos_dense"": 5, ""hybrid_minmax_blend_a050"": 2, ""mxbai"": 1, ""qwen3"": 1}"	"{""bm25"": 0.6131471927654585, ""eos_compact_q4_fp16_o200"": 0.23719771276929624, ""eos_dense"": 0.23719771276929624, ""hybrid_minmax_blend_a050"": 0.38685280723454163, ""mxbai"": 0.6131471927654585, ""qwen3"": 0.6131471927654585}"	"{""bm25"": 0.5, ""eos_compact_q4_fp16_o200"": 1.0, ""eos_dense"": 1.0, ""hybrid_minmax_blend_a050"": 0.5, ""mxbai"": 1.0, ""qwen3"": 0.5}"	"{""bm25"": ""548970"", ""eos_compact_q4_fp16_o200"": ""305770"", ""eos_dense"": ""305770"", ""hybrid_minmax_blend_a050"": ""305770"", ""mxbai"": ""548970"", ""qwen3"": ""548970""}"
fiqa	6479	2	False	True	False	False	"{""bm25"": 1, ""eos_compact_q4_fp16_o200"": 1, ""eos_dense"": 1, ""hybrid_minmax_blend_a050"": 1, ""mxbai"": 1, ""qwen3"": 2}"	"{""bm25"": 1.0, ""eos_compact_q4_fp16_o200"": 0.7903864795495062, ""eos_dense"": 0.7903864795495062, ""hybrid_minmax_blend_a050"": 1.0, ""mxbai"": 1.0, ""qwen3"": 0.6509209298071325}"	"{""bm25"": 1.0, ""eos_compact_q4_fp16_o200"": 1.0, ""eos_dense"": 1.0, ""hybrid_minmax_blend_a050"": 1.0, ""mxbai"": 1.0, ""qwen3"": 1.0}"	"{""bm25"": ""404339"", ""eos_compact_q4_fp16_o200"": ""404339"", ""eos_dense"": ""404339"", ""hybrid_minmax_blend_a050"": ""404339"", ""mxbai"": ""404339"", ""qwen3"": ""365465""}"
fiqa	6525	3	True	True	False	False	"{""bm25"": 1, ""eos_compact_q4_fp16_o200"": 0, ""eos_dense"": 0, ""hybrid_minmax_blend_a050"": 3, ""mxbai"": 1, ""qwen3"": 6}"	"{""bm25"": 0.7653606369886218, ""eos_compact_q4_fp16_o200"": 0.0, ""eos_dense"": 0.0, ""hybrid_minmax_blend_a050"": 0.4367467095119259, ""mxbai"": 0.46927872602275655, ""qwen3"": 0.31520141044913497}"	"{""bm25"": 0.6666666666666666, ""eos_compact_q4_fp16_o200"": 0.0, ""eos_dense"": 0.0, ""hybrid_minmax_blend_a050"": 0.6666666666666666, ""mxbai"": 0.6666666666666666, ""qwen3"": 0.6666666666666666}"	"{""bm25"": ""98150"", ""eos_compact_q4_fp16_o200"": ""105542"", ""eos_dense"": ""105542"", ""hybrid_minmax_blend_a050"": ""550661"", ""mxbai"": ""106541"", ""qwen3"": ""550661""}"
fiqa	6554	2	True	True	False	True	"{""bm25"": 7, ""eos_compact_q4_fp16_o200"": 24, ""eos_dense"": 24, ""hybrid_minmax_blend_a050"": 6, ""mxbai"": 6, ""qwen3"": 4}"	"{""bm25"": 0.20438239758848614, ""eos_compact_q4_fp16_o200"": 0.0, ""eos_dense"": 0.0, ""hybrid_minmax_blend_a050"": 0.2184074368181642, ""mxbai"": 0.2184074368181642, ""qwen3"": 0.2640681225725909}"	"{""bm25"": 0.5, ""eos_compact_q4_fp16_o200"": 0.5, ""eos_dense"": 0.5, ""hybrid_minmax_blend_a050"": 0.5, ""mxbai"": 1.0, ""qwen3"": 1.0}"	"{""bm25"": ""184077"", ""eos_compact_q4_fp16_o200"": ""478802"", ""eos_dense"": ""478802"", ""hybrid_minmax_blend_a050"": ""88947"", ""mxbai"": ""532211"", ""qwen3"": ""532211""}"
fiqa	6562	4	False	True	False	False	"{""bm25"": 100, ""eos_compact_q4_fp16_o200"": 10, ""eos_dense"": 10, ""hybrid_minmax_blend_a050"": 18, ""mxbai"": 4, ""qwen3"": 10}"	"{""bm25"": 0.0, ""eos_compact_q4_fp16_o200"": 0.11284514134893528, ""eos_dense"": 0.11284514134893528, ""hybrid_minmax_blend_a050"": 0.0, ""mxbai"": 0.16812753627111748, ""qwen3"": 0.11284514134893528}"	"{""bm25"": 0.25, ""eos_compact_q4_fp16_o200"": 0.5, ""eos_dense"": 0.5, ""hybrid_minmax_blend_a050"": 0.5, ""mxbai"": 1.0, ""qwen3"": 1.0}"	"{""bm25"": ""282744"", ""eos_compact_q4_fp16_o200"": ""530175"", ""eos_dense"": ""530175"", ""hybrid_minmax_blend_a050"": ""185146"", ""mxbai"": ""324817"", ""qwen3"": ""137149""}"
fiqa	6611	2	True	True	True	True	"{""bm25"": 3, ""eos_compact_q4_fp16_o200"": 11, ""eos_dense"": 11, ""hybrid_minmax_blend_a050"": 3, ""mxbai"": 1, ""qwen3"": 1}"	"{""bm25"": 0.30657359638272924, ""eos_compact_q4_fp16_o200"": 0.0, ""eos_dense"": 0.0, ""hybrid_minmax_blend_a050"": 0.30657359638272924, ""mxbai"": 1.0, ""qwen3"": 0.6131471927654585}"	"{""bm25"": 1.0, ""eos_compact_q4_fp16_o200"": 0.5, ""eos_dense"": 0.5, ""hybrid_minmax_blend_a050"": 1.0, ""mxbai"": 1.0, ""qwen3"": 1.0}"	"{""bm25"": ""178438"", ""eos_compact_q4_fp16_o200"": ""331492"", ""eos_dense"": ""331492"", ""hybrid_minmax_blend_a050"": ""178438"", ""mxbai"": ""293679"", ""qwen3"": ""293679""}"
fiqa	6612	3	False	False	False	False	"{""bm25"": 34, ""eos_compact_q4_fp16_o200"": 1, ""eos_dense"": 1, ""hybrid_minmax_blend_a050"": 9, ""mxbai"": 45, ""qwen3"": 1}"	"{""bm25"": 0.0, ""eos_compact_q4_fp16_o200"": 0.46927872602275655, ""eos_dense"": 0.46927872602275655, ""hybrid_minmax_blend_a050"": 0.14126697285982903, ""mxbai"": 0.0, ""qwen3"": 0.46927872602275655}"	"{""bm25"": 0.3333333333333333, ""eos_compact_q4_fp16_o200"": 0.3333333333333333, ""eos_dense"": 0.3333333333333333, ""hybrid_minmax_blend_a050"": 0.6666666666666666, ""mxbai"": 0.6666666666666666, ""qwen3"": 0.3333333333333333}"	"{""bm25"": ""413955"", ""eos_compact_q4_fp16_o200"": ""205522"", ""eos_dense"": ""205522"", ""hybrid_minmax_blend_a050"": ""502594"", ""mxbai"": ""62694"", ""qwen3"": ""254454""}"
fiqa	6625	1	True	True	False	False	"{""bm25"": 34, ""eos_compact_q4_fp16_o200"": 0, ""eos_dense"": 0, ""hybrid_minmax_blend_a050"": 77, ""mxbai"": 3, ""qwen3"": 6}"	"{""bm25"": 0.0, ""eos_compact_q4_fp16_o200"": 0.0, ""eos_dense"": 0.0, ""hybrid_minmax_blend_a050"": 0.0, ""mxbai"": 0.5, ""qwen3"": 0.3562071871080222}"	"{""bm25"": 1.0, ""eos_compact_q4_fp16_o200"": 0.0, ""eos_dense"": 0.0, ""hybrid_minmax_blend_a050"": 1.0, ""mxbai"": 1.0, ""qwen3"": 1.0}"	"{""bm25"": ""480337"", ""eos_compact_q4_fp16_o200"": ""176786"", ""eos_dense"": ""176786"", ""hybrid_minmax_blend_a050"": ""512310"", ""mxbai"": ""209492"", ""qwen3"": ""244448""}"
fiqa	6629	1	True	False	False	False	"{""bm25"": 0, ""eos_compact_q4_fp16_o200"": 0, ""eos_dense"": 0, ""hybrid_minmax_blend_a050"": 0, ""mxbai"": 0, ""qwen3"": 0}"	"{""bm25"": 0.0, ""eos_compact_q4_fp16_o200"": 0.0, ""eos_dense"": 0.0, ""hybrid_minmax_blend_a050"": 0.0, ""mxbai"": 0.0, ""qwen3"": 0.0}"	"{""bm25"": 0.0, ""eos_compact_q4_fp16_o200"": 0.0, ""eos_dense"": 0.0, ""hybrid_minmax_blend_a050"": 0.0, ""mxbai"": 0.0, ""qwen3"": 0.0}"	"{""bm25"": ""412404"", ""eos_compact_q4_fp16_o200"": ""456727"", ""eos_dense"": ""456727"", ""hybrid_minmax_blend_a050"": ""456727"", ""mxbai"": ""99448"", ""qwen3"": ""538843""}"
fiqa	6635	4	False	True	True	True	"{""bm25"": 4, ""eos_compact_q4_fp16_o200"": 6, ""eos_dense"": 6, ""hybrid_minmax_blend_a050"": 14, ""mxbai"": 1, ""qwen3"": 1}"	"{""bm25"": 0.16812753627111748, ""eos_compact_q4_fp16_o200"": 0.13905617951077565, ""eos_dense"": 0.13905617951077565, ""hybrid_minmax_blend_a050"": 0.0, ""mxbai"": 0.5294362295028774, ""qwen3"": 0.6366824387328317}"	"{""bm25"": 0.25, ""eos_compact_q4_fp16_o200"": 0.25, ""eos_dense"": 0.25, ""hybrid_minmax_blend_a050"": 0.5, ""mxbai"": 1.0, ""qwen3"": 0.75}"	"{""bm25"": ""334162"", ""eos_compact_q4_fp16_o200"": ""12560"", ""eos_dense"": ""12560"", ""hybrid_minmax_blend_a050"": ""411617"", ""mxbai"": ""587137"", ""qwen3"": ""587137""}"
fiqa	6644	1	True	False	False	False	"{""bm25"": 0, ""eos_compact_q4_fp16_o200"": 0, ""eos_dense"": 0, ""hybrid_minmax_blend_a050"": 0, ""mxbai"": 0, ""qwen3"": 0}"	"{""bm25"": 0.0, ""eos_compact_q4_fp16_o200"": 0.0, ""eos_dense"": 0.0, ""hybrid_minmax_blend_a050"": 0.0, ""mxbai"": 0.0, ""qwen3"": 0.0}"	"{""bm25"": 0.0, ""eos_compact_q4_fp16_o200"": 0.0, ""eos_dense"": 0.0, ""hybrid_minmax_blend_a050"": 0.0, ""mxbai"": 0.0, ""qwen3"": 0.0}"	"{""bm25"": ""475527"", ""eos_compact_q4_fp16_o200"": ""469497"", ""eos_dense"": ""469497"", ""hybrid_minmax_blend_a050"": ""475527"", ""mxbai"": ""271596"", ""qwen3"": ""110198""}"
fiqa	6647	3	True	True	True	True	"{""bm25"": 7, ""eos_compact_q4_fp16_o200"": 0, ""eos_dense"": 0, ""hybrid_minmax_blend_a050"": 38, ""mxbai"": 1, ""qwen3"": 1}"	"{""bm25"": 0.2976932148674145, ""eos_compact_q4_fp16_o200"": 0.0, ""eos_dense"": 0.0, ""hybrid_minmax_blend_a050"": 0.0, ""mxbai"": 0.7653606369886218, ""qwen3"": 0.7653606369886218}"	"{""bm25"": 0.6666666666666666, ""eos_compact_q4_fp16_o200"": 0.0, ""eos_dense"": 0.0, ""hybrid_minmax_blend_a050"": 0.6666666666666666, ""mxbai"": 0.6666666666666666, ""qwen3"": 1.0}"	"{""bm25"": ""387515"", ""eos_compact_q4_fp16_o200"": ""505244"", ""eos_dense"": ""505244"", ""hybrid_minmax_blend_a050"": ""505244"", ""mxbai"": ""462265"", ""qwen3"": ""462265""}"
fiqa	6668	2	False	False	False	False	"{""bm25"": 2, ""eos_compact_q4_fp16_o200"": 1, ""eos_dense"": 1, ""hybrid_minmax_blend_a050"": 1, ""mxbai"": 25, ""qwen3"": 1}"	"{""bm25"": 0.38685280723454163, ""eos_compact_q4_fp16_o200"": 0.6131471927654585, ""eos_dense"": 0.6131471927654585, ""hybrid_minmax_blend_a050"": 0.6131471927654585, ""mxbai"": 0.0, ""qwen3"": 0.8772153153380494}"	"{""bm25"": 0.5, ""eos_compact_q4_fp16_o200"": 0.5, ""eos_dense"": 0.5, ""hybrid_minmax_blend_a050"": 0.5, ""mxbai"": 1.0, ""qwen3"": 1.0}"	"{""bm25"": ""139387"", ""eos_compact_q4_fp16_o200"": ""457294"", ""eos_dense"": ""457294"", ""hybrid_minmax_blend_a050"": ""457294"", ""mxbai"": ""401266"", ""qwen3"": ""457294""}"
fiqa	6679	3	False	True	False	True	"{""bm25"": 5, ""eos_compact_q4_fp16_o200"": 1, ""eos_dense"": 1, ""hybrid_minmax_blend_a050"": 2, ""mxbai"": 2, ""qwen3"": 2}"	"{""bm25"": 0.1815417925373527, ""eos_compact_q4_fp16_o200"": 0.46927872602275655, ""eos_dense"": 0.46927872602275655, ""hybrid_minmax_blend_a050"": 0.49818925746641285, ""mxbai"": 0.5307212739772434, ""qwen3"": 0.5307212739772434}"	"{""bm25"": 0.6666666666666666, ""eos_compact_q4_fp16_o200"": 0.6666666666666666, ""eos_dense"": 0.6666666666666666, ""hybrid_minmax_blend_a050"": 0.6666666666666666, ""mxbai"": 1.0, ""qwen3"": 1.0}"	"{""bm25"": ""7733"", ""eos_compact_q4_fp16_o200"": ""358492"", ""eos_dense"": ""358492"", ""hybrid_minmax_blend_a050"": ""7733"", ""mxbai"": ""116436"", ""qwen3"": ""116436""}"
fiqa	6683	2	True	True	False	False	"{""bm25"": 0, ""eos_compact_q4_fp16_o200"": 0, ""eos_dense"": 0, ""hybrid_minmax_blend_a050"": 0, ""mxbai"": 3, ""qwen3"": 4}"	"{""bm25"": 0.0, ""eos_compact_q4_fp16_o200"": 0.0, ""eos_dense"": 0.0, ""hybrid_minmax_blend_a050"": 0.0, ""mxbai"": 0.30657359638272924, ""qwen3"": 0.2640681225725909}"	"{""bm25"": 0.0, ""eos_compact_q4_fp16_o200"": 0.0, ""eos_dense"": 0.0, ""hybrid_minmax_blend_a050"": 0.0, ""mxbai"": 1.0, ""qwen3"": 1.0}"	"{""bm25"": ""352894"", ""eos_compact_q4_fp16_o200"": ""384536"", ""eos_dense"": ""384536"", ""hybrid_minmax_blend_a050"": ""384536"", ""mxbai"": ""193312"", ""qwen3"": ""72846""}"
fiqa	6713	2	False	True	True	True	"{""bm25"": 1, ""eos_compact_q4_fp16_o200"": 6, ""eos_dense"": 6, ""hybrid_minmax_blend_a050"": 1, ""mxbai"": 1, ""qwen3"": 1}"	"{""bm25"": 0.6131471927654585, ""eos_compact_q4_fp16_o200"": 0.2184074368181642, ""eos_dense"": 0.2184074368181642, ""hybrid_minmax_blend_a050"": 0.6131471927654585, ""mxbai"": 0.6131471927654585, ""qwen3"": 0.6131471927654585}"	"{""bm25"": 0.5, ""eos_compact_q4_fp16_o200"": 0.5, ""eos_dense"": 0.5, ""hybrid_minmax_blend_a050"": 0.5, ""mxbai"": 1.0, ""qwen3"": 1.0}"	"{""bm25"": ""147853"", ""eos_compact_q4_fp16_o200"": ""106735"", ""eos_dense"": ""106735"", ""hybrid_minmax_blend_a050"": ""147853"", ""mxbai"": ""147853"", ""qwen3"": ""147853""}"
fiqa	6715	2	False	True	True	True	"{""bm25"": 5, ""eos_compact_q4_fp16_o200"": 1, ""eos_dense"": 1, ""hybrid_minmax_blend_a050"": 1, ""mxbai"": 1, ""qwen3"": 1}"	"{""bm25"": 0.44158011035778233, ""eos_compact_q4_fp16_o200"": 0.6131471927654585, ""eos_dense"": 0.6131471927654585, ""hybrid_minmax_blend_a050"": 0.8772153153380494, ""mxbai"": 0.9197207891481877, ""qwen3"": 0.6131471927654585}"	"{""bm25"": 1.0, ""eos_compact_q4_fp16_o200"": 1.0, ""eos_dense"": 1.0, ""hybrid_minmax_blend_a050"": 1.0, ""mxbai"": 1.0, ""qwen3"": 1.0}"	"{""bm25"": ""356129"", ""eos_compact_q4_fp16_o200"": ""13732"", ""eos_dense"": ""13732"", ""hybrid_minmax_blend_a050"": ""13732"", ""mxbai"": ""13732"", ""qwen3"": ""13732""}"
fiqa	6746	2	False	True	False	False	"{""bm25"": 0, ""eos_compact_q4_fp16_o200"": 5, ""eos_dense"": 5, ""hybrid_minmax_blend_a050"": 6, ""mxbai"": 3, ""qwen3"": 1}"	"{""bm25"": 0.0, ""eos_compact_q4_fp16_o200"": 0.23719771276929624, ""eos_dense"": 0.23719771276929624, ""hybrid_minmax_blend_a050"": 0.2184074368181642, ""mxbai"": 0.30657359638272924, ""qwen3"": 0.6131471927654585}"	"{""bm25"": 0.0, ""eos_compact_q4_fp16_o200"": 0.5, ""eos_dense"": 0.5, ""hybrid_minmax_blend_a050"": 0.5, ""mxbai"": 0.5, ""qwen3"": 0.5}"	"{""bm25"": ""279185"", ""eos_compact_q4_fp16_o200"": ""279185"", ""eos_dense"": ""279185"", ""hybrid_minmax_blend_a050"": ""279185"", ""mxbai"": ""279185"", ""qwen3"": ""333674""}"
fiqa	6787	1	True	False	False	False	"{""bm25"": 0, ""eos_compact_q4_fp16_o200"": 0, ""eos_dense"": 0, ""hybrid_minmax_blend_a050"": 0, ""mxbai"": 0, ""qwen3"": 0}"	"{""bm25"": 0.0, ""eos_compact_q4_fp16_o200"": 0.0, ""eos_dense"": 0.0, ""hybrid_minmax_blend_a050"": 0.0, ""mxbai"": 0.0, ""qwen3"": 0.0}"	"{""bm25"": 0.0, ""eos_compact_q4_fp16_o200"": 0.0, ""eos_dense"": 0.0, ""hybrid_minmax_blend_a050"": 0.0, ""mxbai"": 0.0, ""qwen3"": 0.0}"	"{""bm25"": ""23217"", ""eos_compact_q4_fp16_o200"": ""311782"", ""eos_dense"": ""311782"", ""hybrid_minmax_blend_a050"": ""23217"", ""mxbai"": ""311782"", ""qwen3"": ""263751""}"
fiqa	6792	1	True	False	False	False	"{""bm25"": 0, ""eos_compact_q4_fp16_o200"": 0, ""eos_dense"": 0, ""hybrid_minmax_blend_a050"": 0, ""mxbai"": 55, ""qwen3"": 56}"	"{""bm25"": 0.0, ""eos_compact_q4_fp16_o200"": 0.0, ""eos_dense"": 0.0, ""hybrid_minmax_blend_a050"": 0.0, ""mxbai"": 0.0, ""qwen3"": 0.0}"	"{""bm25"": 0.0, ""eos_compact_q4_fp16_o200"": 0.0, ""eos_dense"": 0.0, ""hybrid_minmax_blend_a050"": 0.0, ""mxbai"": 1.0, ""qwen3"": 1.0}"	"{""bm25"": ""546493"", ""eos_compact_q4_fp16_o200"": ""297536"", ""eos_dense"": ""297536"", ""hybrid_minmax_blend_a050"": ""546493"", ""mxbai"": ""251100"", ""qwen3"": ""501748""}"
fiqa	6800	1	True	True	True	True	"{""bm25"": 0, ""eos_compact_q4_fp16_o200"": 27, ""eos_dense"": 27, ""hybrid_minmax_blend_a050"": 41, ""mxbai"": 1, ""qwen3"": 1}"	"{""bm25"": 0.0, ""eos_compact_q4_fp16_o200"": 0.0, ""eos_dense"": 0.0, ""hybrid_minmax_blend_a050"": 0.0, ""mxbai"": 1.0, ""qwen3"": 1.0}"	"{""bm25"": 0.0, ""eos_compact_q4_fp16_o200"": 1.0, ""eos_dense"": 1.0, ""hybrid_minmax_blend_a050"": 1.0, ""mxbai"": 1.0, ""qwen3"": 1.0}"	"{""bm25"": ""386278"", ""eos_compact_q4_fp16_o200"": ""99472"", ""eos_dense"": ""99472"", ""hybrid_minmax_blend_a050"": ""499154"", ""mxbai"": ""35191"", ""qwen3"": ""35191""}"
fiqa	6803	4	False	True	True	True	"{""bm25"": 5, ""eos_compact_q4_fp16_o200"": 2, ""eos_dense"": 2, ""hybrid_minmax_blend_a050"": 4, ""mxbai"": 1, ""qwen3"": 1}"	"{""bm25"": 0.2900757977385809, ""eos_compact_q4_fp16_o200"": 0.38535856825150566, ""eos_dense"": 0.38535856825150566, ""hybrid_minmax_blend_a050"": 0.4319922958478581, ""mxbai"": 0.541399668219907, ""qwen3"": 0.541399668219907}"	"{""bm25"": 0.75, ""eos_compact_q4_fp16_o200"": 0.75, ""eos_dense"": 0.75, ""hybrid_minmax_blend_a050"": 0.75, ""mxbai"": 0.5, ""qwen3"": 1.0}"	"{""bm25"": ""35006"", ""eos_compact_q4_fp16_o200"": ""35006"", ""eos_dense"": ""35006"", ""hybrid_minmax_blend_a050"": ""35006"", ""mxbai"": ""544053"", ""qwen3"": ""544053""}"
fiqa	6807	1	False	True	True	True	"{""bm25"": 2, ""eos_compact_q4_fp16_o200"": 1, ""eos_dense"": 1, ""hybrid_minmax_blend_a050"": 1, ""mxbai"": 1, ""qwen3"": 1}"	"{""bm25"": 0.6309297535714574, ""eos_compact_q4_fp16_o200"": 1.0, ""eos_dense"": 1.0, ""hybrid_minmax_blend_a050"": 1.0, ""mxbai"": 1.0, ""qwen3"": 1.0}"	"{""bm25"": 1.0, ""eos_compact_q4_fp16_o200"": 1.0, ""eos_dense"": 1.0, ""hybrid_minmax_blend_a050"": 1.0, ""mxbai"": 1.0, ""qwen3"": 1.0}"	"{""bm25"": ""194363"", ""eos_compact_q4_fp16_o200"": ""332567"", ""eos_dense"": ""332567"", ""hybrid_minmax_blend_a050"": ""332567"", ""mxbai"": ""332567"", ""qwen3"": ""332567""}"
fiqa	6814	2	True	False	False	False	"{""bm25"": 0, ""eos_compact_q4_fp16_o200"": 0, ""eos_dense"": 0, ""hybrid_minmax_blend_a050"": 0, ""mxbai"": 0, ""qwen3"": 0}"	"{""bm25"": 0.0, ""eos_compact_q4_fp16_o200"": 0.0, ""eos_dense"": 0.0, ""hybrid_minmax_blend_a050"": 0.0, ""mxbai"": 0.0, ""qwen3"": 0.0}"	"{""bm25"": 0.0, ""eos_compact_q4_fp16_o200"": 0.0, ""eos_dense"": 0.0, ""hybrid_minmax_blend_a050"": 0.0, ""mxbai"": 0.0, ""qwen3"": 0.0}"	"{""bm25"": ""66834"", ""eos_compact_q4_fp16_o200"": ""548278"", ""eos_dense"": ""548278"", ""hybrid_minmax_blend_a050"": ""336018"", ""mxbai"": ""513734"", ""qwen3"": ""394454""}"
fiqa	6832	2	False	False	False	False	"{""bm25"": 14, ""eos_compact_q4_fp16_o200"": 1, ""eos_dense"": 1, ""hybrid_minmax_blend_a050"": 2, ""mxbai"": 19, ""qwen3"": 3}"	"{""bm25"": 0.0, ""eos_compact_q4_fp16_o200"": 0.6131471927654585, ""eos_dense"": 0.6131471927654585, ""hybrid_minmax_blend_a050"": 0.38685280723454163, ""mxbai"": 0.0, ""qwen3"": 0.5437713091520254}"	"{""bm25"": 1.0, ""eos_compact_q4_fp16_o200"": 0.5, ""eos_dense"": 0.5, ""hybrid_minmax_blend_a050"": 1.0, ""mxbai"": 1.0, ""qwen3"": 1.0}"	"{""bm25"": ""420587"", ""eos_compact_q4_fp16_o200"": ""573874"", ""eos_dense"": ""573874"", ""hybrid_minmax_blend_a050"": ""420587"", ""mxbai"": ""518079"", ""qwen3"": ""219935""}"
fiqa	6835	2	True	True	True	True	"{""bm25"": 18, ""eos_compact_q4_fp16_o200"": 21, ""eos_dense"": 21, ""hybrid_minmax_blend_a050"": 9, ""mxbai"": 1, ""qwen3"": 1}"	"{""bm25"": 0.0, ""eos_compact_q4_fp16_o200"": 0.0, ""eos_dense"": 0.0, ""hybrid_minmax_blend_a050"": 0.1845756967795682, ""mxbai"": 0.6131471927654585, ""qwen3"": 0.6131471927654585}"	"{""bm25"": 0.5, ""eos_compact_q4_fp16_o200"": 0.5, ""eos_dense"": 0.5, ""hybrid_minmax_blend_a050"": 0.5, ""mxbai"": 0.5, ""qwen3"": 0.5}"	"{""bm25"": ""314342"", ""eos_compact_q4_fp16_o200"": ""42521"", ""eos_dense"": ""42521"", ""hybrid_minmax_blend_a050"": ""42521"", ""mxbai"": ""149305"", ""qwen3"": ""149305""}"
fiqa	6849	1	True	True	False	False	"{""bm25"": 5, ""eos_compact_q4_fp16_o200"": 37, ""eos_dense"": 37, ""hybrid_minmax_blend_a050"": 6, ""mxbai"": 5, ""qwen3"": 7}"	"{""bm25"": 0.38685280723454163, ""eos_compact_q4_fp16_o200"": 0.0, ""eos_dense"": 0.0, ""hybrid_minmax_blend_a050"": 0.3562071871080222, ""mxbai"": 0.38685280723454163, ""qwen3"": 0.3333333333333333}"	"{""bm25"": 1.0, ""eos_compact_q4_fp16_o200"": 1.0, ""eos_dense"": 1.0, ""hybrid_minmax_blend_a050"": 1.0, ""mxbai"": 1.0, ""qwen3"": 1.0}"	"{""bm25"": ""144005"", ""eos_compact_q4_fp16_o200"": ""578462"", ""eos_dense"": ""578462"", ""hybrid_minmax_blend_a050"": ""25817"", ""mxbai"": ""89192"", ""qwen3"": ""49983""}"
fiqa	6862	1	False	True	True	True	"{""bm25"": 2, ""eos_compact_q4_fp16_o200"": 2, ""eos_dense"": 2, ""hybrid_minmax_blend_a050"": 1, ""mxbai"": 1, ""qwen3"": 1}"	"{""bm25"": 0.6309297535714574, ""eos_compact_q4_fp16_o200"": 0.6309297535714574, ""eos_dense"": 0.6309297535714574, ""hybrid_minmax_blend_a050"": 1.0, ""mxbai"": 1.0, ""qwen3"": 1.0}"	"{""bm25"": 1.0, ""eos_compact_q4_fp16_o200"": 1.0, ""eos_dense"": 1.0, ""hybrid_minmax_blend_a050"": 1.0, ""mxbai"": 1.0, ""qwen3"": 1.0}"	"{""bm25"": ""326991"", ""eos_compact_q4_fp16_o200"": ""279775"", ""eos_dense"": ""279775"", ""hybrid_minmax_blend_a050"": ""386796"", ""mxbai"": ""386796"", ""qwen3"": ""386796""}"
fiqa	6867	7	True	True	False	False	"{""bm25"": 0, ""eos_compact_q4_fp16_o200"": 25, ""eos_dense"": 25, ""hybrid_minmax_blend_a050"": 31, ""mxbai"": 3, ""qwen3"": 3}"	"{""bm25"": 0.0, ""eos_compact_q4_fp16_o200"": 0.0, ""eos_dense"": 0.0, ""hybrid_minmax_blend_a050"": 0.0, ""mxbai"": 0.13743816645714543, ""qwen3"": 0.22906361076190906}"	"{""bm25"": 0.0, ""eos_compact_q4_fp16_o200"": 0.14285714285714285, ""eos_dense"": 0.14285714285714285, ""hybrid_minmax_blend_a050"": 0.14285714285714285, ""mxbai"": 0.42857142857142855, ""qwen3"": 0.5714285714285714}"	"{""bm25"": ""573077"", ""eos_compact_q4_fp16_o200"": ""103130"", ""eos_dense"": ""103130"", ""hybrid_minmax_blend_a050"": ""404529"", ""mxbai"": ""301985"", ""qwen3"": ""482739""}"
fiqa	6875	1	True	False	False	False	"{""bm25"": 4, ""eos_compact_q4_fp16_o200"": 0, ""eos_dense"": 0, ""hybrid_minmax_blend_a050"": 12, ""mxbai"": 0, ""qwen3"": 0}"	"{""bm25"": 0.43067655807339306, ""eos_compact_q4_fp16_o200"": 0.0, ""eos_dense"": 0.0, ""hybrid_minmax_blend_a050"": 0.0, ""mxbai"": 0.0, ""qwen3"": 0.0}"	"{""bm25"": 1.0, ""eos_compact_q4_fp16_o200"": 0.0, ""eos_dense"": 0.0, ""hybrid_minmax_blend_a050"": 1.0, ""mxbai"": 0.0, ""qwen3"": 0.0}"	"{""bm25"": ""110733"", ""eos_compact_q4_fp16_o200"": ""364672"", ""eos_dense"": ""364672"", ""hybrid_minmax_blend_a050"": ""364672"", ""mxbai"": ""52940"", ""qwen3"": ""472062""}"
fiqa	6890	2	True	True	False	False	"{""bm25"": 0, ""eos_compact_q4_fp16_o200"": 0, ""eos_dense"": 0, ""hybrid_minmax_blend_a050"": 0, ""mxbai"": 2, ""qwen3"": 1}"	"{""bm25"": 0.0, ""eos_compact_q4_fp16_o200"": 0.0, ""eos_dense"": 0.0, ""hybrid_minmax_blend_a050"": 0.0, ""mxbai"": 0.6934264036172708, ""qwen3"": 0.9197207891481877}"	"{""bm25"": 0.0, ""eos_compact_q4_fp16_o200"": 0.0, ""eos_dense"": 0.0, ""hybrid_minmax_blend_a050"": 0.0, ""mxbai"": 1.0, ""qwen3"": 1.0}"	"{""bm25"": ""352894"", ""eos_compact_q4_fp16_o200"": ""109246"", ""eos_dense"": ""109246"", ""hybrid_minmax_blend_a050"": ""109246"", ""mxbai"": ""154976"", ""qwen3"": ""558703""}"
fiqa	6891	3	True	True	True	True	"{""bm25"": 1, ""eos_compact_q4_fp16_o200"": 44, ""eos_dense"": 44, ""hybrid_minmax_blend_a050"": 2, ""mxbai"": 1, ""qwen3"": 1}"	"{""bm25"": 0.46927872602275655, ""eos_compact_q4_fp16_o200"": 0.0, ""eos_dense"": 0.0, ""hybrid_minmax_blend_a050"": 0.2960819109658653, ""mxbai"": 0.7039180890341348, ""qwen3"": 0.46927872602275655}"	"{""bm25"": 0.6666666666666666, ""eos_compact_q4_fp16_o200"": 0.3333333333333333, ""eos_dense"": 0.3333333333333333, ""hybrid_minmax_blend_a050"": 0.6666666666666666, ""mxbai"": 0.6666666666666666, ""qwen3"": 1.0}"	"{""bm25"": ""474351"", ""eos_compact_q4_fp16_o200"": ""296567"", ""eos_dense"": ""296567"", ""hybrid_minmax_blend_a050"": ""296567"", ""mxbai"": ""474351"", ""qwen3"": ""474351""}"
fiqa	6896	1	True	False	False	False	"{""bm25"": 0, ""eos_compact_q4_fp16_o200"": 0, ""eos_dense"": 0, ""hybrid_minmax_blend_a050"": 0, ""mxbai"": 0, ""qwen3"": 51}"	"{""bm25"": 0.0, ""eos_compact_q4_fp16_o200"": 0.0, ""eos_dense"": 0.0, ""hybrid_minmax_blend_a050"": 0.0, ""mxbai"": 0.0, ""qwen3"": 0.0}"	"{""bm25"": 0.0, ""eos_compact_q4_fp16_o200"": 0.0, ""eos_dense"": 0.0, ""hybrid_minmax_blend_a050"": 0.0, ""mxbai"": 0.0, ""qwen3"": 1.0}"	"{""bm25"": ""169240"", ""eos_compact_q4_fp16_o200"": ""366560"", ""eos_dense"": ""366560"", ""hybrid_minmax_blend_a050"": ""169240"", ""mxbai"": ""221715"", ""qwen3"": ""448659""}"
fiqa	6901	2	True	True	False	False	"{""bm25"": 3, ""eos_compact_q4_fp16_o200"": 60, ""eos_dense"": 60, ""hybrid_minmax_blend_a050"": 7, ""mxbai"": 1, ""qwen3"": 5}"	"{""bm25"": 0.30657359638272924, ""eos_compact_q4_fp16_o200"": 0.0, ""eos_dense"": 0.0, ""hybrid_minmax_blend_a050"": 0.20438239758848614, ""mxbai"": 0.8772153153380494, ""qwen3"": 0.23719771276929624}"	"{""bm25"": 0.5, ""eos_compact_q4_fp16_o200"": 1.0, ""eos_dense"": 1.0, ""hybrid_minmax_blend_a050"": 0.5, ""mxbai"": 1.0, ""qwen3"": 0.5}"	"{""bm25"": ""344065"", ""eos_compact_q4_fp16_o200"": ""561884"", ""eos_dense"": ""561884"", ""hybrid_minmax_blend_a050"": ""30557"", ""mxbai"": ""254474"", ""qwen3"": ""226546""}"
fiqa	6907	1	True	False	False	False	"{""bm25"": 51, ""eos_compact_q4_fp16_o200"": 0, ""eos_dense"": 0, ""hybrid_minmax_blend_a050"": 0, ""mxbai"": 1, ""qwen3"": 16}"	"{""bm25"": 0.0, ""eos_compact_q4_fp16_o200"": 0.0, ""eos_dense"": 0.0, ""hybrid_minmax_blend_a050"": 0.0, ""mxbai"": 1.0, ""qwen3"": 0.0}"	"{""bm25"": 1.0, ""eos_compact_q4_fp16_o200"": 0.0, ""eos_dense"": 0.0, ""hybrid_minmax_blend_a050"": 0.0, ""mxbai"": 1.0, ""qwen3"": 1.0}"	"{""bm25"": ""400738"", ""eos_compact_q4_fp16_o200"": ""371579"", ""eos_dense"": ""371579"", ""hybrid_minmax_blend_a050"": ""371579"", ""mxbai"": ""251604"", ""qwen3"": ""532171""}"
fiqa	6909	1	True	False	False	False	"{""bm25"": 0, ""eos_compact_q4_fp16_o200"": 0, ""eos_dense"": 0, ""hybrid_minmax_blend_a050"": 0, ""mxbai"": 96, ""qwen3"": 21}"	"{""bm25"": 0.0, ""eos_compact_q4_fp16_o200"": 0.0, ""eos_dense"": 0.0, ""hybrid_minmax_blend_a050"": 0.0, ""mxbai"": 0.0, ""qwen3"": 0.0}"	"{""bm25"": 0.0, ""eos_compact_q4_fp16_o200"": 0.0, ""eos_dense"": 0.0, ""hybrid_minmax_blend_a050"": 0.0, ""mxbai"": 1.0, ""qwen3"": 1.0}"	"{""bm25"": ""310837"", ""eos_compact_q4_fp16_o200"": ""109561"", ""eos_dense"": ""109561"", ""hybrid_minmax_blend_a050"": ""112946"", ""mxbai"": ""33357"", ""qwen3"": ""47217""}"
fiqa	6959	2	True	True	False	False	"{""bm25"": 0, ""eos_compact_q4_fp16_o200"": 0, ""eos_dense"": 0, ""hybrid_minmax_blend_a050"": 0, ""mxbai"": 2, ""qwen3"": 3}"	"{""bm25"": 0.0, ""eos_compact_q4_fp16_o200"": 0.0, ""eos_dense"": 0.0, ""hybrid_minmax_blend_a050"": 0.0, ""mxbai"": 0.38685280723454163, ""qwen3"": 0.483812883166777}"	"{""bm25"": 0.0, ""eos_compact_q4_fp16_o200"": 0.0, ""eos_dense"": 0.0, ""hybrid_minmax_blend_a050"": 0.0, ""mxbai"": 0.5, ""qwen3"": 1.0}"	"{""bm25"": ""538750"", ""eos_compact_q4_fp16_o200"": ""317365"", ""eos_dense"": ""317365"", ""hybrid_minmax_blend_a050"": ""229573"", ""mxbai"": ""468025"", ""qwen3"": ""36038""}"
fiqa	6985	1	True	True	True	True	"{""bm25"": 2, ""eos_compact_q4_fp16_o200"": 0, ""eos_dense"": 0, ""hybrid_minmax_blend_a050"": 3, ""mxbai"": 1, ""qwen3"": 1}"	"{""bm25"": 0.6309297535714574, ""eos_compact_q4_fp16_o200"": 0.0, ""eos_dense"": 0.0, ""hybrid_minmax_blend_a050"": 0.5, ""mxbai"": 1.0, ""qwen3"": 1.0}"	"{""bm25"": 1.0, ""eos_compact_q4_fp16_o200"": 0.0, ""eos_dense"": 0.0, ""hybrid_minmax_blend_a050"": 1.0, ""mxbai"": 1.0, ""qwen3"": 1.0}"	"{""bm25"": ""548705"", ""eos_compact_q4_fp16_o200"": ""333508"", ""eos_dense"": ""333508"", ""hybrid_minmax_blend_a050"": ""548705"", ""mxbai"": ""456436"", ""qwen3"": ""456436""}"
fiqa	7017	1	True	False	False	True	"{""bm25"": 0, ""eos_compact_q4_fp16_o200"": 0, ""eos_dense"": 0, ""hybrid_minmax_blend_a050"": 0, ""mxbai"": 0, ""qwen3"": 17}"	"{""bm25"": 0.0, ""eos_compact_q4_fp16_o200"": 0.0, ""eos_dense"": 0.0, ""hybrid_minmax_blend_a050"": 0.0, ""mxbai"": 0.0, ""qwen3"": 0.0}"	"{""bm25"": 0.0, ""eos_compact_q4_fp16_o200"": 0.0, ""eos_dense"": 0.0, ""hybrid_minmax_blend_a050"": 0.0, ""mxbai"": 0.0, ""qwen3"": 1.0}"	"{""bm25"": ""36723"", ""eos_compact_q4_fp16_o200"": ""590879"", ""eos_dense"": ""590879"", ""hybrid_minmax_blend_a050"": ""544578"", ""mxbai"": ""446629"", ""qwen3"": ""446629""}"
fiqa	7068	2	False	False	False	False	"{""bm25"": 1, ""eos_compact_q4_fp16_o200"": 1, ""eos_dense"": 1, ""hybrid_minmax_blend_a050"": 1, ""mxbai"": 12, ""qwen3"": 1}"	"{""bm25"": 0.7977228895450267, ""eos_compact_q4_fp16_o200"": 0.6131471927654585, ""eos_dense"": 0.6131471927654585, ""hybrid_minmax_blend_a050"": 0.8772153153380494, ""mxbai"": 0.0, ""qwen3"": 0.8503449055347547}"	"{""bm25"": 1.0, ""eos_compact_q4_fp16_o200"": 1.0, ""eos_dense"": 1.0, ""hybrid_minmax_blend_a050"": 1.0, ""mxbai"": 1.0, ""qwen3"": 1.0}"	"{""bm25"": ""61864"", ""eos_compact_q4_fp16_o200"": ""10797"", ""eos_dense"": ""10797"", ""hybrid_minmax_blend_a050"": ""10797"", ""mxbai"": ""144886"", ""qwen3"": ""10797""}"
fiqa	7071	2	True	False	False	False	"{""bm25"": 31, ""eos_compact_q4_fp16_o200"": 77, ""eos_dense"": 77, ""hybrid_minmax_blend_a050"": 57, ""mxbai"": 27, ""qwen3"": 29}"	"{""bm25"": 0.0, ""eos_compact_q4_fp16_o200"": 0.0, ""eos_dense"": 0.0, ""hybrid_minmax_blend_a050"": 0.0, ""mxbai"": 0.0, ""qwen3"": 0.0}"	"{""bm25"": 0.5, ""eos_compact_q4_fp16_o200"": 0.5, ""eos_dense"": 0.5, ""hybrid_minmax_blend_a050"": 0.5, ""mxbai"": 0.5, ""qwen3"": 0.5}"	"{""bm25"": ""127702"", ""eos_compact_q4_fp16_o200"": ""294573"", ""eos_dense"": ""294573"", ""hybrid_minmax_blend_a050"": ""127702"", ""mxbai"": ""133644"", ""qwen3"": ""434812""}"
fiqa	7080	2	True	True	True	True	"{""bm25"": 11, ""eos_compact_q4_fp16_o200"": 15, ""eos_dense"": 15, ""hybrid_minmax_blend_a050"": 12, ""mxbai"": 1, ""qwen3"": 1}"	"{""bm25"": 0.0, ""eos_compact_q4_fp16_o200"": 0.0, ""eos_dense"": 0.0, ""hybrid_minmax_blend_a050"": 0.0, ""mxbai"": 0.8503449055347547, ""qwen3"": 1.0}"	"{""bm25"": 1.0, ""eos_compact_q4_fp16_o200"": 1.0, ""eos_dense"": 1.0, ""hybrid_minmax_blend_a050"": 1.0, ""mxbai"": 1.0, ""qwen3"": 1.0}"	"{""bm25"": ""132111"", ""eos_compact_q4_fp16_o200"": ""177798"", ""eos_dense"": ""177798"", ""hybrid_minmax_blend_a050"": ""132111"", ""mxbai"": ""596518"", ""qwen3"": ""596518""}"
fiqa	7096	1	True	True	False	False	"{""bm25"": 55, ""eos_compact_q4_fp16_o200"": 0, ""eos_dense"": 0, ""hybrid_minmax_blend_a050"": 0, ""mxbai"": 9, ""qwen3"": 2}"	"{""bm25"": 0.0, ""eos_compact_q4_fp16_o200"": 0.0, ""eos_dense"": 0.0, ""hybrid_minmax_blend_a050"": 0.0, ""mxbai"": 0.3010299956639812, ""qwen3"": 0.6309297535714574}"	"{""bm25"": 1.0, ""eos_compact_q4_fp16_o200"": 0.0, ""eos_dense"": 0.0, ""hybrid_minmax_blend_a050"": 0.0, ""mxbai"": 1.0, ""qwen3"": 1.0}"	"{""bm25"": ""157504"", ""eos_compact_q4_fp16_o200"": ""202432"", ""eos_dense"": ""202432"", ""hybrid_minmax_blend_a050"": ""202432"", ""mxbai"": ""168006"", ""qwen3"": ""187401""}"
fiqa	7098	2	False	True	True	True	"{""bm25"": 44, ""eos_compact_q4_fp16_o200"": 7, ""eos_dense"": 7, ""hybrid_minmax_blend_a050"": 23, ""mxbai"": 1, ""qwen3"": 1}"	"{""bm25"": 0.0, ""eos_compact_q4_fp16_o200"": 0.20438239758848614, ""eos_dense"": 0.20438239758848614, ""hybrid_minmax_blend_a050"": 0.0, ""mxbai"": 0.9197207891481877, ""qwen3"": 0.8175295903539446}"	"{""bm25"": 0.5, ""eos_compact_q4_fp16_o200"": 1.0, ""eos_dense"": 1.0, ""hybrid_minmax_blend_a050"": 1.0, ""mxbai"": 1.0, ""qwen3"": 1.0}"	"{""bm25"": ""405342"", ""eos_compact_q4_fp16_o200"": ""169240"", ""eos_dense"": ""169240"", ""hybrid_minmax_blend_a050"": ""195767"", ""mxbai"": ""34139"", ""qwen3"": ""34139""}"
fiqa	7105	1	True	True	False	False	"{""bm25"": 9, ""eos_compact_q4_fp16_o200"": 0, ""eos_dense"": 0, ""hybrid_minmax_blend_a050"": 28, ""mxbai"": 2, ""qwen3"": 3}"	"{""bm25"": 0.3010299956639812, ""eos_compact_q4_fp16_o200"": 0.0, ""eos_dense"": 0.0, ""hybrid_minmax_blend_a050"": 0.0, ""mxbai"": 0.6309297535714574, ""qwen3"": 0.5}"	"{""bm25"": 1.0, ""eos_compact_q4_fp16_o200"": 0.0, ""eos_dense"": 0.0, ""hybrid_minmax_blend_a050"": 1.0, ""mxbai"": 1.0, ""qwen3"": 1.0}"	"{""bm25"": ""394702"", ""eos_compact_q4_fp16_o200"": ""106864"", ""eos_dense"": ""106864"", ""hybrid_minmax_blend_a050"": ""106864"", ""mxbai"": ""394702"", ""qwen3"": ""496096""}"
fiqa	7109	3	True	True	False	True	"{""bm25"": 1, ""eos_compact_q4_fp16_o200"": 63, ""eos_dense"": 63, ""hybrid_minmax_blend_a050"": 2, ""mxbai"": 5, ""qwen3"": 8}"	"{""bm25"": 0.6105456988825856, ""eos_compact_q4_fp16_o200"": 0.0, ""eos_dense"": 0.0, ""hybrid_minmax_blend_a050"": 0.2960819109658653, ""mxbai"": 0.1815417925373527, ""qwen3"": 0.2836929289153804}"	"{""bm25"": 0.6666666666666666, ""eos_compact_q4_fp16_o200"": 0.3333333333333333, ""eos_dense"": 0.3333333333333333, ""hybrid_minmax_blend_a050"": 0.6666666666666666, ""mxbai"": 0.6666666666666666, ""qwen3"": 0.6666666666666666}"	"{""bm25"": ""565501"", ""eos_compact_q4_fp16_o200"": ""42620"", ""eos_dense"": ""42620"", ""hybrid_minmax_blend_a050"": ""42620"", ""mxbai"": ""489933"", ""qwen3"": ""489933""}"
fiqa	7124	4	True	True	True	True	"{""bm25"": 11, ""eos_compact_q4_fp16_o200"": 0, ""eos_dense"": 0, ""hybrid_minmax_blend_a050"": 30, ""mxbai"": 1, ""qwen3"": 1}"	"{""bm25"": 0.0, ""eos_compact_q4_fp16_o200"": 0.0, ""eos_dense"": 0.0, ""hybrid_minmax_blend_a050"": 0.0, ""mxbai"": 0.5294362295028774, ""qwen3"": 0.7095272044910246}"	"{""bm25"": 0.25, ""eos_compact_q4_fp16_o200"": 0.0, ""eos_dense"": 0.0, ""hybrid_minmax_blend_a050"": 0.25, ""mxbai"": 0.75, ""qwen3"": 0.75}"	"{""bm25"": ""251100"", ""eos_compact_q4_fp16_o200"": ""45218"", ""eos_dense"": ""45218"", ""hybrid_minmax_blend_a050"": ""45218"", ""mxbai"": ""558617"", ""qwen3"": ""558617""}"
fiqa	7141	2	True	False	False	True	"{""bm25"": 70, ""eos_compact_q4_fp16_o200"": 0, ""eos_dense"": 0, ""hybrid_minmax_blend_a050"": 0, ""mxbai"": 12, ""qwen3"": 35}"	"{""bm25"": 0.0, ""eos_compact_q4_fp16_o200"": 0.0, ""eos_dense"": 0.0, ""hybrid_minmax_blend_a050"": 0.0, ""mxbai"": 0.0, ""qwen3"": 0.0}"	"{""bm25"": 0.5, ""eos_compact_q4_fp16_o200"": 0.0, ""eos_dense"": 0.0, ""hybrid_minmax_blend_a050"": 0.0, ""mxbai"": 0.5, ""qwen3"": 1.0}"	"{""bm25"": ""243714"", ""eos_compact_q4_fp16_o200"": ""507828"", ""eos_dense"": ""507828"", ""hybrid_minmax_blend_a050"": ""507828"", ""mxbai"": ""238474"", ""qwen3"": ""238474""}"
fiqa	7145	3	True	True	False	True	"{""bm25"": 57, ""eos_compact_q4_fp16_o200"": 0, ""eos_dense"": 0, ""hybrid_minmax_blend_a050"": 100, ""mxbai"": 2, ""qwen3"": 2}"	"{""bm25"": 0.0, ""eos_compact_q4_fp16_o200"": 0.0, ""eos_dense"": 0.0, ""hybrid_minmax_blend_a050"": 0.0, ""mxbai"": 0.4441228664487979, ""qwen3"": 0.2960819109658653}"	"{""bm25"": 0.3333333333333333, ""eos_compact_q4_fp16_o200"": 0.0, ""eos_dense"": 0.0, ""hybrid_minmax_blend_a050"": 0.3333333333333333, ""mxbai"": 1.0, ""qwen3"": 1.0}"	"{""bm25"": ""205280"", ""eos_compact_q4_fp16_o200"": ""315044"", ""eos_dense"": ""315044"", ""hybrid_minmax_blend_a050"": ""205280"", ""mxbai"": ""454596"", ""qwen3"": ""454596""}"
fiqa	7178	1	True	True	False	False	"{""bm25"": 71, ""eos_compact_q4_fp16_o200"": 0, ""eos_dense"": 0, ""hybrid_minmax_blend_a050"": 0, ""mxbai"": 2, ""qwen3"": 1}"	"{""bm25"": 0.0, ""eos_compact_q4_fp16_o200"": 0.0, ""eos_dense"": 0.0, ""hybrid_minmax_blend_a050"": 0.0, ""mxbai"": 0.6309297535714574, ""qwen3"": 1.0}"	"{""bm25"": 1.0, ""eos_compact_q4_fp16_o200"": 0.0, ""eos_dense"": 0.0, ""hybrid_minmax_blend_a050"": 0.0, ""mxbai"": 1.0, ""qwen3"": 1.0}"	"{""bm25"": ""597519"", ""eos_compact_q4_fp16_o200"": ""440370"", ""eos_dense"": ""440370"", ""hybrid_minmax_blend_a050"": ""440370"", ""mxbai"": ""451429"", ""qwen3"": ""401329""}"
fiqa	7188	1	True	True	False	True	"{""bm25"": 25, ""eos_compact_q4_fp16_o200"": 0, ""eos_dense"": 0, ""hybrid_minmax_blend_a050"": 39, ""mxbai"": 2, ""qwen3"": 7}"	"{""bm25"": 0.0, ""eos_compact_q4_fp16_o200"": 0.0, ""eos_dense"": 0.0, ""hybrid_minmax_blend_a050"": 0.0, ""mxbai"": 0.6309297535714574, ""qwen3"": 0.3333333333333333}"	"{""bm25"": 1.0, ""eos_compact_q4_fp16_o200"": 0.0, ""eos_dense"": 0.0, ""hybrid_minmax_blend_a050"": 1.0, ""mxbai"": 1.0, ""qwen3"": 1.0}"	"{""bm25"": ""179093"", ""eos_compact_q4_fp16_o200"": ""50726"", ""eos_dense"": ""50726"", ""hybrid_minmax_blend_a050"": ""50726"", ""mxbai"": ""60166"", ""qwen3"": ""60166""}"
fiqa	7205	1	True	True	True	True	"{""bm25"": 12, ""eos_compact_q4_fp16_o200"": 0, ""eos_dense"": 0, ""hybrid_minmax_blend_a050"": 21, ""mxbai"": 1, ""qwen3"": 1}"	"{""bm25"": 0.0, ""eos_compact_q4_fp16_o200"": 0.0, ""eos_dense"": 0.0, ""hybrid_minmax_blend_a050"": 0.0, ""mxbai"": 1.0, ""qwen3"": 1.0}"	"{""bm25"": 1.0, ""eos_compact_q4_fp16_o200"": 0.0, ""eos_dense"": 0.0, ""hybrid_minmax_blend_a050"": 1.0, ""mxbai"": 1.0, ""qwen3"": 1.0}"	"{""bm25"": ""431946"", ""eos_compact_q4_fp16_o200"": ""318696"", ""eos_dense"": ""318696"", ""hybrid_minmax_blend_a050"": ""431946"", ""mxbai"": ""159966"", ""qwen3"": ""159966""}"
fiqa	7206	3	True	False	False	False	"{""bm25"": 0, ""eos_compact_q4_fp16_o200"": 0, ""eos_dense"": 0, ""hybrid_minmax_blend_a050"": 0, ""mxbai"": 0, ""qwen3"": 0}"	"{""bm25"": 0.0, ""eos_compact_q4_fp16_o200"": 0.0, ""eos_dense"": 0.0, ""hybrid_minmax_blend_a050"": 0.0, ""mxbai"": 0.0, ""qwen3"": 0.0}"	"{""bm25"": 0.0, ""eos_compact_q4_fp16_o200"": 0.0, ""eos_dense"": 0.0, ""hybrid_minmax_blend_a050"": 0.0, ""mxbai"": 0.0, ""qwen3"": 0.0}"	"{""bm25"": ""436530"", ""eos_compact_q4_fp16_o200"": ""21023"", ""eos_dense"": ""21023"", ""hybrid_minmax_blend_a050"": ""260085"", ""mxbai"": ""518526"", ""qwen3"": ""65667""}"
fiqa	7218	1	True	True	False	False	"{""bm25"": 7, ""eos_compact_q4_fp16_o200"": 37, ""eos_dense"": 37, ""hybrid_minmax_blend_a050"": 11, ""mxbai"": 6, ""qwen3"": 3}"	"{""bm25"": 0.3333333333333333, ""eos_compact_q4_fp16_o200"": 0.0, ""eos_dense"": 0.0, ""hybrid_minmax_blend_a050"": 0.0, ""mxbai"": 0.3562071871080222, ""qwen3"": 0.5}"	"{""bm25"": 1.0, ""eos_compact_q4_fp16_o200"": 1.0, ""eos_dense"": 1.0, ""hybrid_minmax_blend_a050"": 1.0, ""mxbai"": 1.0, ""qwen3"": 1.0}"	"{""bm25"": ""266900"", ""eos_compact_q4_fp16_o200"": ""333674"", ""eos_dense"": ""333674"", ""hybrid_minmax_blend_a050"": ""333674"", ""mxbai"": ""279185"", ""qwen3"": ""94062""}"
fiqa	7221	1	True	False	False	False	"{""bm25"": 0, ""eos_compact_q4_fp16_o200"": 0, ""eos_dense"": 0, ""hybrid_minmax_blend_a050"": 0, ""mxbai"": 0, ""qwen3"": 80}"	"{""bm25"": 0.0, ""eos_compact_q4_fp16_o200"": 0.0, ""eos_dense"": 0.0, ""hybrid_minmax_blend_a050"": 0.0, ""mxbai"": 0.0, ""qwen3"": 0.0}"	"{""bm25"": 0.0, ""eos_compact_q4_fp16_o200"": 0.0, ""eos_dense"": 0.0, ""hybrid_minmax_blend_a050"": 0.0, ""mxbai"": 0.0, ""qwen3"": 1.0}"	"{""bm25"": ""140266"", ""eos_compact_q4_fp16_o200"": ""120288"", ""eos_dense"": ""120288"", ""hybrid_minmax_blend_a050"": ""204297"", ""mxbai"": ""169076"", ""qwen3"": ""478539""}"
fiqa	7269	1	True	False	False	False	"{""bm25"": 0, ""eos_compact_q4_fp16_o200"": 0, ""eos_dense"": 0, ""hybrid_minmax_blend_a050"": 0, ""mxbai"": 91, ""qwen3"": 12}"	"{""bm25"": 0.0, ""eos_compact_q4_fp16_o200"": 0.0, ""eos_dense"": 0.0, ""hybrid_minmax_blend_a050"": 0.0, ""mxbai"": 0.0, ""qwen3"": 0.0}"	"{""bm25"": 0.0, ""eos_compact_q4_fp16_o200"": 0.0, ""eos_dense"": 0.0, ""hybrid_minmax_blend_a050"": 0.0, ""mxbai"": 1.0, ""qwen3"": 1.0}"	"{""bm25"": ""239484"", ""eos_compact_q4_fp16_o200"": ""488996"", ""eos_dense"": ""488996"", ""hybrid_minmax_blend_a050"": ""151554"", ""mxbai"": ""343586"", ""qwen3"": ""294644""}"
fiqa	7279	4	False	True	False	False	"{""bm25"": 25, ""eos_compact_q4_fp16_o200"": 8, ""eos_dense"": 8, ""hybrid_minmax_blend_a050"": 8, ""mxbai"": 2, ""qwen3"": 3}"	"{""bm25"": 0.0, ""eos_compact_q4_fp16_o200"": 0.123151194370365, ""eos_dense"": 0.123151194370365, ""hybrid_minmax_blend_a050"": 0.123151194370365, ""mxbai"": 0.5646436081071458, ""qwen3"": 0.48526582273463176}"	"{""bm25"": 0.5, ""eos_compact_q4_fp16_o200"": 0.25, ""eos_dense"": 0.25, ""hybrid_minmax_blend_a050"": 0.25, ""mxbai"": 1.0, ""qwen3"": 0.75}"	"{""bm25"": ""213373"", ""eos_compact_q4_fp16_o200"": ""315959"", ""eos_dense"": ""315959"", ""hybrid_minmax_blend_a050"": ""213373"", ""mxbai"": ""128048"", ""qwen3"": ""213373""}"
fiqa	7295	1	True	False	False	False	"{""bm25"": 0, ""eos_compact_q4_fp16_o200"": 0, ""eos_dense"": 0, ""hybrid_minmax_blend_a050"": 0, ""mxbai"": 0, ""qwen3"": 0}"	"{""bm25"": 0.0, ""eos_compact_q4_fp16_o200"": 0.0, ""eos_dense"": 0.0, ""hybrid_minmax_blend_a050"": 0.0, ""mxbai"": 0.0, ""qwen3"": 0.0}"	"{""bm25"": 0.0, ""eos_compact_q4_fp16_o200"": 0.0, ""eos_dense"": 0.0, ""hybrid_minmax_blend_a050"": 0.0, ""mxbai"": 0.0, ""qwen3"": 0.0}"	"{""bm25"": ""352484"", ""eos_compact_q4_fp16_o200"": ""456470"", ""eos_dense"": ""456470"", ""hybrid_minmax_blend_a050"": ""509879"", ""mxbai"": ""472470"", ""qwen3"": ""222921""}"
fiqa	7311	1	True	False	False	False	"{""bm25"": 0, ""eos_compact_q4_fp16_o200"": 0, ""eos_dense"": 0, ""hybrid_minmax_blend_a050"": 0, ""mxbai"": 0, ""qwen3"": 57}"	"{""bm25"": 0.0, ""eos_compact_q4_fp16_o200"": 0.0, ""eos_dense"": 0.0, ""hybrid_minmax_blend_a050"": 0.0, ""mxbai"": 0.0, ""qwen3"": 0.0}"	"{""bm25"": 0.0, ""eos_compact_q4_fp16_o200"": 0.0, ""eos_dense"": 0.0, ""hybrid_minmax_blend_a050"": 0.0, ""mxbai"": 0.0, ""qwen3"": 1.0}"	"{""bm25"": ""125355"", ""eos_compact_q4_fp16_o200"": ""412632"", ""eos_dense"": ""412632"", ""hybrid_minmax_blend_a050"": ""412632"", ""mxbai"": ""341034"", ""qwen3"": ""571001""}"
fiqa	7326	1	True	False	False	False	"{""bm25"": 0, ""eos_compact_q4_fp16_o200"": 0, ""eos_dense"": 0, ""hybrid_minmax_blend_a050"": 0, ""mxbai"": 0, ""qwen3"": 29}"	"{""bm25"": 0.0, ""eos_compact_q4_fp16_o200"": 0.0, ""eos_dense"": 0.0, ""hybrid_minmax_blend_a050"": 0.0, ""mxbai"": 0.0, ""qwen3"": 0.0}"	"{""bm25"": 0.0, ""eos_compact_q4_fp16_o200"": 0.0, ""eos_dense"": 0.0, ""hybrid_minmax_blend_a050"": 0.0, ""mxbai"": 0.0, ""qwen3"": 1.0}"	"{""bm25"": ""35340"", ""eos_compact_q4_fp16_o200"": ""131651"", ""eos_dense"": ""131651"", ""hybrid_minmax_blend_a050"": ""35340"", ""mxbai"": ""340947"", ""qwen3"": ""593445""}"
fiqa	7329	2	True	True	False	False	"{""bm25"": 85, ""eos_compact_q4_fp16_o200"": 0, ""eos_dense"": 0, ""hybrid_minmax_blend_a050"": 0, ""mxbai"": 2, ""qwen3"": 3}"	"{""bm25"": 0.0, ""eos_compact_q4_fp16_o200"": 0.0, ""eos_dense"": 0.0, ""hybrid_minmax_blend_a050"": 0.0, ""mxbai"": 0.38685280723454163, ""qwen3"": 0.30657359638272924}"	"{""bm25"": 0.5, ""eos_compact_q4_fp16_o200"": 0.0, ""eos_dense"": 0.0, ""hybrid_minmax_blend_a050"": 0.0, ""mxbai"": 1.0, ""qwen3"": 1.0}"	"{""bm25"": ""215596"", ""eos_compact_q4_fp16_o200"": ""32620"", ""eos_dense"": ""32620"", ""hybrid_minmax_blend_a050"": ""215596"", ""mxbai"": ""391063"", ""qwen3"": ""215596""}"
fiqa	7344	2	False	True	True	True	"{""bm25"": 1, ""eos_compact_q4_fp16_o200"": 3, ""eos_dense"": 3, ""hybrid_minmax_blend_a050"": 1, ""mxbai"": 1, ""qwen3"": 1}"	"{""bm25"": 0.6131471927654585, ""eos_compact_q4_fp16_o200"": 0.30657359638272924, ""eos_dense"": 0.30657359638272924, ""hybrid_minmax_blend_a050"": 0.6131471927654585, ""mxbai"": 0.6131471927654585, ""qwen3"": 0.6131471927654585}"	"{""bm25"": 0.5, ""eos_compact_q4_fp16_o200"": 0.5, ""eos_dense"": 0.5, ""hybrid_minmax_blend_a050"": 0.5, ""mxbai"": 0.5, ""qwen3"": 1.0}"	"{""bm25"": ""14368"", ""eos_compact_q4_fp16_o200"": ""150430"", ""eos_dense"": ""150430"", ""hybrid_minmax_blend_a050"": ""14368"", ""mxbai"": ""14368"", ""qwen3"": ""14368""}"
fiqa	7345	3	False	True	False	False	"{""bm25"": 10, ""eos_compact_q4_fp16_o200"": 4, ""eos_dense"": 4, ""hybrid_minmax_blend_a050"": 4, ""mxbai"": 2, ""qwen3"": 4}"	"{""bm25"": 0.1356519734324478, ""eos_compact_q4_fp16_o200"": 0.5508095940041027, ""eos_dense"": 0.5508095940041027, ""hybrid_minmax_blend_a050"": 0.20210734650054762, ""mxbai"": 0.43173388439831306, ""qwen3"": 0.20210734650054762}"	"{""bm25"": 0.6666666666666666, ""eos_compact_q4_fp16_o200"": 1.0, ""eos_dense"": 1.0, ""hybrid_minmax_blend_a050"": 1.0, ""mxbai"": 0.6666666666666666, ""qwen3"": 1.0}"	"{""bm25"": ""354429"", ""eos_compact_q4_fp16_o200"": ""289073"", ""eos_dense"": ""289073"", ""hybrid_minmax_blend_a050"": ""587111"", ""mxbai"": ""366526"", ""qwen3"": ""9274""}"
fiqa	7377	1	True	True	False	False	"{""bm25"": 8, ""eos_compact_q4_fp16_o200"": 41, ""eos_dense"": 41, ""hybrid_minmax_blend_a050"": 9, ""mxbai"": 5, ""qwen3"": 1}"	"{""bm25"": 0.3154648767857287, ""eos_compact_q4_fp16_o200"": 0.0, ""eos_dense"": 0.0, ""hybrid_minmax_blend_a050"": 0.3010299956639812, ""mxbai"": 0.38685280723454163, ""qwen3"": 1.0}"	"{""bm25"": 1.0, ""eos_compact_q4_fp16_o200"": 1.0, ""eos_dense"": 1.0, ""hybrid_minmax_blend_a050"": 1.0, ""mxbai"": 1.0, ""qwen3"": 1.0}"	"{""bm25"": ""462984"", ""eos_compact_q4_fp16_o200"": ""148632"", ""eos_dense"": ""148632"", ""hybrid_minmax_blend_a050"": ""381104"", ""mxbai"": ""36284"", ""qwen3"": ""579557""}"
fiqa	7431	1	True	False	False	False	"{""bm25"": 4, ""eos_compact_q4_fp16_o200"": 0, ""eos_dense"": 0, ""hybrid_minmax_blend_a050"": 10, ""mxbai"": 0, ""qwen3"": 19}"	"{""bm25"": 0.43067655807339306, ""eos_compact_q4_fp16_o200"": 0.0, ""eos_dense"": 0.0, ""hybrid_minmax_blend_a050"": 0.2890648263178879, ""mxbai"": 0.0, ""qwen3"": 0.0}"	"{""bm25"": 1.0, ""eos_compact_q4_fp16_o200"": 0.0, ""eos_dense"": 0.0, ""hybrid_minmax_blend_a050"": 1.0, ""mxbai"": 0.0, ""qwen3"": 1.0}"	"{""bm25"": ""2393"", ""eos_compact_q4_fp16_o200"": ""387722"", ""eos_dense"": ""387722"", ""hybrid_minmax_blend_a050"": ""2393"", ""mxbai"": ""494148"", ""qwen3"": ""557734""}"
fiqa	7441	3	True	True	False	False	"{""bm25"": 1, ""eos_compact_q4_fp16_o200"": 34, ""eos_dense"": 34, ""hybrid_minmax_blend_a050"": 3, ""mxbai"": 8, ""qwen3"": 3}"	"{""bm25"": 0.46927872602275655, ""eos_compact_q4_fp16_o200"": 0.0, ""eos_dense"": 0.0, ""hybrid_minmax_blend_a050"": 0.23463936301137828, ""mxbai"": 0.14804095548293264, ""qwen3"": 0.23463936301137828}"	"{""bm25"": 0.3333333333333333, ""eos_compact_q4_fp16_o200"": 0.3333333333333333, ""eos_dense"": 0.3333333333333333, ""hybrid_minmax_blend_a050"": 0.6666666666666666, ""mxbai"": 1.0, ""qwen3"": 1.0}"	"{""bm25"": ""537418"", ""eos_compact_q4_fp16_o200"": ""581848"", ""eos_dense"": ""581848"", ""hybrid_minmax_blend_a050"": ""94159"", ""mxbai"": ""80024"", ""qwen3"": ""356726""}"
fiqa	7445	3	True	False	False	False	"{""bm25"": 0, ""eos_compact_q4_fp16_o200"": 0, ""eos_dense"": 0, ""hybrid_minmax_blend_a050"": 0, ""mxbai"": 0, ""qwen3"": 15}"	"{""bm25"": 0.0, ""eos_compact_q4_fp16_o200"": 0.0, ""eos_dense"": 0.0, ""hybrid_minmax_blend_a050"": 0.0, ""mxbai"": 0.0, ""qwen3"": 0.0}"	"{""bm25"": 0.0, ""eos_compact_q4_fp16_o200"": 0.0, ""eos_dense"": 0.0, ""hybrid_minmax_blend_a050"": 0.0, ""mxbai"": 0.0, ""qwen3"": 0.6666666666666666}"	"{""bm25"": ""580757"", ""eos_compact_q4_fp16_o200"": ""547553"", ""eos_dense"": ""547553"", ""hybrid_minmax_blend_a050"": ""547553"", ""mxbai"": ""573612"", ""qwen3"": ""284075""}"
fiqa	7448	1	True	True	True	True	"{""bm25"": 2, ""eos_compact_q4_fp16_o200"": 18, ""eos_dense"": 18, ""hybrid_minmax_blend_a050"": 2, ""mxbai"": 1, ""qwen3"": 1}"	"{""bm25"": 0.6309297535714574, ""eos_compact_q4_fp16_o200"": 0.0, ""eos_dense"": 0.0, ""hybrid_minmax_blend_a050"": 0.6309297535714574, ""mxbai"": 1.0, ""qwen3"": 1.0}"	"{""bm25"": 1.0, ""eos_compact_q4_fp16_o200"": 1.0, ""eos_dense"": 1.0, ""hybrid_minmax_blend_a050"": 1.0, ""mxbai"": 1.0, ""qwen3"": 1.0}"	"{""bm25"": ""39436"", ""eos_compact_q4_fp16_o200"": ""106863"", ""eos_dense"": ""106863"", ""hybrid_minmax_blend_a050"": ""313897"", ""mxbai"": ""418150"", ""qwen3"": ""418150""}"
fiqa	7456	1	True	False	False	False	"{""bm25"": 96, ""eos_compact_q4_fp16_o200"": 0, ""eos_dense"": 0, ""hybrid_minmax_blend_a050"": 0, ""mxbai"": 57, ""qwen3"": 35}"	"{""bm25"": 0.0, ""eos_compact_q4_fp16_o200"": 0.0, ""eos_dense"": 0.0, ""hybrid_minmax_blend_a050"": 0.0, ""mxbai"": 0.0, ""qwen3"": 0.0}"	"{""bm25"": 1.0, ""eos_compact_q4_fp16_o200"": 0.0, ""eos_dense"": 0.0, ""hybrid_minmax_blend_a050"": 0.0, ""mxbai"": 1.0, ""qwen3"": 1.0}"	"{""bm25"": ""28604"", ""eos_compact_q4_fp16_o200"": ""494727"", ""eos_dense"": ""494727"", ""hybrid_minmax_blend_a050"": ""494727"", ""mxbai"": ""65147"", ""qwen3"": ""78138""}"
fiqa	7463	5	True	True	False	False	"{""bm25"": 12, ""eos_compact_q4_fp16_o200"": 0, ""eos_dense"": 0, ""hybrid_minmax_blend_a050"": 26, ""mxbai"": 1, ""qwen3"": 4}"	"{""bm25"": 0.0, ""eos_compact_q4_fp16_o200"": 0.0, ""eos_dense"": 0.0, ""hybrid_minmax_blend_a050"": 0.0, ""mxbai"": 0.43719949110497325, ""qwen3"": 0.24410763567406354}"	"{""bm25"": 0.2, ""eos_compact_q4_fp16_o200"": 0.0, ""eos_dense"": 0.0, ""hybrid_minmax_blend_a050"": 0.2, ""mxbai"": 1.0, ""qwen3"": 0.6}"	"{""bm25"": ""589256"", ""eos_compact_q4_fp16_o200"": ""62868"", ""eos_dense"": ""62868"", ""hybrid_minmax_blend_a050"": ""62868"", ""mxbai"": ""105634"", ""qwen3"": ""51640""}"
fiqa	7467	1	False	True	True	True	"{""bm25"": 3, ""eos_compact_q4_fp16_o200"": 3, ""eos_dense"": 3, ""hybrid_minmax_blend_a050"": 1, ""mxbai"": 1, ""qwen3"": 1}"	"{""bm25"": 0.5, ""eos_compact_q4_fp16_o200"": 0.5, ""eos_dense"": 0.5, ""hybrid_minmax_blend_a050"": 1.0, ""mxbai"": 1.0, ""qwen3"": 1.0}"	"{""bm25"": 1.0, ""eos_compact_q4_fp16_o200"": 1.0, ""eos_dense"": 1.0, ""hybrid_minmax_blend_a050"": 1.0, ""mxbai"": 1.0, ""qwen3"": 1.0}"	"{""bm25"": ""516078"", ""eos_compact_q4_fp16_o200"": ""163987"", ""eos_dense"": ""163987"", ""hybrid_minmax_blend_a050"": ""193312"", ""mxbai"": ""193312"", ""qwen3"": ""193312""}"
fiqa	7484	1	False	True	True	True	"{""bm25"": 5, ""eos_compact_q4_fp16_o200"": 6, ""eos_dense"": 6, ""hybrid_minmax_blend_a050"": 6, ""mxbai"": 1, ""qwen3"": 1}"	"{""bm25"": 0.38685280723454163, ""eos_compact_q4_fp16_o200"": 0.3562071871080222, ""eos_dense"": 0.3562071871080222, ""hybrid_minmax_blend_a050"": 0.3562071871080222, ""mxbai"": 1.0, ""qwen3"": 1.0}"	"{""bm25"": 1.0, ""eos_compact_q4_fp16_o200"": 1.0, ""eos_dense"": 1.0, ""hybrid_minmax_blend_a050"": 1.0, ""mxbai"": 1.0, ""qwen3"": 1.0}"	"{""bm25"": ""76285"", ""eos_compact_q4_fp16_o200"": ""76285"", ""eos_dense"": ""76285"", ""hybrid_minmax_blend_a050"": ""76285"", ""mxbai"": ""444562"", ""qwen3"": ""444562""}"
fiqa	7509	1	True	False	False	False	"{""bm25"": 0, ""eos_compact_q4_fp16_o200"": 0, ""eos_dense"": 0, ""hybrid_minmax_blend_a050"": 0, ""mxbai"": 0, ""qwen3"": 80}"	"{""bm25"": 0.0, ""eos_compact_q4_fp16_o200"": 0.0, ""eos_dense"": 0.0, ""hybrid_minmax_blend_a050"": 0.0, ""mxbai"": 0.0, ""qwen3"": 0.0}"	"{""bm25"": 0.0, ""eos_compact_q4_fp16_o200"": 0.0, ""eos_dense"": 0.0, ""hybrid_minmax_blend_a050"": 0.0, ""mxbai"": 0.0, ""qwen3"": 1.0}"	"{""bm25"": ""195156"", ""eos_compact_q4_fp16_o200"": ""566429"", ""eos_dense"": ""566429"", ""hybrid_minmax_blend_a050"": ""195156"", ""mxbai"": ""177036"", ""qwen3"": ""363753""}"
fiqa	7512	1	True	False	False	False	"{""bm25"": 0, ""eos_compact_q4_fp16_o200"": 40, ""eos_dense"": 40, ""hybrid_minmax_blend_a050"": 64, ""mxbai"": 0, ""qwen3"": 13}"	"{""bm25"": 0.0, ""eos_compact_q4_fp16_o200"": 0.0, ""eos_dense"": 0.0, ""hybrid_minmax_blend_a050"": 0.0, ""mxbai"": 0.0, ""qwen3"": 0.0}"	"{""bm25"": 0.0, ""eos_compact_q4_fp16_o200"": 1.0, ""eos_dense"": 1.0, ""hybrid_minmax_blend_a050"": 1.0, ""mxbai"": 0.0, ""qwen3"": 1.0}"	"{""bm25"": ""480949"", ""eos_compact_q4_fp16_o200"": ""450760"", ""eos_dense"": ""450760"", ""hybrid_minmax_blend_a050"": ""202985"", ""mxbai"": ""202985"", ""qwen3"": ""487329""}"
fiqa	7513	3	False	True	False	False	"{""bm25"": 0, ""eos_compact_q4_fp16_o200"": 2, ""eos_dense"": 2, ""hybrid_minmax_blend_a050"": 5, ""mxbai"": 7, ""qwen3"": 2}"	"{""bm25"": 0.0, ""eos_compact_q4_fp16_o200"": 0.2960819109658653, ""eos_dense"": 0.2960819109658653, ""hybrid_minmax_blend_a050"": 0.1815417925373527, ""mxbai"": 0.1564262420075855, ""qwen3"": 0.2960819109658653}"	"{""bm25"": 0.0, ""eos_compact_q4_fp16_o200"": 0.6666666666666666, ""eos_dense"": 0.6666666666666666, ""hybrid_minmax_blend_a050"": 0.6666666666666666, ""mxbai"": 0.6666666666666666, ""qwen3"": 1.0}"	"{""bm25"": ""408524"", ""eos_compact_q4_fp16_o200"": ""526859"", ""eos_dense"": ""526859"", ""hybrid_minmax_blend_a050"": ""526859"", ""mxbai"": ""391215"", ""qwen3"": ""526859""}"
fiqa	7529	2	False	True	False	False	"{""bm25"": 11, ""eos_compact_q4_fp16_o200"": 1, ""eos_dense"": 1, ""hybrid_minmax_blend_a050"": 1, ""mxbai"": 1, ""qwen3"": 2}"	"{""bm25"": 0.0, ""eos_compact_q4_fp16_o200"": 0.6131471927654585, ""eos_dense"": 0.6131471927654585, ""hybrid_minmax_blend_a050"": 0.6131471927654585, ""mxbai"": 0.6131471927654585, ""qwen3"": 0.38685280723454163}"	"{""bm25"": 0.5, ""eos_compact_q4_fp16_o200"": 1.0, ""eos_dense"": 1.0, ""hybrid_minmax_blend_a050"": 0.5, ""mxbai"": 0.5, ""qwen3"": 1.0}"	"{""bm25"": ""88823"", ""eos_compact_q4_fp16_o200"": ""293626"", ""eos_dense"": ""293626"", ""hybrid_minmax_blend_a050"": ""293626"", ""mxbai"": ""293626"", ""qwen3"": ""464337""}"
fiqa	7533	2	False	False	False	False	"{""bm25"": 7, ""eos_compact_q4_fp16_o200"": 8, ""eos_dense"": 8, ""hybrid_minmax_blend_a050"": 3, ""mxbai"": 68, ""qwen3"": 6}"	"{""bm25"": 0.20438239758848614, ""eos_compact_q4_fp16_o200"": 0.19342640361727081, ""eos_dense"": 0.19342640361727081, ""hybrid_minmax_blend_a050"": 0.30657359638272924, ""mxbai"": 0.0, ""qwen3"": 0.2184074368181642}"	"{""bm25"": 0.5, ""eos_compact_q4_fp16_o200"": 0.5, ""eos_dense"": 0.5, ""hybrid_minmax_blend_a050"": 0.5, ""mxbai"": 0.5, ""qwen3"": 0.5}"	"{""bm25"": ""316230"", ""eos_compact_q4_fp16_o200"": ""526664"", ""eos_dense"": ""526664"", ""hybrid_minmax_blend_a050"": ""526664"", ""mxbai"": ""563986"", ""qwen3"": ""315105""}"
fiqa	7534	3	True	True	True	True	"{""bm25"": 10, ""eos_compact_q4_fp16_o200"": 13, ""eos_dense"": 13, ""hybrid_minmax_blend_a050"": 4, ""mxbai"": 1, ""qwen3"": 1}"	"{""bm25"": 0.1356519734324478, ""eos_compact_q4_fp16_o200"": 0.0, ""eos_dense"": 0.0, ""hybrid_minmax_blend_a050"": 0.20210734650054762, ""mxbai"": 0.46927872602275655, ""qwen3"": 0.46927872602275655}"	"{""bm25"": 0.6666666666666666, ""eos_compact_q4_fp16_o200"": 0.3333333333333333, ""eos_dense"": 0.3333333333333333, ""hybrid_minmax_blend_a050"": 0.6666666666666666, ""mxbai"": 0.6666666666666666, ""qwen3"": 0.6666666666666666}"	"{""bm25"": ""30324"", ""eos_compact_q4_fp16_o200"": ""426157"", ""eos_dense"": ""426157"", ""hybrid_minmax_blend_a050"": ""426157"", ""mxbai"": ""175821"", ""qwen3"": ""175821""}"
fiqa	7590	2	True	True	True	True	"{""bm25"": 5, ""eos_compact_q4_fp16_o200"": 0, ""eos_dense"": 0, ""hybrid_minmax_blend_a050"": 12, ""mxbai"": 1, ""qwen3"": 1}"	"{""bm25"": 0.23719771276929624, ""eos_compact_q4_fp16_o200"": 0.0, ""eos_dense"": 0.0, ""hybrid_minmax_blend_a050"": 0.0, ""mxbai"": 1.0, ""qwen3"": 0.9197207891481877}"	"{""bm25"": 1.0, ""eos_compact_q4_fp16_o200"": 0.0, ""eos_dense"": 0.0, ""hybrid_minmax_blend_a050"": 1.0, ""mxbai"": 1.0, ""qwen3"": 1.0}"	"{""bm25"": ""569834"", ""eos_compact_q4_fp16_o200"": ""594257"", ""eos_dense"": ""594257"", ""hybrid_minmax_blend_a050"": ""569834"", ""mxbai"": ""105165"", ""qwen3"": ""105165""}"
fiqa	7592	1	True	False	False	True	"{""bm25"": 10, ""eos_compact_q4_fp16_o200"": 60, ""eos_dense"": 60, ""hybrid_minmax_blend_a050"": 9, ""mxbai"": 45, ""qwen3"": 24}"	"{""bm25"": 0.2890648263178879, ""eos_compact_q4_fp16_o200"": 0.0, ""eos_dense"": 0.0, ""hybrid_minmax_blend_a050"": 0.3010299956639812, ""mxbai"": 0.0, ""qwen3"": 0.0}"	"{""bm25"": 1.0, ""eos_compact_q4_fp16_o200"": 1.0, ""eos_dense"": 1.0, ""hybrid_minmax_blend_a050"": 1.0, ""mxbai"": 1.0, ""qwen3"": 1.0}"	"{""bm25"": ""457135"", ""eos_compact_q4_fp16_o200"": ""11884"", ""eos_dense"": ""11884"", ""hybrid_minmax_blend_a050"": ""457135"", ""mxbai"": ""264565"", ""qwen3"": ""264565""}"
fiqa	7594	1	True	False	False	False	"{""bm25"": 0, ""eos_compact_q4_fp16_o200"": 0, ""eos_dense"": 0, ""hybrid_minmax_blend_a050"": 0, ""mxbai"": 18, ""qwen3"": 5}"	"{""bm25"": 0.0, ""eos_compact_q4_fp16_o200"": 0.0, ""eos_dense"": 0.0, ""hybrid_minmax_blend_a050"": 0.0, ""mxbai"": 0.0, ""qwen3"": 0.38685280723454163}"	"{""bm25"": 0.0, ""eos_compact_q4_fp16_o200"": 0.0, ""eos_dense"": 0.0, ""hybrid_minmax_blend_a050"": 0.0, ""mxbai"": 1.0, ""qwen3"": 1.0}"	"{""bm25"": ""17469"", ""eos_compact_q4_fp16_o200"": ""594667"", ""eos_dense"": ""594667"", ""hybrid_minmax_blend_a050"": ""37954"", ""mxbai"": ""349611"", ""qwen3"": ""139871""}"
fiqa	7622	2	True	False	False	False	"{""bm25"": 0, ""eos_compact_q4_fp16_o200"": 0, ""eos_dense"": 0, ""hybrid_minmax_blend_a050"": 0, ""mxbai"": 0, ""qwen3"": 0}"	"{""bm25"": 0.0, ""eos_compact_q4_fp16_o200"": 0.0, ""eos_dense"": 0.0, ""hybrid_minmax_blend_a050"": 0.0, ""mxbai"": 0.0, ""qwen3"": 0.0}"	"{""bm25"": 0.0, ""eos_compact_q4_fp16_o200"": 0.0, ""eos_dense"": 0.0, ""hybrid_minmax_blend_a050"": 0.0, ""mxbai"": 0.0, ""qwen3"": 0.0}"	"{""bm25"": ""130812"", ""eos_compact_q4_fp16_o200"": ""274043"", ""eos_dense"": ""274043"", ""hybrid_minmax_blend_a050"": ""130812"", ""mxbai"": ""416796"", ""qwen3"": ""199248""}"
fiqa	7633	4	False	True	True	True	"{""bm25"": 1, ""eos_compact_q4_fp16_o200"": 7, ""eos_dense"": 7, ""hybrid_minmax_blend_a050"": 1, ""mxbai"": 1, ""qwen3"": 1}"	"{""bm25"": 0.39038004999210174, ""eos_compact_q4_fp16_o200"": 0.13012668333070057, ""eos_dense"": 0.13012668333070057, ""hybrid_minmax_blend_a050"": 0.39038004999210174, ""mxbai"": 0.39038004999210174, ""qwen3"": 0.39038004999210174}"	"{""bm25"": 0.75, ""eos_compact_q4_fp16_o200"": 0.75, ""eos_dense"": 0.75, ""hybrid_minmax_blend_a050"": 0.75, ""mxbai"": 0.75, ""qwen3"": 0.75}"	"{""bm25"": ""494727"", ""eos_compact_q4_fp16_o200"": ""353396"", ""eos_dense"": ""353396"", ""hybrid_minmax_blend_a050"": ""494727"", ""mxbai"": ""494727"", ""qwen3"": ""494727""}"
fiqa	7674	3	True	False	False	False	"{""bm25"": 37, ""eos_compact_q4_fp16_o200"": 0, ""eos_dense"": 0, ""hybrid_minmax_blend_a050"": 59, ""mxbai"": 63, ""qwen3"": 29}"	"{""bm25"": 0.0, ""eos_compact_q4_fp16_o200"": 0.0, ""eos_dense"": 0.0, ""hybrid_minmax_blend_a050"": 0.0, ""mxbai"": 0.0, ""qwen3"": 0.0}"	"{""bm25"": 0.3333333333333333, ""eos_compact_q4_fp16_o200"": 0.0, ""eos_dense"": 0.0, ""hybrid_minmax_blend_a050"": 0.3333333333333333, ""mxbai"": 0.6666666666666666, ""qwen3"": 0.6666666666666666}"	"{""bm25"": ""164008"", ""eos_compact_q4_fp16_o200"": ""591534"", ""eos_dense"": ""591534"", ""hybrid_minmax_blend_a050"": ""447886"", ""mxbai"": ""591534"", ""qwen3"": ""249279""}"
fiqa	7700	4	True	True	False	True	"{""bm25"": 0, ""eos_compact_q4_fp16_o200"": 0, ""eos_dense"": 0, ""hybrid_minmax_blend_a050"": 0, ""mxbai"": 6, ""qwen3"": 5}"	"{""bm25"": 0.0, ""eos_compact_q4_fp16_o200"": 0.0, ""eos_dense"": 0.0, ""hybrid_minmax_blend_a050"": 0.0, ""mxbai"": 0.13905617951077565, ""qwen3"": 0.15101961822780527}"	"{""bm25"": 0.0, ""eos_compact_q4_fp16_o200"": 0.0, ""eos_dense"": 0.0, ""hybrid_minmax_blend_a050"": 0.0, ""mxbai"": 0.5, ""qwen3"": 0.25}"	"{""bm25"": ""480586"", ""eos_compact_q4_fp16_o200"": ""420974"", ""eos_dense"": ""420974"", ""hybrid_minmax_blend_a050"": ""420974"", ""mxbai"": ""224392"", ""qwen3"": ""224392""}"
fiqa	7702	2	False	True	False	False	"{""bm25"": 20, ""eos_compact_q4_fp16_o200"": 2, ""eos_dense"": 2, ""hybrid_minmax_blend_a050"": 8, ""mxbai"": 5, ""qwen3"": 1}"	"{""bm25"": 0.0, ""eos_compact_q4_fp16_o200"": 0.38685280723454163, ""eos_dense"": 0.38685280723454163, ""hybrid_minmax_blend_a050"": 0.19342640361727081, ""mxbai"": 0.23719771276929624, ""qwen3"": 0.8772153153380494}"	"{""bm25"": 1.0, ""eos_compact_q4_fp16_o200"": 1.0, ""eos_dense"": 1.0, ""hybrid_minmax_blend_a050"": 1.0, ""mxbai"": 1.0, ""qwen3"": 1.0}"	"{""bm25"": ""549270"", ""eos_compact_q4_fp16_o200"": ""133093"", ""eos_dense"": ""133093"", ""hybrid_minmax_blend_a050"": ""549270"", ""mxbai"": ""137299"", ""qwen3"": ""558924""}"
fiqa	7705	3	False	True	False	False	"{""bm25"": 6, ""eos_compact_q4_fp16_o200"": 2, ""eos_dense"": 2, ""hybrid_minmax_blend_a050"": 2, ""mxbai"": 2, ""qwen3"": 1}"	"{""bm25"": 0.16716045496620233, ""eos_compact_q4_fp16_o200"": 0.4441228664487979, ""eos_dense"": 0.4441228664487979, ""hybrid_minmax_blend_a050"": 0.2960819109658653, ""mxbai"": 0.4632423659320676, ""qwen3"": 0.46927872602275655}"	"{""bm25"": 0.6666666666666666, ""eos_compact_q4_fp16_o200"": 0.6666666666666666, ""eos_dense"": 0.6666666666666666, ""hybrid_minmax_blend_a050"": 0.6666666666666666, ""mxbai"": 0.6666666666666666, ""qwen3"": 0.6666666666666666}"	"{""bm25"": ""500486"", ""eos_compact_q4_fp16_o200"": ""49168"", ""eos_dense"": ""49168"", ""hybrid_minmax_blend_a050"": ""500486"", ""mxbai"": ""500486"", ""qwen3"": ""539263""}"
fiqa	7734	2	True	True	False	False	"{""bm25"": 1, ""eos_compact_q4_fp16_o200"": 0, ""eos_dense"": 0, ""hybrid_minmax_blend_a050"": 4, ""mxbai"": 2, ""qwen3"": 1}"	"{""bm25"": 0.6131471927654585, ""eos_compact_q4_fp16_o200"": 0.0, ""eos_dense"": 0.0, ""hybrid_minmax_blend_a050"": 0.2640681225725909, ""mxbai"": 0.38685280723454163, ""qwen3"": 0.6131471927654585}"	"{""bm25"": 0.5, ""eos_compact_q4_fp16_o200"": 0.0, ""eos_dense"": 0.0, ""hybrid_minmax_blend_a050"": 0.5, ""mxbai"": 1.0, ""qwen3"": 1.0}"	"{""bm25"": ""226070"", ""eos_compact_q4_fp16_o200"": ""472500"", ""eos_dense"": ""472500"", ""hybrid_minmax_blend_a050"": ""308294"", ""mxbai"": ""71029"", ""qwen3"": ""226070""}"
fiqa	7747	2	True	False	False	False	"{""bm25"": 47, ""eos_compact_q4_fp16_o200"": 31, ""eos_dense"": 31, ""hybrid_minmax_blend_a050"": 30, ""mxbai"": 6, ""qwen3"": 14}"	"{""bm25"": 0.0, ""eos_compact_q4_fp16_o200"": 0.0, ""eos_dense"": 0.0, ""hybrid_minmax_blend_a050"": 0.0, ""mxbai"": 0.2184074368181642, ""qwen3"": 0.0}"	"{""bm25"": 1.0, ""eos_compact_q4_fp16_o200"": 0.5, ""eos_dense"": 0.5, ""hybrid_minmax_blend_a050"": 0.5, ""mxbai"": 0.5, ""qwen3"": 1.0}"	"{""bm25"": ""342485"", ""eos_compact_q4_fp16_o200"": ""155701"", ""eos_dense"": ""155701"", ""hybrid_minmax_blend_a050"": ""519470"", ""mxbai"": ""559157"", ""qwen3"": ""274818""}"
fiqa	7754	1	True	True	False	False	"{""bm25"": 40, ""eos_compact_q4_fp16_o200"": 0, ""eos_dense"": 0, ""hybrid_minmax_blend_a050"": 81, ""mxbai"": 2, ""qwen3"": 4}"	"{""bm25"": 0.0, ""eos_compact_q4_fp16_o200"": 0.0, ""eos_dense"": 0.0, ""hybrid_minmax_blend_a050"": 0.0, ""mxbai"": 0.6309297535714574, ""qwen3"": 0.43067655807339306}"	"{""bm25"": 1.0, ""eos_compact_q4_fp16_o200"": 0.0, ""eos_dense"": 0.0, ""hybrid_minmax_blend_a050"": 1.0, ""mxbai"": 1.0, ""qwen3"": 1.0}"	"{""bm25"": ""169408"", ""eos_compact_q4_fp16_o200"": ""395481"", ""eos_dense"": ""395481"", ""hybrid_minmax_blend_a050"": ""503449"", ""mxbai"": ""272190"", ""qwen3"": ""503449""}"
fiqa	7758	1	True	True	True	True	"{""bm25"": 4, ""eos_compact_q4_fp16_o200"": 0, ""eos_dense"": 0, ""hybrid_minmax_blend_a050"": 18, ""mxbai"": 1, ""qwen3"": 1}"	"{""bm25"": 0.43067655807339306, ""eos_compact_q4_fp16_o200"": 0.0, ""eos_dense"": 0.0, ""hybrid_minmax_blend_a050"": 0.0, ""mxbai"": 1.0, ""qwen3"": 1.0}"	"{""bm25"": 1.0, ""eos_compact_q4_fp16_o200"": 0.0, ""eos_dense"": 0.0, ""hybrid_minmax_blend_a050"": 1.0, ""mxbai"": 1.0, ""qwen3"": 1.0}"	"{""bm25"": ""480590"", ""eos_compact_q4_fp16_o200"": ""351518"", ""eos_dense"": ""351518"", ""hybrid_minmax_blend_a050"": ""351518"", ""mxbai"": ""574327"", ""qwen3"": ""574327""}"
fiqa	7801	2	True	True	False	False	"{""bm25"": 1, ""eos_compact_q4_fp16_o200"": 0, ""eos_dense"": 0, ""hybrid_minmax_blend_a050"": 2, ""mxbai"": 2, ""qwen3"": 1}"	"{""bm25"": 1.0, ""eos_compact_q4_fp16_o200"": 0.0, ""eos_dense"": 0.0, ""hybrid_minmax_blend_a050"": 0.6052602440527058, ""mxbai"": 0.6934264036172708, ""qwen3"": 0.7977228895450267}"	"{""bm25"": 1.0, ""eos_compact_q4_fp16_o200"": 0.0, ""eos_dense"": 0.0, ""hybrid_minmax_blend_a050"": 1.0, ""mxbai"": 1.0, ""qwen3"": 1.0}"	"{""bm25"": ""427592"", ""eos_compact_q4_fp16_o200"": ""419060"", ""eos_dense"": ""419060"", ""hybrid_minmax_blend_a050"": ""419060"", ""mxbai"": ""235323"", ""qwen3"": ""252574""}"
fiqa	7803	2	True	False	False	False	"{""bm25"": 24, ""eos_compact_q4_fp16_o200"": 19, ""eos_dense"": 19, ""hybrid_minmax_blend_a050"": 13, ""mxbai"": 14, ""qwen3"": 25}"	"{""bm25"": 0.0, ""eos_compact_q4_fp16_o200"": 0.0, ""eos_dense"": 0.0, ""hybrid_minmax_blend_a050"": 0.0, ""mxbai"": 0.0, ""qwen3"": 0.0}"	"{""bm25"": 0.5, ""eos_compact_q4_fp16_o200"": 0.5, ""eos_dense"": 0.5, ""hybrid_minmax_blend_a050"": 0.5, ""mxbai"": 1.0, ""qwen3"": 1.0}"	"{""bm25"": ""16292"", ""eos_compact_q4_fp16_o200"": ""278102"", ""eos_dense"": ""278102"", ""hybrid_minmax_blend_a050"": ""371621"", ""mxbai"": ""331598"", ""qwen3"": ""131989""}"
fiqa	7823	3	True	True	True	True	"{""bm25"": 1, ""eos_compact_q4_fp16_o200"": 0, ""eos_dense"": 0, ""hybrid_minmax_blend_a050"": 2, ""mxbai"": 1, ""qwen3"": 1}"	"{""bm25"": 0.7653606369886218, ""eos_compact_q4_fp16_o200"": 0.0, ""eos_dense"": 0.0, ""hybrid_minmax_blend_a050"": 0.2960819109658653, ""mxbai"": 0.6105456988825856, ""qwen3"": 0.7653606369886218}"	"{""bm25"": 0.6666666666666666, ""eos_compact_q4_fp16_o200"": 0.0, ""eos_dense"": 0.0, ""hybrid_minmax_blend_a050"": 0.6666666666666666, ""mxbai"": 1.0, ""qwen3"": 1.0}"	"{""bm25"": ""451196"", ""eos_compact_q4_fp16_o200"": ""268731"", ""eos_dense"": ""268731"", ""hybrid_minmax_blend_a050"": ""268731"", ""mxbai"": ""451196"", ""qwen3"": ""451196""}"
fiqa	7876	1	False	True	False	True	"{""bm25"": 15, ""eos_compact_q4_fp16_o200"": 9, ""eos_dense"": 9, ""hybrid_minmax_blend_a050"": 4, ""mxbai"": 5, ""qwen3"": 3}"	"{""bm25"": 0.0, ""eos_compact_q4_fp16_o200"": 0.3010299956639812, ""eos_dense"": 0.3010299956639812, ""hybrid_minmax_blend_a050"": 0.43067655807339306, ""mxbai"": 0.38685280723454163, ""qwen3"": 0.5}"	"{""bm25"": 1.0, ""eos_compact_q4_fp16_o200"": 1.0, ""eos_dense"": 1.0, ""hybrid_minmax_blend_a050"": 1.0, ""mxbai"": 1.0, ""qwen3"": 1.0}"	"{""bm25"": ""80024"", ""eos_compact_q4_fp16_o200"": ""80024"", ""eos_dense"": ""80024"", ""hybrid_minmax_blend_a050"": ""80024"", ""mxbai"": ""80024"", ""qwen3"": ""80024""}"
fiqa	7879	3	True	False	False	False	"{""bm25"": 23, ""eos_compact_q4_fp16_o200"": 0, ""eos_dense"": 0, ""hybrid_minmax_blend_a050"": 58, ""mxbai"": 3, ""qwen3"": 31}"	"{""bm25"": 0.0, ""eos_compact_q4_fp16_o200"": 0.0, ""eos_dense"": 0.0, ""hybrid_minmax_blend_a050"": 0.0, ""mxbai"": 0.23463936301137828, ""qwen3"": 0.0}"	"{""bm25"": 0.3333333333333333, ""eos_compact_q4_fp16_o200"": 0.0, ""eos_dense"": 0.0, ""hybrid_minmax_blend_a050"": 0.3333333333333333, ""mxbai"": 0.3333333333333333, ""qwen3"": 0.3333333333333333}"	"{""bm25"": ""17823"", ""eos_compact_q4_fp16_o200"": ""248799"", ""eos_dense"": ""248799"", ""hybrid_minmax_blend_a050"": ""593879"", ""mxbai"": ""388252"", ""qwen3"": ""43088""}"
fiqa	7880	2	True	False	False	False	"{""bm25"": 15, ""eos_compact_q4_fp16_o200"": 0, ""eos_dense"": 0, ""hybrid_minmax_blend_a050"": 29, ""mxbai"": 6, ""qwen3"": 71}"	"{""bm25"": 0.0, ""eos_compact_q4_fp16_o200"": 0.0, ""eos_dense"": 0.0, ""hybrid_minmax_blend_a050"": 0.0, ""mxbai"": 0.2184074368181642, ""qwen3"": 0.0}"	"{""bm25"": 0.5, ""eos_compact_q4_fp16_o200"": 0.0, ""eos_dense"": 0.0, ""hybrid_minmax_blend_a050"": 0.5, ""mxbai"": 1.0, ""qwen3"": 0.5}"	"{""bm25"": ""205280"", ""eos_compact_q4_fp16_o200"": ""469553"", ""eos_dense"": ""469553"", ""hybrid_minmax_blend_a050"": ""469553"", ""mxbai"": ""148721"", ""qwen3"": ""36534""}"
fiqa	7911	2	False	True	True	True	"{""bm25"": 1, ""eos_compact_q4_fp16_o200"": 7, ""eos_dense"": 7, ""hybrid_minmax_blend_a050"": 1, ""mxbai"": 1, ""qwen3"": 1}"	"{""bm25"": 0.9197207891481877, ""eos_compact_q4_fp16_o200"": 0.20438239758848614, ""eos_dense"": 0.20438239758848614, ""hybrid_minmax_blend_a050"": 0.9197207891481877, ""mxbai"": 1.0, ""qwen3"": 1.0}"	"{""bm25"": 1.0, ""eos_compact_q4_fp16_o200"": 1.0, ""eos_dense"": 1.0, ""hybrid_minmax_blend_a050"": 1.0, ""mxbai"": 1.0, ""qwen3"": 1.0}"	"{""bm25"": ""57711"", ""eos_compact_q4_fp16_o200"": ""58875"", ""eos_dense"": ""58875"", ""hybrid_minmax_blend_a050"": ""57711"", ""mxbai"": ""57711"", ""qwen3"": ""57711""}"
fiqa	7925	6	True	True	False	False	"{""bm25"": 15, ""eos_compact_q4_fp16_o200"": 73, ""eos_dense"": 73, ""hybrid_minmax_blend_a050"": 20, ""mxbai"": 7, ""qwen3"": 4}"	"{""bm25"": 0.0, ""eos_compact_q4_fp16_o200"": 0.0, ""eos_dense"": 0.0, ""hybrid_minmax_blend_a050"": 0.0, ""mxbai"": 0.10086747116627115, ""qwen3"": 0.13032376591037065}"	"{""bm25"": 0.3333333333333333, ""eos_compact_q4_fp16_o200"": 0.3333333333333333, ""eos_dense"": 0.3333333333333333, ""hybrid_minmax_blend_a050"": 0.3333333333333333, ""mxbai"": 0.3333333333333333, ""qwen3"": 0.3333333333333333}"	"{""bm25"": ""457294"", ""eos_compact_q4_fp16_o200"": ""303724"", ""eos_dense"": ""303724"", ""hybrid_minmax_blend_a050"": ""303724"", ""mxbai"": ""581579"", ""qwen3"": ""568200""}"
fiqa	7928	4	True	False	False	False	"{""bm25"": 16, ""eos_compact_q4_fp16_o200"": 19, ""eos_dense"": 19, ""hybrid_minmax_blend_a050"": 27, ""mxbai"": 2, ""qwen3"": 16}"	"{""bm25"": 0.0, ""eos_compact_q4_fp16_o200"": 0.0, ""eos_dense"": 0.0, ""hybrid_minmax_blend_a050"": 0.0, ""mxbai"": 0.24630238874073, ""qwen3"": 0.0}"	"{""bm25"": 0.25, ""eos_compact_q4_fp16_o200"": 0.75, ""eos_dense"": 0.75, ""hybrid_minmax_blend_a050"": 1.0, ""mxbai"": 1.0, ""qwen3"": 0.75}"	"{""bm25"": ""67415"", ""eos_compact_q4_fp16_o200"": ""410404"", ""eos_dense"": ""410404"", ""hybrid_minmax_blend_a050"": ""410404"", ""mxbai"": ""410404"", ""qwen3"": ""66219""}"
fiqa	7936	3	True	True	False	False	"{""bm25"": 5, ""eos_compact_q4_fp16_o200"": 13, ""eos_dense"": 13, ""hybrid_minmax_blend_a050"": 6, ""mxbai"": 2, ""qwen3"": 1}"	"{""bm25"": 0.348702247503555, ""eos_compact_q4_fp16_o200"": 0.0, ""eos_dense"": 0.0, ""hybrid_minmax_blend_a050"": 0.16716045496620233, ""mxbai"": 0.6256646589861505, ""qwen3"": 0.6173196815056892}"	"{""bm25"": 1.0, ""eos_compact_q4_fp16_o200"": 0.3333333333333333, ""eos_dense"": 0.3333333333333333, ""hybrid_minmax_blend_a050"": 1.0, ""mxbai"": 1.0, ""qwen3"": 1.0}"	"{""bm25"": ""281533"", ""eos_compact_q4_fp16_o200"": ""281533"", ""eos_dense"": ""281533"", ""hybrid_minmax_blend_a050"": ""281533"", ""mxbai"": ""5257"", ""qwen3"": ""363043""}"
fiqa	7992	2	True	False	False	True	"{""bm25"": 9, ""eos_compact_q4_fp16_o200"": 63, ""eos_dense"": 62, ""hybrid_minmax_blend_a050"": 29, ""mxbai"": 21, ""qwen3"": 10}"	"{""bm25"": 0.1845756967795682, ""eos_compact_q4_fp16_o200"": 0.0, ""eos_dense"": 0.0, ""hybrid_minmax_blend_a050"": 0.0, ""mxbai"": 0.0, ""qwen3"": 0.17723928678404777}"	"{""bm25"": 0.5, ""eos_compact_q4_fp16_o200"": 0.5, ""eos_dense"": 0.5, ""hybrid_minmax_blend_a050"": 0.5, ""mxbai"": 1.0, ""qwen3"": 1.0}"	"{""bm25"": ""132601"", ""eos_compact_q4_fp16_o200"": ""235399"", ""eos_dense"": ""235399"", ""hybrid_minmax_blend_a050"": ""233394"", ""mxbai"": ""132601"", ""qwen3"": ""132601""}"
fiqa	8002	3	False	True	True	True	"{""bm25"": 6, ""eos_compact_q4_fp16_o200"": 1, ""eos_dense"": 1, ""hybrid_minmax_blend_a050"": 2, ""mxbai"": 1, ""qwen3"": 1}"	"{""bm25"": 0.16716045496620233, ""eos_compact_q4_fp16_o200"": 0.46927872602275655, ""eos_dense"": 0.46927872602275655, ""hybrid_minmax_blend_a050"": 0.2960819109658653, ""mxbai"": 0.7653606369886218, ""qwen3"": 0.625704968030342}"	"{""bm25"": 0.3333333333333333, ""eos_compact_q4_fp16_o200"": 0.6666666666666666, ""eos_dense"": 0.6666666666666666, ""hybrid_minmax_blend_a050"": 0.3333333333333333, ""mxbai"": 1.0, ""qwen3"": 1.0}"	"{""bm25"": ""217006"", ""eos_compact_q4_fp16_o200"": ""118786"", ""eos_dense"": ""118786"", ""hybrid_minmax_blend_a050"": ""217006"", ""mxbai"": ""118786"", ""qwen3"": ""118786""}"
fiqa	8005	1	True	False	False	False	"{""bm25"": 0, ""eos_compact_q4_fp16_o200"": 0, ""eos_dense"": 0, ""hybrid_minmax_blend_a050"": 0, ""mxbai"": 0, ""qwen3"": 75}"	"{""bm25"": 0.0, ""eos_compact_q4_fp16_o200"": 0.0, ""eos_dense"": 0.0, ""hybrid_minmax_blend_a050"": 0.0, ""mxbai"": 0.0, ""qwen3"": 0.0}"	"{""bm25"": 0.0, ""eos_compact_q4_fp16_o200"": 0.0, ""eos_dense"": 0.0, ""hybrid_minmax_blend_a050"": 0.0, ""mxbai"": 0.0, ""qwen3"": 1.0}"	"{""bm25"": ""27930"", ""eos_compact_q4_fp16_o200"": ""211810"", ""eos_dense"": ""211810"", ""hybrid_minmax_blend_a050"": ""27930"", ""mxbai"": ""148721"", ""qwen3"": ""172703""}"
fiqa	8013	2	True	False	False	False	"{""bm25"": 0, ""eos_compact_q4_fp16_o200"": 0, ""eos_dense"": 0, ""hybrid_minmax_blend_a050"": 0, ""mxbai"": 0, ""qwen3"": 30}"	"{""bm25"": 0.0, ""eos_compact_q4_fp16_o200"": 0.0, ""eos_dense"": 0.0, ""hybrid_minmax_blend_a050"": 0.0, ""mxbai"": 0.0, ""qwen3"": 0.0}"	"{""bm25"": 0.0, ""eos_compact_q4_fp16_o200"": 0.0, ""eos_dense"": 0.0, ""hybrid_minmax_blend_a050"": 0.0, ""mxbai"": 0.0, ""qwen3"": 0.5}"	"{""bm25"": ""562046"", ""eos_compact_q4_fp16_o200"": ""565765"", ""eos_dense"": ""565765"", ""hybrid_minmax_blend_a050"": ""583918"", ""mxbai"": ""278607"", ""qwen3"": ""48678""}"
fiqa	8017	1	True	False	False	False	"{""bm25"": 97, ""eos_compact_q4_fp16_o200"": 0, ""eos_dense"": 0, ""hybrid_minmax_blend_a050"": 0, ""mxbai"": 31, ""qwen3"": 1}"	"{""bm25"": 0.0, ""eos_compact_q4_fp16_o200"": 0.0, ""eos_dense"": 0.0, ""hybrid_minmax_blend_a050"": 0.0, ""mxbai"": 0.0, ""qwen3"": 1.0}"	"{""bm25"": 1.0, ""eos_compact_q4_fp16_o200"": 0.0, ""eos_dense"": 0.0, ""hybrid_minmax_blend_a050"": 0.0, ""mxbai"": 1.0, ""qwen3"": 1.0}"	"{""bm25"": ""345199"", ""eos_compact_q4_fp16_o200"": ""212960"", ""eos_dense"": ""212960"", ""hybrid_minmax_blend_a050"": ""212960"", ""mxbai"": ""200212"", ""qwen3"": ""97836""}"
fiqa	8034	1	True	False	False	False	"{""bm25"": 0, ""eos_compact_q4_fp16_o200"": 0, ""eos_dense"": 0, ""hybrid_minmax_blend_a050"": 0, ""mxbai"": 0, ""qwen3"": 6}"	"{""bm25"": 0.0, ""eos_compact_q4_fp16_o200"": 0.0, ""eos_dense"": 0.0, ""hybrid_minmax_blend_a050"": 0.0, ""mxbai"": 0.0, ""qwen3"": 0.3562071871080222}"	"{""bm25"": 0.0, ""eos_compact_q4_fp16_o200"": 0.0, ""eos_dense"": 0.0, ""hybrid_minmax_blend_a050"": 0.0, ""mxbai"": 0.0, ""qwen3"": 1.0}"	"{""bm25"": ""282376"", ""eos_compact_q4_fp16_o200"": ""355871"", ""eos_dense"": ""355871"", ""hybrid_minmax_blend_a050"": ""282376"", ""mxbai"": ""81865"", ""qwen3"": ""110608""}"
fiqa	8040	1	False	True	False	False	"{""bm25"": 1, ""eos_compact_q4_fp16_o200"": 2, ""eos_dense"": 2, ""hybrid_minmax_blend_a050"": 2, ""mxbai"": 2, ""qwen3"": 1}"	"{""bm25"": 1.0, ""eos_compact_q4_fp16_o200"": 0.6309297535714574, ""eos_dense"": 0.6309297535714574, ""hybrid_minmax_blend_a050"": 0.6309297535714574, ""mxbai"": 0.6309297535714574, ""qwen3"": 1.0}"	"{""bm25"": 1.0, ""eos_compact_q4_fp16_o200"": 1.0, ""eos_dense"": 1.0, ""hybrid_minmax_blend_a050"": 1.0, ""mxbai"": 1.0, ""qwen3"": 1.0}"	"{""bm25"": ""523058"", ""eos_compact_q4_fp16_o200"": ""15631"", ""eos_dense"": ""15631"", ""hybrid_minmax_blend_a050"": ""15631"", ""mxbai"": ""15631"", ""qwen3"": ""523058""}"
fiqa	8072	3	False	True	False	False	"{""bm25"": 1, ""eos_compact_q4_fp16_o200"": 1, ""eos_dense"": 1, ""hybrid_minmax_blend_a050"": 1, ""mxbai"": 2, ""qwen3"": 8}"	"{""bm25"": 0.6049306994552044, ""eos_compact_q4_fp16_o200"": 0.46927872602275655, ""eos_dense"": 0.46927872602275655, ""hybrid_minmax_blend_a050"": 0.625704968030342, ""mxbai"": 0.2960819109658653, ""qwen3"": 0.14804095548293264}"	"{""bm25"": 1.0, ""eos_compact_q4_fp16_o200"": 0.6666666666666666, ""eos_dense"": 0.6666666666666666, ""hybrid_minmax_blend_a050"": 1.0, ""mxbai"": 1.0, ""qwen3"": 1.0}"	"{""bm25"": ""31465"", ""eos_compact_q4_fp16_o200"": ""31465"", ""eos_dense"": ""31465"", ""hybrid_minmax_blend_a050"": ""31465"", ""mxbai"": ""183419"", ""qwen3"": ""472537""}"
fiqa	8079	3	False	True	True	True	"{""bm25"": 3, ""eos_compact_q4_fp16_o200"": 8, ""eos_dense"": 8, ""hybrid_minmax_blend_a050"": 4, ""mxbai"": 1, ""qwen3"": 1}"	"{""bm25"": 0.23463936301137828, ""eos_compact_q4_fp16_o200"": 0.14804095548293264, ""eos_dense"": 0.14804095548293264, ""hybrid_minmax_blend_a050"": 0.20210734650054762, ""mxbai"": 0.6508205185601093, ""qwen3"": 0.8072467605676947}"	"{""bm25"": 0.6666666666666666, ""eos_compact_q4_fp16_o200"": 1.0, ""eos_dense"": 1.0, ""hybrid_minmax_blend_a050"": 1.0, ""mxbai"": 1.0, ""qwen3"": 1.0}"	"{""bm25"": ""125940"", ""eos_compact_q4_fp16_o200"": ""125940"", ""eos_dense"": ""125940"", ""hybrid_minmax_blend_a050"": ""125940"", ""mxbai"": ""95278"", ""qwen3"": ""95278""}"
fiqa	8102	4	True	True	False	False	"{""bm25"": 32, ""eos_compact_q4_fp16_o200"": 17, ""eos_dense"": 17, ""hybrid_minmax_blend_a050"": 35, ""mxbai"": 1, ""qwen3"": 5}"	"{""bm25"": 0.0, ""eos_compact_q4_fp16_o200"": 0.0, ""eos_dense"": 0.0, ""hybrid_minmax_blend_a050"": 0.0, ""mxbai"": 0.39038004999210174, ""qwen3"": 0.15101961822780527}"	"{""bm25"": 0.25, ""eos_compact_q4_fp16_o200"": 0.25, ""eos_dense"": 0.25, ""hybrid_minmax_blend_a050"": 0.5, ""mxbai"": 0.25, ""qwen3"": 0.5}"	"{""bm25"": ""171819"", ""eos_compact_q4_fp16_o200"": ""102757"", ""eos_dense"": ""102757"", ""hybrid_minmax_blend_a050"": ""171819"", ""mxbai"": ""557877"", ""qwen3"": ""41852""}"
fiqa	8116	2	True	True	False	False	"{""bm25"": 98, ""eos_compact_q4_fp16_o200"": 39, ""eos_dense"": 39, ""hybrid_minmax_blend_a050"": 67, ""mxbai"": 4, ""qwen3"": 1}"	"{""bm25"": 0.0, ""eos_compact_q4_fp16_o200"": 0.0, ""eos_dense"": 0.0, ""hybrid_minmax_blend_a050"": 0.0, ""mxbai"": 0.5012658353418872, ""qwen3"": 0.6131471927654585}"	"{""bm25"": 0.5, ""eos_compact_q4_fp16_o200"": 1.0, ""eos_dense"": 1.0, ""hybrid_minmax_blend_a050"": 1.0, ""mxbai"": 1.0, ""qwen3"": 1.0}"	"{""bm25"": ""98150"", ""eos_compact_q4_fp16_o200"": ""251604"", ""eos_dense"": ""251604"", ""hybrid_minmax_blend_a050"": ""483191"", ""mxbai"": ""251604"", ""qwen3"": ""433032""}"
fiqa	8121	1	True	True	False	False	"{""bm25"": 0, ""eos_compact_q4_fp16_o200"": 0, ""eos_dense"": 0, ""hybrid_minmax_blend_a050"": 0, ""mxbai"": 9, ""qwen3"": 1}"	"{""bm25"": 0.0, ""eos_compact_q4_fp16_o200"": 0.0, ""eos_dense"": 0.0, ""hybrid_minmax_blend_a050"": 0.0, ""mxbai"": 0.3010299956639812, ""qwen3"": 1.0}"	"{""bm25"": 0.0, ""eos_compact_q4_fp16_o200"": 0.0, ""eos_dense"": 0.0, ""hybrid_minmax_blend_a050"": 0.0, ""mxbai"": 1.0, ""qwen3"": 1.0}"	"{""bm25"": ""260085"", ""eos_compact_q4_fp16_o200"": ""165695"", ""eos_dense"": ""165695"", ""hybrid_minmax_blend_a050"": ""165695"", ""mxbai"": ""305516"", ""qwen3"": ""432424""}"
fiqa	8202	2	True	False	False	False	"{""bm25"": 0, ""eos_compact_q4_fp16_o200"": 0, ""eos_dense"": 0, ""hybrid_minmax_blend_a050"": 0, ""mxbai"": 0, ""qwen3"": 0}"	"{""bm25"": 0.0, ""eos_compact_q4_fp16_o200"": 0.0, ""eos_dense"": 0.0, ""hybrid_minmax_blend_a050"": 0.0, ""mxbai"": 0.0, ""qwen3"": 0.0}"	"{""bm25"": 0.0, ""eos_compact_q4_fp16_o200"": 0.0, ""eos_dense"": 0.0, ""hybrid_minmax_blend_a050"": 0.0, ""mxbai"": 0.0, ""qwen3"": 0.0}"	"{""bm25"": ""231295"", ""eos_compact_q4_fp16_o200"": ""104901"", ""eos_dense"": ""104901"", ""hybrid_minmax_blend_a050"": ""104901"", ""mxbai"": ""122542"", ""qwen3"": ""41271""}"
fiqa	8230	2	True	True	False	True	"{""bm25"": 27, ""eos_compact_q4_fp16_o200"": 0, ""eos_dense"": 0, ""hybrid_minmax_blend_a050"": 71, ""mxbai"": 3, ""qwen3"": 6}"	"{""bm25"": 0.0, ""eos_compact_q4_fp16_o200"": 0.0, ""eos_dense"": 0.0, ""hybrid_minmax_blend_a050"": 0.0, ""mxbai"": 0.30657359638272924, ""qwen3"": 0.2184074368181642}"	"{""bm25"": 0.5, ""eos_compact_q4_fp16_o200"": 0.0, ""eos_dense"": 0.0, ""hybrid_minmax_blend_a050"": 0.5, ""mxbai"": 0.5, ""qwen3"": 1.0}"	"{""bm25"": ""281419"", ""eos_compact_q4_fp16_o200"": ""161895"", ""eos_dense"": ""161895"", ""hybrid_minmax_blend_a050"": ""347521"", ""mxbai"": ""261640"", ""qwen3"": ""261640""}"
fiqa	8247	4	True	False	False	False	"{""bm25"": 0, ""eos_compact_q4_fp16_o200"": 0, ""eos_dense"": 0, ""hybrid_minmax_blend_a050"": 0, ""mxbai"": 1, ""qwen3"": 99}"	"{""bm25"": 0.0, ""eos_compact_q4_fp16_o200"": 0.0, ""eos_dense"": 0.0, ""hybrid_minmax_blend_a050"": 0.0, ""mxbai"": 0.39038004999210174, ""qwen3"": 0.0}"	"{""bm25"": 0.0, ""eos_compact_q4_fp16_o200"": 0.0, ""eos_dense"": 0.0, ""hybrid_minmax_blend_a050"": 0.0, ""mxbai"": 1.0, ""qwen3"": 0.25}"	"{""bm25"": ""437907"", ""eos_compact_q4_fp16_o200"": ""153112"", ""eos_dense"": ""153112"", ""hybrid_minmax_blend_a050"": ""437907"", ""mxbai"": ""321114"", ""qwen3"": ""492053""}"
fiqa	8271	2	True	True	True	True	"{""bm25"": 1, ""eos_compact_q4_fp16_o200"": 0, ""eos_dense"": 0, ""hybrid_minmax_blend_a050"": 2, ""mxbai"": 1, ""qwen3"": 1}"	"{""bm25"": 0.6131471927654585, ""eos_compact_q4_fp16_o200"": 0.0, ""eos_dense"": 0.0, ""hybrid_minmax_blend_a050"": 0.38685280723454163, ""mxbai"": 0.6131471927654585, ""qwen3"": 0.6131471927654585}"	"{""bm25"": 0.5, ""eos_compact_q4_fp16_o200"": 0.0, ""eos_dense"": 0.0, ""hybrid_minmax_blend_a050"": 0.5, ""mxbai"": 0.5, ""qwen3"": 0.5}"	"{""bm25"": ""376709"", ""eos_compact_q4_fp16_o200"": ""40714"", ""eos_dense"": ""40714"", ""hybrid_minmax_blend_a050"": ""40714"", ""mxbai"": ""376709"", ""qwen3"": ""376709""}"
fiqa	8275	1	True	True	False	False	"{""bm25"": 72, ""eos_compact_q4_fp16_o200"": 13, ""eos_dense"": 13, ""hybrid_minmax_blend_a050"": 19, ""mxbai"": 5, ""qwen3"": 10}"	"{""bm25"": 0.0, ""eos_compact_q4_fp16_o200"": 0.0, ""eos_dense"": 0.0, ""hybrid_minmax_blend_a050"": 0.0, ""mxbai"": 0.38685280723454163, ""qwen3"": 0.2890648263178879}"	"{""bm25"": 1.0, ""eos_compact_q4_fp16_o200"": 1.0, ""eos_dense"": 1.0, ""hybrid_minmax_blend_a050"": 1.0, ""mxbai"": 1.0, ""qwen3"": 1.0}"	"{""bm25"": ""369166"", ""eos_compact_q4_fp16_o200"": ""548278"", ""eos_dense"": ""548278"", ""hybrid_minmax_blend_a050"": ""369166"", ""mxbai"": ""369166"", ""qwen3"": ""435963""}"
fiqa	8296	2	False	True	True	True	"{""bm25"": 2, ""eos_compact_q4_fp16_o200"": 8, ""eos_dense"": 8, ""hybrid_minmax_blend_a050"": 3, ""mxbai"": 1, ""qwen3"": 1}"	"{""bm25"": 0.38685280723454163, ""eos_compact_q4_fp16_o200"": 0.19342640361727081, ""eos_dense"": 0.19342640361727081, ""hybrid_minmax_blend_a050"": 0.30657359638272924, ""mxbai"": 1.0, ""qwen3"": 0.9197207891481877}"	"{""bm25"": 1.0, ""eos_compact_q4_fp16_o200"": 1.0, ""eos_dense"": 1.0, ""hybrid_minmax_blend_a050"": 1.0, ""mxbai"": 1.0, ""qwen3"": 1.0}"	"{""bm25"": ""432424"", ""eos_compact_q4_fp16_o200"": ""9832"", ""eos_dense"": ""9832"", ""hybrid_minmax_blend_a050"": ""432424"", ""mxbai"": ""78675"", ""qwen3"": ""78675""}"
fiqa	8332	3	True	True	True	True	"{""bm25"": 17, ""eos_compact_q4_fp16_o200"": 48, ""eos_dense"": 48, ""hybrid_minmax_blend_a050"": 23, ""mxbai"": 1, ""qwen3"": 1}"	"{""bm25"": 0.0, ""eos_compact_q4_fp16_o200"": 0.0, ""eos_dense"": 0.0, ""hybrid_minmax_blend_a050"": 0.0, ""mxbai"": 0.7585866543655182, ""qwen3"": 0.9469024295259745}"	"{""bm25"": 0.6666666666666666, ""eos_compact_q4_fp16_o200"": 0.6666666666666666, ""eos_dense"": 0.6666666666666666, ""hybrid_minmax_blend_a050"": 0.6666666666666666, ""mxbai"": 1.0, ""qwen3"": 1.0}"	"{""bm25"": ""13260"", ""eos_compact_q4_fp16_o200"": ""150080"", ""eos_dense"": ""150080"", ""hybrid_minmax_blend_a050"": ""499811"", ""mxbai"": ""445526"", ""qwen3"": ""445526""}"
fiqa	8351	2	True	True	False	False	"{""bm25"": 1, ""eos_compact_q4_fp16_o200"": 50, ""eos_dense"": 50, ""hybrid_minmax_blend_a050"": 2, ""mxbai"": 1, ""qwen3"": 2}"	"{""bm25"": 0.6131471927654585, ""eos_compact_q4_fp16_o200"": 0.0, ""eos_dense"": 0.0, ""hybrid_minmax_blend_a050"": 0.38685280723454163, ""mxbai"": 0.6131471927654585, ""qwen3"": 0.38685280723454163}"	"{""bm25"": 0.5, ""eos_compact_q4_fp16_o200"": 0.5, ""eos_dense"": 0.5, ""hybrid_minmax_blend_a050"": 0.5, ""mxbai"": 0.5, ""qwen3"": 0.5}"	"{""bm25"": ""273142"", ""eos_compact_q4_fp16_o200"": ""333674"", ""eos_dense"": ""333674"", ""hybrid_minmax_blend_a050"": ""399903"", ""mxbai"": ""273142"", ""qwen3"": ""300139""}"
fiqa	8378	3	True	True	False	False	"{""bm25"": 46, ""eos_compact_q4_fp16_o200"": 50, ""eos_dense"": 50, ""hybrid_minmax_blend_a050"": 50, ""mxbai"": 2, ""qwen3"": 4}"	"{""bm25"": 0.0, ""eos_compact_q4_fp16_o200"": 0.0, ""eos_dense"": 0.0, ""hybrid_minmax_blend_a050"": 0.0, ""mxbai"": 0.2960819109658653, ""qwen3"": 0.20210734650054762}"	"{""bm25"": 0.6666666666666666, ""eos_compact_q4_fp16_o200"": 0.6666666666666666, ""eos_dense"": 0.6666666666666666, ""hybrid_minmax_blend_a050"": 0.6666666666666666, ""mxbai"": 0.6666666666666666, ""qwen3"": 0.6666666666666666}"	"{""bm25"": ""294573"", ""eos_compact_q4_fp16_o200"": ""457795"", ""eos_dense"": ""457795"", ""hybrid_minmax_blend_a050"": ""294573"", ""mxbai"": ""511678"", ""qwen3"": ""434812""}"
fiqa	8456	3	False	True	True	True	"{""bm25"": 1, ""eos_compact_q4_fp16_o200"": 3, ""eos_dense"": 3, ""hybrid_minmax_blend_a050"": 1, ""mxbai"": 1, ""qwen3"": 1}"	"{""bm25"": 0.46927872602275655, ""eos_compact_q4_fp16_o200"": 0.23463936301137828, ""eos_dense"": 0.23463936301137828, ""hybrid_minmax_blend_a050"": 0.46927872602275655, ""mxbai"": 0.46927872602275655, ""qwen3"": 0.46927872602275655}"	"{""bm25"": 0.3333333333333333, ""eos_compact_q4_fp16_o200"": 0.3333333333333333, ""eos_dense"": 0.3333333333333333, ""hybrid_minmax_blend_a050"": 0.3333333333333333, ""mxbai"": 0.6666666666666666, ""qwen3"": 0.6666666666666666}"	"{""bm25"": ""257853"", ""eos_compact_q4_fp16_o200"": ""555276"", ""eos_dense"": ""555276"", ""hybrid_minmax_blend_a050"": ""257853"", ""mxbai"": ""257853"", ""qwen3"": ""257853""}"
fiqa	8475	7	False	True	True	True	"{""bm25"": 1, ""eos_compact_q4_fp16_o200"": 4, ""eos_dense"": 4, ""hybrid_minmax_blend_a050"": 1, ""mxbai"": 1, ""qwen3"": 1}"	"{""bm25"": 0.5666867828578932, ""eos_compact_q4_fp16_o200"": 0.11838279295536293, ""eos_dense"": 0.11838279295536293, ""hybrid_minmax_blend_a050"": 0.4483039899025303, ""mxbai"": 0.9083745556952363, ""qwen3"": 0.8104616303452685}"	"{""bm25"": 0.7142857142857143, ""eos_compact_q4_fp16_o200"": 0.7142857142857143, ""eos_dense"": 0.7142857142857143, ""hybrid_minmax_blend_a050"": 0.8571428571428571, ""mxbai"": 0.8571428571428571, ""qwen3"": 0.8571428571428571}"	"{""bm25"": ""494655"", ""eos_compact_q4_fp16_o200"": ""584627"", ""eos_dense"": ""584627"", ""hybrid_minmax_blend_a050"": ""494655"", ""mxbai"": ""494655"", ""qwen3"": ""494655""}"
fiqa	8507	3	True	False	False	False	"{""bm25"": 39, ""eos_compact_q4_fp16_o200"": 95, ""eos_dense"": 95, ""hybrid_minmax_blend_a050"": 60, ""mxbai"": 97, ""qwen3"": 6}"	"{""bm25"": 0.0, ""eos_compact_q4_fp16_o200"": 0.0, ""eos_dense"": 0.0, ""hybrid_minmax_blend_a050"": 0.0, ""mxbai"": 0.0, ""qwen3"": 0.16716045496620233}"	"{""bm25"": 0.3333333333333333, ""eos_compact_q4_fp16_o200"": 0.3333333333333333, ""eos_dense"": 0.3333333333333333, ""hybrid_minmax_blend_a050"": 0.3333333333333333, ""mxbai"": 0.3333333333333333, ""qwen3"": 0.6666666666666666}"	"{""bm25"": ""554568"", ""eos_compact_q4_fp16_o200"": ""303724"", ""eos_dense"": ""303724"", ""hybrid_minmax_blend_a050"": ""554568"", ""mxbai"": ""217837"", ""qwen3"": ""27015""}"
fiqa	8512	1	True	False	False	True	"{""bm25"": 26, ""eos_compact_q4_fp16_o200"": 0, ""eos_dense"": 0, ""hybrid_minmax_blend_a050"": 74, ""mxbai"": 12, ""qwen3"": 2}"	"{""bm25"": 0.0, ""eos_compact_q4_fp16_o200"": 0.0, ""eos_dense"": 0.0, ""hybrid_minmax_blend_a050"": 0.0, ""mxbai"": 0.0, ""qwen3"": 0.6309297535714574}"	"{""bm25"": 1.0, ""eos_compact_q4_fp16_o200"": 0.0, ""eos_dense"": 0.0, ""hybrid_minmax_blend_a050"": 1.0, ""mxbai"": 1.0, ""qwen3"": 1.0}"	"{""bm25"": ""66626"", ""eos_compact_q4_fp16_o200"": ""66626"", ""eos_dense"": ""66626"", ""hybrid_minmax_blend_a050"": ""66626"", ""mxbai"": ""469809"", ""qwen3"": ""469809""}"
fiqa	8513	1	True	False	False	False	"{""bm25"": 0, ""eos_compact_q4_fp16_o200"": 0, ""eos_dense"": 0, ""hybrid_minmax_blend_a050"": 0, ""mxbai"": 0, ""qwen3"": 0}"	"{""bm25"": 0.0, ""eos_compact_q4_fp16_o200"": 0.0, ""eos_dense"": 0.0, ""hybrid_minmax_blend_a050"": 0.0, ""mxbai"": 0.0, ""qwen3"": 0.0}"	"{""bm25"": 0.0, ""eos_compact_q4_fp16_o200"": 0.0, ""eos_dense"": 0.0, ""hybrid_minmax_blend_a050"": 0.0, ""mxbai"": 0.0, ""qwen3"": 0.0}"	"{""bm25"": ""363178"", ""eos_compact_q4_fp16_o200"": ""421248"", ""eos_dense"": ""421248"", ""hybrid_minmax_blend_a050"": ""421248"", ""mxbai"": ""275171"", ""qwen3"": ""175821""}"
fiqa	8532	3	True	False	False	False	"{""bm25"": 34, ""eos_compact_q4_fp16_o200"": 0, ""eos_dense"": 0, ""hybrid_minmax_blend_a050"": 88, ""mxbai"": 16, ""qwen3"": 1}"	"{""bm25"": 0.0, ""eos_compact_q4_fp16_o200"": 0.0, ""eos_dense"": 0.0, ""hybrid_minmax_blend_a050"": 0.0, ""mxbai"": 0.0, ""qwen3"": 0.7653606369886218}"	"{""bm25"": 0.3333333333333333, ""eos_compact_q4_fp16_o200"": 0.0, ""eos_dense"": 0.0, ""hybrid_minmax_blend_a050"": 0.3333333333333333, ""mxbai"": 1.0, ""qwen3"": 1.0}"	"{""bm25"": ""84422"", ""eos_compact_q4_fp16_o200"": ""299367"", ""eos_dense"": ""299367"", ""hybrid_minmax_blend_a050"": ""299367"", ""mxbai"": ""349974"", ""qwen3"": ""27401""}"
fiqa	8537	1	False	True	False	False	"{""bm25"": 90, ""eos_compact_q4_fp16_o200"": 7, ""eos_dense"": 7, ""hybrid_minmax_blend_a050"": 9, ""mxbai"": 9, ""qwen3"": 2}"	"{""bm25"": 0.0, ""eos_compact_q4_fp16_o200"": 0.3333333333333333, ""eos_dense"": 0.3333333333333333, ""hybrid_minmax_blend_a050"": 0.3010299956639812, ""mxbai"": 0.3010299956639812, ""qwen3"": 0.6309297535714574}"	"{""bm25"": 1.0, ""eos_compact_q4_fp16_o200"": 1.0, ""eos_dense"": 1.0, ""hybrid_minmax_blend_a050"": 1.0, ""mxbai"": 1.0, ""qwen3"": 1.0}"	"{""bm25"": ""72024"", ""eos_compact_q4_fp16_o200"": ""72024"", ""eos_dense"": ""72024"", ""hybrid_minmax_blend_a050"": ""72024"", ""mxbai"": ""100628"", ""qwen3"": ""538505""}"
fiqa	8539	4	True	True	False	False	"{""bm25"": 0, ""eos_compact_q4_fp16_o200"": 0, ""eos_dense"": 0, ""hybrid_minmax_blend_a050"": 0, ""mxbai"": 1, ""qwen3"": 9}"	"{""bm25"": 0.0, ""eos_compact_q4_fp16_o200"": 0.0, ""eos_dense"": 0.0, ""hybrid_minmax_blend_a050"": 0.0, ""mxbai"": 0.5585075862632193, ""qwen3"": 0.11751610475642715}"	"{""bm25"": 0.0, ""eos_compact_q4_fp16_o200"": 0.0, ""eos_dense"": 0.0, ""hybrid_minmax_blend_a050"": 0.0, ""mxbai"": 0.5, ""qwen3"": 0.5}"	"{""bm25"": ""469599"", ""eos_compact_q4_fp16_o200"": ""483123"", ""eos_dense"": ""483123"", ""hybrid_minmax_blend_a050"": ""469599"", ""mxbai"": ""218728"", ""qwen3"": ""471817""}"
fiqa	8544	2	True	True	True	True	"{""bm25"": 4, ""eos_compact_q4_fp16_o200"": 29, ""eos_dense"": 29, ""hybrid_minmax_blend_a050"": 5, ""mxbai"": 1, ""qwen3"": 1}"	"{""bm25"": 0.2640681225725909, ""eos_compact_q4_fp16_o200"": 0.0, ""eos_dense"": 0.0, ""hybrid_minmax_blend_a050"": 0.23719771276929624, ""mxbai"": 0.6131471927654585, ""qwen3"": 0.6131471927654585}"	"{""bm25"": 0.5, ""eos_compact_q4_fp16_o200"": 0.5, ""eos_dense"": 0.5, ""hybrid_minmax_blend_a050"": 0.5, ""mxbai"": 1.0, ""qwen3"": 1.0}"	"{""bm25"": ""507828"", ""eos_compact_q4_fp16_o200"": ""292045"", ""eos_dense"": ""292045"", ""hybrid_minmax_blend_a050"": ""502164"", ""mxbai"": ""214003"", ""qwen3"": ""214003""}"
fiqa	8592	3	False	True	False	False	"{""bm25"": 5, ""eos_compact_q4_fp16_o200"": 1, ""eos_dense"": 1, ""hybrid_minmax_blend_a050"": 1, ""mxbai"": 8, ""qwen3"": 4}"	"{""bm25"": 0.1815417925373527, ""eos_compact_q4_fp16_o200"": 0.46927872602275655, ""eos_dense"": 0.46927872602275655, ""hybrid_minmax_blend_a050"": 0.46927872602275655, ""mxbai"": 0.14804095548293264, ""qwen3"": 0.20210734650054762}"	"{""bm25"": 0.3333333333333333, ""eos_compact_q4_fp16_o200"": 0.6666666666666666, ""eos_dense"": 0.6666666666666666, ""hybrid_minmax_blend_a050"": 0.6666666666666666, ""mxbai"": 1.0, ""qwen3"": 1.0}"	"{""bm25"": ""193717"", ""eos_compact_q4_fp16_o200"": ""261258"", ""eos_dense"": ""261258"", ""hybrid_minmax_blend_a050"": ""261258"", ""mxbai"": ""193717"", ""qwen3"": ""492321""}"
fiqa	8632	2	True	True	False	False	"{""bm25"": 7, ""eos_compact_q4_fp16_o200"": 15, ""eos_dense"": 15, ""hybrid_minmax_blend_a050"": 7, ""mxbai"": 3, ""qwen3"": 4}"	"{""bm25"": 0.20438239758848614, ""eos_compact_q4_fp16_o200"": 0.0, ""eos_dense"": 0.0, ""hybrid_minmax_blend_a050"": 0.20438239758848614, ""mxbai"": 0.30657359638272924, ""qwen3"": 0.4574945261898617}"	"{""bm25"": 0.5, ""eos_compact_q4_fp16_o200"": 1.0, ""eos_dense"": 1.0, ""hybrid_minmax_blend_a050"": 0.5, ""mxbai"": 0.5, ""qwen3"": 1.0}"	"{""bm25"": ""237718"", ""eos_compact_q4_fp16_o200"": ""212025"", ""eos_dense"": ""212025"", ""hybrid_minmax_blend_a050"": ""193717"", ""mxbai"": ""340730"", ""qwen3"": ""200784""}"
fiqa	8635	2	True	False	False	False	"{""bm25"": 0, ""eos_compact_q4_fp16_o200"": 0, ""eos_dense"": 0, ""hybrid_minmax_blend_a050"": 0, ""mxbai"": 0, ""qwen3"": 0}"	"{""bm25"": 0.0, ""eos_compact_q4_fp16_o200"": 0.0, ""eos_dense"": 0.0, ""hybrid_minmax_blend_a050"": 0.0, ""mxbai"": 0.0, ""qwen3"": 0.0}"	"{""bm25"": 0.0, ""eos_compact_q4_fp16_o200"": 0.0, ""eos_dense"": 0.0, ""hybrid_minmax_blend_a050"": 0.0, ""mxbai"": 0.0, ""qwen3"": 0.0}"	"{""bm25"": ""144200"", ""eos_compact_q4_fp16_o200"": ""403092"", ""eos_dense"": ""403092"", ""hybrid_minmax_blend_a050"": ""502567"", ""mxbai"": ""150080"", ""qwen3"": ""151238""}"
fiqa	8702	3	False	True	True	False	"{""bm25"": 2, ""eos_compact_q4_fp16_o200"": 1, ""eos_dense"": 1, ""hybrid_minmax_blend_a050"": 1, ""mxbai"": 1, ""qwen3"": 1}"	"{""bm25"": 0.49818925746641285, ""eos_compact_q4_fp16_o200"": 0.46927872602275655, ""eos_dense"": 0.46927872602275655, ""hybrid_minmax_blend_a050"": 0.6508205185601093, ""mxbai"": 0.7039180890341348, ""qwen3"": 0.7039180890341348}"	"{""bm25"": 0.6666666666666666, ""eos_compact_q4_fp16_o200"": 0.6666666666666666, ""eos_dense"": 0.6666666666666666, ""hybrid_minmax_blend_a050"": 0.6666666666666666, ""mxbai"": 1.0, ""qwen3"": 1.0}"	"{""bm25"": ""6771"", ""eos_compact_q4_fp16_o200"": ""135363"", ""eos_dense"": ""135363"", ""hybrid_minmax_blend_a050"": ""135363"", ""mxbai"": ""135363"", ""qwen3"": ""157759""}"
fiqa	8779	2	True	True	False	True	"{""bm25"": 9, ""eos_compact_q4_fp16_o200"": 0, ""eos_dense"": 0, ""hybrid_minmax_blend_a050"": 18, ""mxbai"": 6, ""qwen3"": 7}"	"{""bm25"": 0.1845756967795682, ""eos_compact_q4_fp16_o200"": 0.0, ""eos_dense"": 0.0, ""hybrid_minmax_blend_a050"": 0.0, ""mxbai"": 0.2184074368181642, ""qwen3"": 0.20438239758848614}"	"{""bm25"": 1.0, ""eos_compact_q4_fp16_o200"": 0.0, ""eos_dense"": 0.0, ""hybrid_minmax_blend_a050"": 1.0, ""mxbai"": 1.0, ""qwen3"": 1.0}"	"{""bm25"": ""258440"", ""eos_compact_q4_fp16_o200"": ""460905"", ""eos_dense"": ""460905"", ""hybrid_minmax_blend_a050"": ""460905"", ""mxbai"": ""420511"", ""qwen3"": ""420511""}"
fiqa	8789	3	False	True	True	True	"{""bm25"": 1, ""eos_compact_q4_fp16_o200"": 1, ""eos_dense"": 1, ""hybrid_minmax_blend_a050"": 1, ""mxbai"": 1, ""qwen3"": 1}"	"{""bm25"": 0.7653606369886218, ""eos_compact_q4_fp16_o200"": 0.6173196815056892, ""eos_dense"": 0.6173196815056892, ""hybrid_minmax_blend_a050"": 0.7653606369886218, ""mxbai"": 0.7653606369886218, ""qwen3"": 0.7653606369886218}"	"{""bm25"": 0.6666666666666666, ""eos_compact_q4_fp16_o200"": 1.0, ""eos_dense"": 1.0, ""hybrid_minmax_blend_a050"": 1.0, ""mxbai"": 1.0, ""qwen3"": 1.0}"	"{""bm25"": ""87349"", ""eos_compact_q4_fp16_o200"": ""87349"", ""eos_dense"": ""87349"", ""hybrid_minmax_blend_a050"": ""87349"", ""mxbai"": ""87349"", ""qwen3"": ""87349""}"
fiqa	8795	1	False	True	True	True	"{""bm25"": 1, ""eos_compact_q4_fp16_o200"": 3, ""eos_dense"": 3, ""hybrid_minmax_blend_a050"": 1, ""mxbai"": 1, ""qwen3"": 1}"	"{""bm25"": 1.0, ""eos_compact_q4_fp16_o200"": 0.5, ""eos_dense"": 0.5, ""hybrid_minmax_blend_a050"": 1.0, ""mxbai"": 1.0, ""qwen3"": 1.0}"	"{""bm25"": 1.0, ""eos_compact_q4_fp16_o200"": 1.0, ""eos_dense"": 1.0, ""hybrid_minmax_blend_a050"": 1.0, ""mxbai"": 1.0, ""qwen3"": 1.0}"	"{""bm25"": ""57297"", ""eos_compact_q4_fp16_o200"": ""47738"", ""eos_dense"": ""47738"", ""hybrid_minmax_blend_a050"": ""57297"", ""mxbai"": ""57297"", ""qwen3"": ""57297""}"
fiqa	8832	1	True	True	True	True	"{""bm25"": 16, ""eos_compact_q4_fp16_o200"": 0, ""eos_dense"": 0, ""hybrid_minmax_blend_a050"": 47, ""mxbai"": 1, ""qwen3"": 1}"	"{""bm25"": 0.0, ""eos_compact_q4_fp16_o200"": 0.0, ""eos_dense"": 0.0, ""hybrid_minmax_blend_a050"": 0.0, ""mxbai"": 1.0, ""qwen3"": 1.0}"	"{""bm25"": 1.0, ""eos_compact_q4_fp16_o200"": 0.0, ""eos_dense"": 0.0, ""hybrid_minmax_blend_a050"": 1.0, ""mxbai"": 1.0, ""qwen3"": 1.0}"	"{""bm25"": ""244813"", ""eos_compact_q4_fp16_o200"": ""279775"", ""eos_dense"": ""279775"", ""hybrid_minmax_blend_a050"": ""386796"", ""mxbai"": ""94689"", ""qwen3"": ""94689""}"
fiqa	8834	6	True	True	False	False	"{""bm25"": 11, ""eos_compact_q4_fp16_o200"": 0, ""eos_dense"": 0, ""hybrid_minmax_blend_a050"": 21, ""mxbai"": 5, ""qwen3"": 1}"	"{""bm25"": 0.0, ""eos_compact_q4_fp16_o200"": 0.0, ""eos_dense"": 0.0, ""hybrid_minmax_blend_a050"": 0.0, ""mxbai"": 0.41140458397539986, ""qwen3"": 0.3026024134988135}"	"{""bm25"": 0.3333333333333333, ""eos_compact_q4_fp16_o200"": 0.0, ""eos_dense"": 0.0, ""hybrid_minmax_blend_a050"": 0.16666666666666666, ""mxbai"": 0.8333333333333334, ""qwen3"": 0.6666666666666666}"	"{""bm25"": ""268802"", ""eos_compact_q4_fp16_o200"": ""301609"", ""eos_dense"": ""301609"", ""hybrid_minmax_blend_a050"": ""471686"", ""mxbai"": ""569224"", ""qwen3"": ""203139""}"
fiqa	8855	3	True	False	False	False	"{""bm25"": 0, ""eos_compact_q4_fp16_o200"": 0, ""eos_dense"": 0, ""hybrid_minmax_blend_a050"": 0, ""mxbai"": 28, ""qwen3"": 0}"	"{""bm25"": 0.0, ""eos_compact_q4_fp16_o200"": 0.0, ""eos_dense"": 0.0, ""hybrid_minmax_blend_a050"": 0.0, ""mxbai"": 0.0, ""qwen3"": 0.0}"	"{""bm25"": 0.0, ""eos_compact_q4_fp16_o200"": 0.0, ""eos_dense"": 0.0, ""hybrid_minmax_blend_a050"": 0.0, ""mxbai"": 1.0, ""qwen3"": 0.0}"	"{""bm25"": ""201391"", ""eos_compact_q4_fp16_o200"": ""92284"", ""eos_dense"": ""92284"", ""hybrid_minmax_blend_a050"": ""341148"", ""mxbai"": ""328477"", ""qwen3"": ""879""}"
fiqa	8874	1	False	False	False	False	"{""bm25"": 13, ""eos_compact_q4_fp16_o200"": 4, ""eos_dense"": 4, ""hybrid_minmax_blend_a050"": 4, ""mxbai"": 22, ""qwen3"": 20}"	"{""bm25"": 0.0, ""eos_compact_q4_fp16_o200"": 0.43067655807339306, ""eos_dense"": 0.43067655807339306, ""hybrid_minmax_blend_a050"": 0.43067655807339306, ""mxbai"": 0.0, ""qwen3"": 0.0}"	"{""bm25"": 1.0, ""eos_compact_q4_fp16_o200"": 1.0, ""eos_dense"": 1.0, ""hybrid_minmax_blend_a050"": 1.0, ""mxbai"": 1.0, ""qwen3"": 1.0}"	"{""bm25"": ""151037"", ""eos_compact_q4_fp16_o200"": ""151037"", ""eos_dense"": ""151037"", ""hybrid_minmax_blend_a050"": ""151037"", ""mxbai"": ""50250"", ""qwen3"": ""140267""}"
fiqa	8934	2	True	True	False	False	"{""bm25"": 3, ""eos_compact_q4_fp16_o200"": 29, ""eos_dense"": 29, ""hybrid_minmax_blend_a050"": 9, ""mxbai"": 1, ""qwen3"": 2}"	"{""bm25"": 0.30657359638272924, ""eos_compact_q4_fp16_o200"": 0.0, ""eos_dense"": 0.0, ""hybrid_minmax_blend_a050"": 0.1845756967795682, ""mxbai"": 0.6131471927654585, ""qwen3"": 0.5714285040141098}"	"{""bm25"": 1.0, ""eos_compact_q4_fp16_o200"": 0.5, ""eos_dense"": 0.5, ""hybrid_minmax_blend_a050"": 1.0, ""mxbai"": 1.0, ""qwen3"": 1.0}"	"{""bm25"": ""67253"", ""eos_compact_q4_fp16_o200"": ""428315"", ""eos_dense"": ""428315"", ""hybrid_minmax_blend_a050"": ""428315"", ""mxbai"": ""244334"", ""qwen3"": ""408610""}"
fiqa	8937	1	True	False	False	True	"{""bm25"": 0, ""eos_compact_q4_fp16_o200"": 0, ""eos_dense"": 0, ""hybrid_minmax_blend_a050"": 0, ""mxbai"": 11, ""qwen3"": 2}"	"{""bm25"": 0.0, ""eos_compact_q4_fp16_o200"": 0.0, ""eos_dense"": 0.0, ""hybrid_minmax_blend_a050"": 0.0, ""mxbai"": 0.0, ""qwen3"": 0.6309297535714574}"	"{""bm25"": 0.0, ""eos_compact_q4_fp16_o200"": 0.0, ""eos_dense"": 0.0, ""hybrid_minmax_blend_a050"": 0.0, ""mxbai"": 1.0, ""qwen3"": 1.0}"	"{""bm25"": ""453582"", ""eos_compact_q4_fp16_o200"": ""46291"", ""eos_dense"": ""46291"", ""hybrid_minmax_blend_a050"": ""502164"", ""mxbai"": ""163630"", ""qwen3"": ""163630""}"
fiqa	8947	2	True	True	False	False	"{""bm25"": 0, ""eos_compact_q4_fp16_o200"": 0, ""eos_dense"": 0, ""hybrid_minmax_blend_a050"": 0, ""mxbai"": 1, ""qwen3"": 2}"	"{""bm25"": 0.0, ""eos_compact_q4_fp16_o200"": 0.0, ""eos_dense"": 0.0, ""hybrid_minmax_blend_a050"": 0.0, ""mxbai"": 0.6131471927654585, ""qwen3"": 0.38685280723454163}"	"{""bm25"": 0.0, ""eos_compact_q4_fp16_o200"": 0.0, ""eos_dense"": 0.0, ""hybrid_minmax_blend_a050"": 0.0, ""mxbai"": 0.5, ""qwen3"": 1.0}"	"{""bm25"": ""53996"", ""eos_compact_q4_fp16_o200"": ""553031"", ""eos_dense"": ""553031"", ""hybrid_minmax_blend_a050"": ""553031"", ""mxbai"": ""461592"", ""qwen3"": ""179408""}"
fiqa	8959	1	True	False	False	True	"{""bm25"": 4, ""eos_compact_q4_fp16_o200"": 0, ""eos_dense"": 0, ""hybrid_minmax_blend_a050"": 14, ""mxbai"": 16, ""qwen3"": 16}"	"{""bm25"": 0.43067655807339306, ""eos_compact_q4_fp16_o200"": 0.0, ""eos_dense"": 0.0, ""hybrid_minmax_blend_a050"": 0.0, ""mxbai"": 0.0, ""qwen3"": 0.0}"	"{""bm25"": 1.0, ""eos_compact_q4_fp16_o200"": 0.0, ""eos_dense"": 0.0, ""hybrid_minmax_blend_a050"": 1.0, ""mxbai"": 1.0, ""qwen3"": 1.0}"	"{""bm25"": ""11509"", ""eos_compact_q4_fp16_o200"": ""52221"", ""eos_dense"": ""52221"", ""hybrid_minmax_blend_a050"": ""52221"", ""mxbai"": ""52221"", ""qwen3"": ""52221""}"
fiqa	8970	2	True	True	False	False	"{""bm25"": 4, ""eos_compact_q4_fp16_o200"": 13, ""eos_dense"": 13, ""hybrid_minmax_blend_a050"": 3, ""mxbai"": 1, ""qwen3"": 2}"	"{""bm25"": 0.2640681225725909, ""eos_compact_q4_fp16_o200"": 0.0, ""eos_dense"": 0.0, ""hybrid_minmax_blend_a050"": 0.30657359638272924, ""mxbai"": 0.9197207891481877, ""qwen3"": 0.6934264036172708}"	"{""bm25"": 1.0, ""eos_compact_q4_fp16_o200"": 0.5, ""eos_dense"": 0.5, ""hybrid_minmax_blend_a050"": 1.0, ""mxbai"": 1.0, ""qwen3"": 1.0}"	"{""bm25"": ""424679"", ""eos_compact_q4_fp16_o200"": ""43781"", ""eos_dense"": ""43781"", ""hybrid_minmax_blend_a050"": ""424679"", ""mxbai"": ""96121"", ""qwen3"": ""595298""}"
fiqa	8974	8	False	True	True	True	"{""bm25"": 4, ""eos_compact_q4_fp16_o200"": 5, ""eos_dense"": 5, ""hybrid_minmax_blend_a050"": 1, ""mxbai"": 1, ""qwen3"": 1}"	"{""bm25"": 0.1089364926177559, ""eos_compact_q4_fp16_o200"": 0.1879516032875281, ""eos_dense"": 0.1879516032875281, ""hybrid_minmax_blend_a050"": 0.41253177989255346, ""mxbai"": 0.48867512060993695, ""qwen3"": 0.3794140541514857}"	"{""bm25"": 0.25, ""eos_compact_q4_fp16_o200"": 0.375, ""eos_dense"": 0.375, ""hybrid_minmax_blend_a050"": 0.375, ""mxbai"": 0.75, ""qwen3"": 0.625}"	"{""bm25"": ""437706"", ""eos_compact_q4_fp16_o200"": ""423754"", ""eos_dense"": ""423754"", ""hybrid_minmax_blend_a050"": ""216365"", ""mxbai"": ""134931"", ""qwen3"": ""134931""}"
fiqa	8982	2	True	False	False	False	"{""bm25"": 0, ""eos_compact_q4_fp16_o200"": 36, ""eos_dense"": 36, ""hybrid_minmax_blend_a050"": 63, ""mxbai"": 2, ""qwen3"": 13}"	"{""bm25"": 0.0, ""eos_compact_q4_fp16_o200"": 0.0, ""eos_dense"": 0.0, ""hybrid_minmax_blend_a050"": 0.0, ""mxbai"": 0.38685280723454163, ""qwen3"": 0.0}"	"{""bm25"": 0.0, ""eos_compact_q4_fp16_o200"": 0.5, ""eos_dense"": 0.5, ""hybrid_minmax_blend_a050"": 0.5, ""mxbai"": 0.5, ""qwen3"": 1.0}"	"{""bm25"": ""370244"", ""eos_compact_q4_fp16_o200"": ""392465"", ""eos_dense"": ""392465"", ""hybrid_minmax_blend_a050"": ""370244"", ""mxbai"": ""472663"", ""qwen3"": ""392465""}"
fiqa	9060	2	True	False	False	False	"{""bm25"": 13, ""eos_compact_q4_fp16_o200"": 0, ""eos_dense"": 0, ""hybrid_minmax_blend_a050"": 27, ""mxbai"": 1, ""qwen3"": 36}"	"{""bm25"": 0.0, ""eos_compact_q4_fp16_o200"": 0.0, ""eos_dense"": 0.0, ""hybrid_minmax_blend_a050"": 0.0, ""mxbai"": 0.6131471927654585, ""qwen3"": 0.0}"	"{""bm25"": 0.5, ""eos_compact_q4_fp16_o200"": 0.0, ""eos_dense"": 0.0, ""hybrid_minmax_blend_a050"": 0.5, ""mxbai"": 1.0, ""qwen3"": 0.5}"	"{""bm25"": ""181924"", ""eos_compact_q4_fp16_o200"": ""428800"", ""eos_dense"": ""428800"", ""hybrid_minmax_blend_a050"": ""294688"", ""mxbai"": ""511093"", ""qwen3"": ""228217""}"
fiqa	9088	2	True	False	False	False	"{""bm25"": 0, ""eos_compact_q4_fp16_o200"": 0, ""eos_dense"": 0, ""hybrid_minmax_blend_a050"": 0, ""mxbai"": 2, ""qwen3"": 0}"	"{""bm25"": 0.0, ""eos_compact_q4_fp16_o200"": 0.0, ""eos_dense"": 0.0, ""hybrid_minmax_blend_a050"": 0.0, ""mxbai"": 0.38685280723454163, ""qwen3"": 0.0}"	"{""bm25"": 0.0, ""eos_compact_q4_fp16_o200"": 0.0, ""eos_dense"": 0.0, ""hybrid_minmax_blend_a050"": 0.0, ""mxbai"": 1.0, ""qwen3"": 0.0}"	"{""bm25"": ""390089"", ""eos_compact_q4_fp16_o200"": ""408553"", ""eos_dense"": ""408553"", ""hybrid_minmax_blend_a050"": ""434224"", ""mxbai"": ""167879"", ""qwen3"": ""329849""}"
fiqa	9108	2	True	False	False	False	"{""bm25"": 0, ""eos_compact_q4_fp16_o200"": 0, ""eos_dense"": 0, ""hybrid_minmax_blend_a050"": 0, ""mxbai"": 25, ""qwen3"": 29}"	"{""bm25"": 0.0, ""eos_compact_q4_fp16_o200"": 0.0, ""eos_dense"": 0.0, ""hybrid_minmax_blend_a050"": 0.0, ""mxbai"": 0.0, ""qwen3"": 0.0}"	"{""bm25"": 0.0, ""eos_compact_q4_fp16_o200"": 0.0, ""eos_dense"": 0.0, ""hybrid_minmax_blend_a050"": 0.0, ""mxbai"": 1.0, ""qwen3"": 0.5}"	"{""bm25"": ""183074"", ""eos_compact_q4_fp16_o200"": ""469141"", ""eos_dense"": ""469141"", ""hybrid_minmax_blend_a050"": ""469141"", ""mxbai"": ""46967"", ""qwen3"": ""290757""}"
fiqa	9115	3	True	True	False	True	"{""bm25"": 8, ""eos_compact_q4_fp16_o200"": 87, ""eos_dense"": 87, ""hybrid_minmax_blend_a050"": 18, ""mxbai"": 3, ""qwen3"": 2}"	"{""bm25"": 0.14804095548293264, ""eos_compact_q4_fp16_o200"": 0.0, ""eos_dense"": 0.0, ""hybrid_minmax_blend_a050"": 0.0, ""mxbai"": 0.416181155548731, ""qwen3"": 0.6256646589861505}"	"{""bm25"": 0.6666666666666666, ""eos_compact_q4_fp16_o200"": 0.3333333333333333, ""eos_dense"": 0.3333333333333333, ""hybrid_minmax_blend_a050"": 0.6666666666666666, ""mxbai"": 0.6666666666666666, ""qwen3"": 1.0}"	"{""bm25"": ""501214"", ""eos_compact_q4_fp16_o200"": ""419897"", ""eos_dense"": ""419897"", ""hybrid_minmax_blend_a050"": ""419897"", ""mxbai"": ""245082"", ""qwen3"": ""245082""}"
fiqa	9126	1	True	False	False	False	"{""bm25"": 0, ""eos_compact_q4_fp16_o200"": 0, ""eos_dense"": 0, ""hybrid_minmax_blend_a050"": 0, ""mxbai"": 33, ""qwen3"": 58}"	"{""bm25"": 0.0, ""eos_compact_q4_fp16_o200"": 0.0, ""eos_dense"": 0.0, ""hybrid_minmax_blend_a050"": 0.0, ""mxbai"": 0.0, ""qwen3"": 0.0}"	"{""bm25"": 0.0, ""eos_compact_q4_fp16_o200"": 0.0, ""eos_dense"": 0.0, ""hybrid_minmax_blend_a050"": 0.0, ""mxbai"": 1.0, ""qwen3"": 1.0}"	"{""bm25"": ""334473"", ""eos_compact_q4_fp16_o200"": ""362473"", ""eos_dense"": ""362473"", ""hybrid_minmax_blend_a050"": ""334473"", ""mxbai"": ""334473"", ""qwen3"": ""477588""}"
fiqa	9164	3	False	True	False	True	"{""bm25"": 25, ""eos_compact_q4_fp16_o200"": 7, ""eos_dense"": 7, ""hybrid_minmax_blend_a050"": 5, ""mxbai"": 4, ""qwen3"": 8}"	"{""bm25"": 0.0, ""eos_compact_q4_fp16_o200"": 0.1564262420075855, ""eos_dense"": 0.1564262420075855, ""hybrid_minmax_blend_a050"": 0.1815417925373527, ""mxbai"": 0.20210734650054762, ""qwen3"": 0.14804095548293264}"	"{""bm25"": 0.3333333333333333, ""eos_compact_q4_fp16_o200"": 0.3333333333333333, ""eos_dense"": 0.3333333333333333, ""hybrid_minmax_blend_a050"": 0.3333333333333333, ""mxbai"": 0.3333333333333333, ""qwen3"": 0.3333333333333333}"	"{""bm25"": ""309326"", ""eos_compact_q4_fp16_o200"": ""115648"", ""eos_dense"": ""115648"", ""hybrid_minmax_blend_a050"": ""115648"", ""mxbai"": ""115648"", ""qwen3"": ""115648""}"
fiqa	9174	5	True	False	False	False	"{""bm25"": 0, ""eos_compact_q4_fp16_o200"": 0, ""eos_dense"": 0, ""hybrid_minmax_blend_a050"": 0, ""mxbai"": 13, ""qwen3"": 9}"	"{""bm25"": 0.0, ""eos_compact_q4_fp16_o200"": 0.0, ""eos_dense"": 0.0, ""hybrid_minmax_blend_a050"": 0.0, ""mxbai"": 0.0, ""qwen3"": 0.10209739512291165}"	"{""bm25"": 0.0, ""eos_compact_q4_fp16_o200"": 0.0, ""eos_dense"": 0.0, ""hybrid_minmax_blend_a050"": 0.0, ""mxbai"": 0.6, ""qwen3"": 0.4}"	"{""bm25"": ""451729"", ""eos_compact_q4_fp16_o200"": ""365465"", ""eos_dense"": ""365465"", ""hybrid_minmax_blend_a050"": ""365465"", ""mxbai"": ""69419"", ""qwen3"": ""236931""}"
fiqa	9188	2	False	True	True	True	"{""bm25"": 1, ""eos_compact_q4_fp16_o200"": 1, ""eos_dense"": 1, ""hybrid_minmax_blend_a050"": 1, ""mxbai"": 1, ""qwen3"": 1}"	"{""bm25"": 0.6131471927654585, ""eos_compact_q4_fp16_o200"": 0.6131471927654585, ""eos_dense"": 0.6131471927654585, ""hybrid_minmax_blend_a050"": 0.6131471927654585, ""mxbai"": 0.6131471927654585, ""qwen3"": 0.7977228895450267}"	"{""bm25"": 0.5, ""eos_compact_q4_fp16_o200"": 0.5, ""eos_dense"": 0.5, ""hybrid_minmax_blend_a050"": 0.5, ""mxbai"": 1.0, ""qwen3"": 1.0}"	"{""bm25"": ""580802"", ""eos_compact_q4_fp16_o200"": ""580802"", ""eos_dense"": ""580802"", ""hybrid_minmax_blend_a050"": ""580802"", ""mxbai"": ""580802"", ""qwen3"": ""580802""}"
fiqa	9245	1	True	False	False	False	"{""bm25"": 0, ""eos_compact_q4_fp16_o200"": 0, ""eos_dense"": 0, ""hybrid_minmax_blend_a050"": 0, ""mxbai"": 0, ""qwen3"": 86}"	"{""bm25"": 0.0, ""eos_compact_q4_fp16_o200"": 0.0, ""eos_dense"": 0.0, ""hybrid_minmax_blend_a050"": 0.0, ""mxbai"": 0.0, ""qwen3"": 0.0}"	"{""bm25"": 0.0, ""eos_compact_q4_fp16_o200"": 0.0, ""eos_dense"": 0.0, ""hybrid_minmax_blend_a050"": 0.0, ""mxbai"": 0.0, ""qwen3"": 1.0}"	"{""bm25"": ""207253"", ""eos_compact_q4_fp16_o200"": ""340730"", ""eos_dense"": ""340730"", ""hybrid_minmax_blend_a050"": ""207253"", ""mxbai"": ""131488"", ""qwen3"": ""207253""}"
fiqa	9275	2	True	False	False	True	"{""bm25"": 0, ""eos_compact_q4_fp16_o200"": 0, ""eos_dense"": 0, ""hybrid_minmax_blend_a050"": 0, ""mxbai"": 19, ""qwen3"": 42}"	"{""bm25"": 0.0, ""eos_compact_q4_fp16_o200"": 0.0, ""eos_dense"": 0.0, ""hybrid_minmax_blend_a050"": 0.0, ""mxbai"": 0.0, ""qwen3"": 0.0}"	"{""bm25"": 0.0, ""eos_compact_q4_fp16_o200"": 0.0, ""eos_dense"": 0.0, ""hybrid_minmax_blend_a050"": 0.0, ""mxbai"": 0.5, ""qwen3"": 0.5}"	"{""bm25"": ""537916"", ""eos_compact_q4_fp16_o200"": ""400730"", ""eos_dense"": ""400730"", ""hybrid_minmax_blend_a050"": ""537916"", ""mxbai"": ""400730"", ""qwen3"": ""400730""}"
fiqa	9291	2	True	False	False	False	"{""bm25"": 8, ""eos_compact_q4_fp16_o200"": 0, ""eos_dense"": 0, ""hybrid_minmax_blend_a050"": 21, ""mxbai"": 16, ""qwen3"": 65}"	"{""bm25"": 0.19342640361727081, ""eos_compact_q4_fp16_o200"": 0.0, ""eos_dense"": 0.0, ""hybrid_minmax_blend_a050"": 0.0, ""mxbai"": 0.0, ""qwen3"": 0.0}"	"{""bm25"": 0.5, ""eos_compact_q4_fp16_o200"": 0.0, ""eos_dense"": 0.0, ""hybrid_minmax_blend_a050"": 0.5, ""mxbai"": 1.0, ""qwen3"": 0.5}"	"{""bm25"": ""266457"", ""eos_compact_q4_fp16_o200"": ""419985"", ""eos_dense"": ""419985"", ""hybrid_minmax_blend_a050"": ""88823"", ""mxbai"": ""88823"", ""qwen3"": ""236006""}"
fiqa	9296	2	True	True	False	True	"{""bm25"": 87, ""eos_compact_q4_fp16_o200"": 0, ""eos_dense"": 0, ""hybrid_minmax_blend_a050"": 0, ""mxbai"": 3, ""qwen3"": 2}"	"{""bm25"": 0.0, ""eos_compact_q4_fp16_o200"": 0.0, ""eos_dense"": 0.0, ""hybrid_minmax_blend_a050"": 0.0, ""mxbai"": 0.30657359638272924, ""qwen3"": 0.38685280723454163}"	"{""bm25"": 0.5, ""eos_compact_q4_fp16_o200"": 0.0, ""eos_dense"": 0.0, ""hybrid_minmax_blend_a050"": 0.0, ""mxbai"": 1.0, ""qwen3"": 1.0}"	"{""bm25"": ""148721"", ""eos_compact_q4_fp16_o200"": ""99568"", ""eos_dense"": ""99568"", ""hybrid_minmax_blend_a050"": ""148721"", ""mxbai"": ""408524"", ""qwen3"": ""408524""}"
fiqa	9329	2	True	True	True	True	"{""bm25"": 1, ""eos_compact_q4_fp16_o200"": 0, ""eos_dense"": 0, ""hybrid_minmax_blend_a050"": 2, ""mxbai"": 1, ""qwen3"": 1}"	"{""bm25"": 0.6131471927654585, ""eos_compact_q4_fp16_o200"": 0.0, ""eos_dense"": 0.0, ""hybrid_minmax_blend_a050"": 0.38685280723454163, ""mxbai"": 0.6131471927654585, ""qwen3"": 0.7977228895450267}"	"{""bm25"": 0.5, ""eos_compact_q4_fp16_o200"": 0.0, ""eos_dense"": 0.0, ""hybrid_minmax_blend_a050"": 0.5, ""mxbai"": 0.5, ""qwen3"": 1.0}"	"{""bm25"": ""326991"", ""eos_compact_q4_fp16_o200"": ""422453"", ""eos_dense"": ""422453"", ""hybrid_minmax_blend_a050"": ""422453"", ""mxbai"": ""326991"", ""qwen3"": ""326991""}"
fiqa	9332	1	True	False	False	False	"{""bm25"": 0, ""eos_compact_q4_fp16_o200"": 0, ""eos_dense"": 0, ""hybrid_minmax_blend_a050"": 0, ""mxbai"": 21, ""qwen3"": 4}"	"{""bm25"": 0.0, ""eos_compact_q4_fp16_o200"": 0.0, ""eos_dense"": 0.0, ""hybrid_minmax_blend_a050"": 0.0, ""mxbai"": 0.0, ""qwen3"": 0.43067655807339306}"	"{""bm25"": 0.0, ""eos_compact_q4_fp16_o200"": 0.0, ""eos_dense"": 0.0, ""hybrid_minmax_blend_a050"": 0.0, ""mxbai"": 1.0, ""qwen3"": 1.0}"	"{""bm25"": ""173088"", ""eos_compact_q4_fp16_o200"": ""184042"", ""eos_dense"": ""184042"", ""hybrid_minmax_blend_a050"": ""184042"", ""mxbai"": ""184042"", ""qwen3"": ""157729""}"
fiqa	9381	2	True	False	False	False	"{""bm25"": 3, ""eos_compact_q4_fp16_o200"": 60, ""eos_dense"": 60, ""hybrid_minmax_blend_a050"": 3, ""mxbai"": 59, ""qwen3"": 2}"	"{""bm25"": 0.30657359638272924, ""eos_compact_q4_fp16_o200"": 0.0, ""eos_dense"": 0.0, ""hybrid_minmax_blend_a050"": 0.30657359638272924, ""mxbai"": 0.0, ""qwen3"": 0.6934264036172708}"	"{""bm25"": 0.5, ""eos_compact_q4_fp16_o200"": 0.5, ""eos_dense"": 0.5, ""hybrid_minmax_blend_a050"": 0.5, ""mxbai"": 0.5, ""qwen3"": 1.0}"	"{""bm25"": ""548467"", ""eos_compact_q4_fp16_o200"": ""403085"", ""eos_dense"": ""403085"", ""hybrid_minmax_blend_a050"": ""8857"", ""mxbai"": ""230355"", ""qwen3"": ""528518""}"
fiqa	9385	1	True	True	False	False	"{""bm25"": 3, ""eos_compact_q4_fp16_o200"": 0, ""eos_dense"": 0, ""hybrid_minmax_blend_a050"": 4, ""mxbai"": 2, ""qwen3"": 2}"	"{""bm25"": 0.5, ""eos_compact_q4_fp16_o200"": 0.0, ""eos_dense"": 0.0, ""hybrid_minmax_blend_a050"": 0.43067655807339306, ""mxbai"": 0.6309297535714574, ""qwen3"": 0.6309297535714574}"	"{""bm25"": 1.0, ""eos_compact_q4_fp16_o200"": 0.0, ""eos_dense"": 0.0, ""hybrid_minmax_blend_a050"": 1.0, ""mxbai"": 1.0, ""qwen3"": 1.0}"	"{""bm25"": ""61787"", ""eos_compact_q4_fp16_o200"": ""196173"", ""eos_dense"": ""196173"", ""hybrid_minmax_blend_a050"": ""196173"", ""mxbai"": ""220230"", ""qwen3"": ""549311""}"
fiqa	9391	4	True	True	False	False	"{""bm25"": 33, ""eos_compact_q4_fp16_o200"": 0, ""eos_dense"": 0, ""hybrid_minmax_blend_a050"": 68, ""mxbai"": 2, ""qwen3"": 1}"	"{""bm25"": 0.0, ""eos_compact_q4_fp16_o200"": 0.0, ""eos_dense"": 0.0, ""hybrid_minmax_blend_a050"": 0.0, ""mxbai"": 0.44149241373678083, ""qwen3"": 0.7536976112592702}"	"{""bm25"": 0.5, ""eos_compact_q4_fp16_o200"": 0.0, ""eos_dense"": 0.0, ""hybrid_minmax_blend_a050"": 0.25, ""mxbai"": 1.0, ""qwen3"": 0.75}"	"{""bm25"": ""535518"", ""eos_compact_q4_fp16_o200"": ""431775"", ""eos_dense"": ""431775"", ""hybrid_minmax_blend_a050"": ""107424"", ""mxbai"": ""535518"", ""qwen3"": ""136515""}"
fiqa	9403	3	True	False	False	False	"{""bm25"": 0, ""eos_compact_q4_fp16_o200"": 0, ""eos_dense"": 0, ""hybrid_minmax_blend_a050"": 0, ""mxbai"": 0, ""qwen3"": 0}"	"{""bm25"": 0.0, ""eos_compact_q4_fp16_o200"": 0.0, ""eos_dense"": 0.0, ""hybrid_minmax_blend_a050"": 0.0, ""mxbai"": 0.0, ""qwen3"": 0.0}"	"{""bm25"": 0.0, ""eos_compact_q4_fp16_o200"": 0.0, ""eos_dense"": 0.0, ""hybrid_minmax_blend_a050"": 0.0, ""mxbai"": 0.0, ""qwen3"": 0.0}"	"{""bm25"": ""158614"", ""eos_compact_q4_fp16_o200"": ""38473"", ""eos_dense"": ""38473"", ""hybrid_minmax_blend_a050"": ""38473"", ""mxbai"": ""410450"", ""qwen3"": ""182195""}"
fiqa	9481	2	False	True	False	True	"{""bm25"": 2, ""eos_compact_q4_fp16_o200"": 9, ""eos_dense"": 9, ""hybrid_minmax_blend_a050"": 2, ""mxbai"": 2, ""qwen3"": 3}"	"{""bm25"": 0.6240505200038378, ""eos_compact_q4_fp16_o200"": 0.1845756967795682, ""eos_dense"": 0.1845756967795682, ""hybrid_minmax_blend_a050"": 0.38685280723454163, ""mxbai"": 0.5912352048230278, ""qwen3"": 0.5437713091520254}"	"{""bm25"": 1.0, ""eos_compact_q4_fp16_o200"": 1.0, ""eos_dense"": 1.0, ""hybrid_minmax_blend_a050"": 1.0, ""mxbai"": 1.0, ""qwen3"": 1.0}"	"{""bm25"": ""132760"", ""eos_compact_q4_fp16_o200"": ""187729"", ""eos_dense"": ""187729"", ""hybrid_minmax_blend_a050"": ""132760"", ""mxbai"": ""132760"", ""qwen3"": ""132760""}"
fiqa	9487	1	True	True	False	False	"{""bm25"": 0, ""eos_compact_q4_fp16_o200"": 86, ""eos_dense"": 86, ""hybrid_minmax_blend_a050"": 0, ""mxbai"": 7, ""qwen3"": 3}"	"{""bm25"": 0.0, ""eos_compact_q4_fp16_o200"": 0.0, ""eos_dense"": 0.0, ""hybrid_minmax_blend_a050"": 0.0, ""mxbai"": 0.3333333333333333, ""qwen3"": 0.5}"	"{""bm25"": 0.0, ""eos_compact_q4_fp16_o200"": 1.0, ""eos_dense"": 1.0, ""hybrid_minmax_blend_a050"": 0.0, ""mxbai"": 1.0, ""qwen3"": 1.0}"	"{""bm25"": ""217006"", ""eos_compact_q4_fp16_o200"": ""137478"", ""eos_dense"": ""137478"", ""hybrid_minmax_blend_a050"": ""100546"", ""mxbai"": ""137478"", ""qwen3"": ""188776""}"
fiqa	9548	1	True	True	False	False	"{""bm25"": 31, ""eos_compact_q4_fp16_o200"": 22, ""eos_dense"": 22, ""hybrid_minmax_blend_a050"": 17, ""mxbai"": 1, ""qwen3"": 5}"	"{""bm25"": 0.0, ""eos_compact_q4_fp16_o200"": 0.0, ""eos_dense"": 0.0, ""hybrid_minmax_blend_a050"": 0.0, ""mxbai"": 1.0, ""qwen3"": 0.38685280723454163}"	"{""bm25"": 1.0, ""eos_compact_q4_fp16_o200"": 1.0, ""eos_dense"": 1.0, ""hybrid_minmax_blend_a050"": 1.0, ""mxbai"": 1.0, ""qwen3"": 1.0}"	"{""bm25"": ""211525"", ""eos_compact_q4_fp16_o200"": ""266194"", ""eos_dense"": ""266194"", ""hybrid_minmax_blend_a050"": ""211525"", ""mxbai"": ""297290"", ""qwen3"": ""423658""}"
fiqa	9556	1	False	True	True	True	"{""bm25"": 1, ""eos_compact_q4_fp16_o200"": 4, ""eos_dense"": 4, ""hybrid_minmax_blend_a050"": 1, ""mxbai"": 1, ""qwen3"": 1}"	"{""bm25"": 1.0, ""eos_compact_q4_fp16_o200"": 0.43067655807339306, ""eos_dense"": 0.43067655807339306, ""hybrid_minmax_blend_a050"": 1.0, ""mxbai"": 1.0, ""qwen3"": 1.0}"	"{""bm25"": 1.0, ""eos_compact_q4_fp16_o200"": 1.0, ""eos_dense"": 1.0, ""hybrid_minmax_blend_a050"": 1.0, ""mxbai"": 1.0, ""qwen3"": 1.0}"	"{""bm25"": ""37040"", ""eos_compact_q4_fp16_o200"": ""218670"", ""eos_dense"": ""218670"", ""hybrid_minmax_blend_a050"": ""37040"", ""mxbai"": ""37040"", ""qwen3"": ""37040""}"
fiqa	9565	2	True	True	True	True	"{""bm25"": 1, ""eos_compact_q4_fp16_o200"": 12, ""eos_dense"": 12, ""hybrid_minmax_blend_a050"": 1, ""mxbai"": 1, ""qwen3"": 1}"	"{""bm25"": 0.6131471927654585, ""eos_compact_q4_fp16_o200"": 0.0, ""eos_dense"": 0.0, ""hybrid_minmax_blend_a050"": 0.6131471927654585, ""mxbai"": 1.0, ""qwen3"": 1.0}"	"{""bm25"": 0.5, ""eos_compact_q4_fp16_o200"": 0.5, ""eos_dense"": 0.5, ""hybrid_minmax_blend_a050"": 0.5, ""mxbai"": 1.0, ""qwen3"": 1.0}"	"{""bm25"": ""478291"", ""eos_compact_q4_fp16_o200"": ""474512"", ""eos_dense"": ""474512"", ""hybrid_minmax_blend_a050"": ""478291"", ""mxbai"": ""478291"", ""qwen3"": ""478291""}"
fiqa	9598	1	True	True	False	False	"{""bm25"": 0, ""eos_compact_q4_fp16_o200"": 52, ""eos_dense"": 52, ""hybrid_minmax_blend_a050"": 0, ""mxbai"": 6, ""qwen3"": 3}"	"{""bm25"": 0.0, ""eos_compact_q4_fp16_o200"": 0.0, ""eos_dense"": 0.0, ""hybrid_minmax_blend_a050"": 0.0, ""mxbai"": 0.3562071871080222, ""qwen3"": 0.5}"	"{""bm25"": 0.0, ""eos_compact_q4_fp16_o200"": 1.0, ""eos_dense"": 1.0, ""hybrid_minmax_blend_a050"": 0.0, ""mxbai"": 1.0, ""qwen3"": 1.0}"	"{""bm25"": ""41176"", ""eos_compact_q4_fp16_o200"": ""220486"", ""eos_dense"": ""220486"", ""hybrid_minmax_blend_a050"": ""220486"", ""mxbai"": ""498597"", ""qwen3"": ""298350""}"
fiqa	9617	3	False	True	False	False	"{""bm25"": 7, ""eos_compact_q4_fp16_o200"": 3, ""eos_dense"": 3, ""hybrid_minmax_blend_a050"": 3, ""mxbai"": 1, ""qwen3"": 3}"	"{""bm25"": 0.2976932148674145, ""eos_compact_q4_fp16_o200"": 0.23463936301137828, ""eos_dense"": 0.23463936301137828, ""hybrid_minmax_blend_a050"": 0.37029133644382606, ""mxbai"": 0.6173196815056892, ""qwen3"": 0.4367467095119259}"	"{""bm25"": 1.0, ""eos_compact_q4_fp16_o200"": 0.6666666666666666, ""eos_dense"": 0.6666666666666666, ""hybrid_minmax_blend_a050"": 0.6666666666666666, ""mxbai"": 1.0, ""qwen3"": 0.6666666666666666}"	"{""bm25"": ""107462"", ""eos_compact_q4_fp16_o200"": ""159471"", ""eos_dense"": ""159471"", ""hybrid_minmax_blend_a050"": ""159471"", ""mxbai"": ""408524"", ""qwen3"": ""437875""}"
fiqa	9633	2	True	True	False	False	"{""bm25"": 4, ""eos_compact_q4_fp16_o200"": 0, ""eos_dense"": 0, ""hybrid_minmax_blend_a050"": 27, ""mxbai"": 2, ""qwen3"": 1}"	"{""bm25"": 0.2640681225725909, ""eos_compact_q4_fp16_o200"": 0.0, ""eos_dense"": 0.0, ""hybrid_minmax_blend_a050"": 0.0, ""mxbai"": 0.38685280723454163, ""qwen3"": 0.6131471927654585}"	"{""bm25"": 0.5, ""eos_compact_q4_fp16_o200"": 0.0, ""eos_dense"": 0.0, ""hybrid_minmax_blend_a050"": 0.5, ""mxbai"": 0.5, ""qwen3"": 0.5}"	"{""bm25"": ""162884"", ""eos_compact_q4_fp16_o200"": ""240591"", ""eos_dense"": ""240591"", ""hybrid_minmax_blend_a050"": ""240591"", ""mxbai"": ""406378"", ""qwen3"": ""534418""}"
fiqa	9643	1	True	True	False	False	"{""bm25"": 4, ""eos_compact_q4_fp16_o200"": 24, ""eos_dense"": 24, ""hybrid_minmax_blend_a050"": 4, ""mxbai"": 4, ""qwen3"": 3}"	"{""bm25"": 0.43067655807339306, ""eos_compact_q4_fp16_o200"": 0.0, ""eos_dense"": 0.0, ""hybrid_minmax_blend_a050"": 0.43067655807339306, ""mxbai"": 0.43067655807339306, ""qwen3"": 0.5}"	"{""bm25"": 1.0, ""eos_compact_q4_fp16_o200"": 1.0, ""eos_dense"": 1.0, ""hybrid_minmax_blend_a050"": 1.0, ""mxbai"": 1.0, ""qwen3"": 1.0}"	"{""bm25"": ""71230"", ""eos_compact_q4_fp16_o200"": ""270539"", ""eos_dense"": ""270539"", ""hybrid_minmax_blend_a050"": ""71230"", ""mxbai"": ""448908"", ""qwen3"": ""71230""}"
fiqa	9644	1	False	True	False	False	"{""bm25"": 6, ""eos_compact_q4_fp16_o200"": 7, ""eos_dense"": 7, ""hybrid_minmax_blend_a050"": 5, ""mxbai"": 7, ""qwen3"": 3}"	"{""bm25"": 0.3562071871080222, ""eos_compact_q4_fp16_o200"": 0.3333333333333333, ""eos_dense"": 0.3333333333333333, ""hybrid_minmax_blend_a050"": 0.38685280723454163, ""mxbai"": 0.3333333333333333, ""qwen3"": 0.5}"	"{""bm25"": 1.0, ""eos_compact_q4_fp16_o200"": 1.0, ""eos_dense"": 1.0, ""hybrid_minmax_blend_a050"": 1.0, ""mxbai"": 1.0, ""qwen3"": 1.0}"	"{""bm25"": ""72789"", ""eos_compact_q4_fp16_o200"": ""258975"", ""eos_dense"": ""258975"", ""hybrid_minmax_blend_a050"": ""333408"", ""mxbai"": ""358520"", ""qwen3"": ""364575""}"
fiqa	9646	2	True	True	False	False	"{""bm25"": 1, ""eos_compact_q4_fp16_o200"": 36, ""eos_dense"": 36, ""hybrid_minmax_blend_a050"": 1, ""mxbai"": 2, ""qwen3"": 3}"	"{""bm25"": 0.6131471927654585, ""eos_compact_q4_fp16_o200"": 0.0, ""eos_dense"": 0.0, ""hybrid_minmax_blend_a050"": 0.6131471927654585, ""mxbai"": 0.38685280723454163, ""qwen3"": 0.5109559939712154}"	"{""bm25"": 0.5, ""eos_compact_q4_fp16_o200"": 0.5, ""eos_dense"": 0.5, ""hybrid_minmax_blend_a050"": 0.5, ""mxbai"": 1.0, ""qwen3"": 1.0}"	"{""bm25"": ""272784"", ""eos_compact_q4_fp16_o200"": ""307095"", ""eos_dense"": ""307095"", ""hybrid_minmax_blend_a050"": ""272784"", ""mxbai"": ""46428"", ""qwen3"": ""251713""}"
fiqa	9668	3	True	True	False	False	"{""bm25"": 4, ""eos_compact_q4_fp16_o200"": 48, ""eos_dense"": 48, ""hybrid_minmax_blend_a050"": 6, ""mxbai"": 7, ""qwen3"": 3}"	"{""bm25"": 0.34337431936037666, ""eos_compact_q4_fp16_o200"": 0.0, ""eos_dense"": 0.0, ""hybrid_minmax_blend_a050"": 0.16716045496620233, ""mxbai"": 0.29207821544003326, ""qwen3"": 0.5239472913541399}"	"{""bm25"": 0.6666666666666666, ""eos_compact_q4_fp16_o200"": 0.6666666666666666, ""eos_dense"": 0.6666666666666666, ""hybrid_minmax_blend_a050"": 0.6666666666666666, ""mxbai"": 1.0, ""qwen3"": 1.0}"	"{""bm25"": ""393496"", ""eos_compact_q4_fp16_o200"": ""514500"", ""eos_dense"": ""514500"", ""hybrid_minmax_blend_a050"": ""350748"", ""mxbai"": ""252558"", ""qwen3"": ""421311""}"
fiqa	9701	2	True	False	False	True	"{""bm25"": 0, ""eos_compact_q4_fp16_o200"": 0, ""eos_dense"": 0, ""hybrid_minmax_blend_a050"": 0, ""mxbai"": 83, ""qwen3"": 72}"	"{""bm25"": 0.0, ""eos_compact_q4_fp16_o200"": 0.0, ""eos_dense"": 0.0, ""hybrid_minmax_blend_a050"": 0.0, ""mxbai"": 0.0, ""qwen3"": 0.0}"	"{""bm25"": 0.0, ""eos_compact_q4_fp16_o200"": 0.0, ""eos_dense"": 0.0, ""hybrid_minmax_blend_a050"": 0.0, ""mxbai"": 0.5, ""qwen3"": 0.5}"	"{""bm25"": ""473883"", ""eos_compact_q4_fp16_o200"": ""473883"", ""eos_dense"": ""473883"", ""hybrid_minmax_blend_a050"": ""473883"", ""mxbai"": ""473883"", ""qwen3"": ""473883""}"
fiqa	9733	3	True	False	False	False	"{""bm25"": 0, ""eos_compact_q4_fp16_o200"": 0, ""eos_dense"": 0, ""hybrid_minmax_blend_a050"": 0, ""mxbai"": 27, ""qwen3"": 3}"	"{""bm25"": 0.0, ""eos_compact_q4_fp16_o200"": 0.0, ""eos_dense"": 0.0, ""hybrid_minmax_blend_a050"": 0.0, ""mxbai"": 0.0, ""qwen3"": 0.23463936301137828}"	"{""bm25"": 0.0, ""eos_compact_q4_fp16_o200"": 0.0, ""eos_dense"": 0.0, ""hybrid_minmax_blend_a050"": 0.0, ""mxbai"": 0.3333333333333333, ""qwen3"": 0.3333333333333333}"	"{""bm25"": ""450132"", ""eos_compact_q4_fp16_o200"": ""364674"", ""eos_dense"": ""364674"", ""hybrid_minmax_blend_a050"": ""450132"", ""mxbai"": ""301880"", ""qwen3"": ""108965""}"
fiqa	9735	1	True	False	False	False	"{""bm25"": 0, ""eos_compact_q4_fp16_o200"": 0, ""eos_dense"": 0, ""hybrid_minmax_blend_a050"": 0, ""mxbai"": 38, ""qwen3"": 10}"	"{""bm25"": 0.0, ""eos_compact_q4_fp16_o200"": 0.0, ""eos_dense"": 0.0, ""hybrid_minmax_blend_a050"": 0.0, ""mxbai"": 0.0, ""qwen3"": 0.2890648263178879}"	"{""bm25"": 0.0, ""eos_compact_q4_fp16_o200"": 0.0, ""eos_dense"": 0.0, ""hybrid_minmax_blend_a050"": 0.0, ""mxbai"": 1.0, ""qwen3"": 1.0}"	"{""bm25"": ""476859"", ""eos_compact_q4_fp16_o200"": ""357717"", ""eos_dense"": ""357717"", ""hybrid_minmax_blend_a050"": ""357717"", ""mxbai"": ""99751"", ""qwen3"": ""534809""}"
fiqa	9737	3	True	True	True	True	"{""bm25"": 3, ""eos_compact_q4_fp16_o200"": 18, ""eos_dense"": 18, ""hybrid_minmax_blend_a050"": 3, ""mxbai"": 1, ""qwen3"": 1}"	"{""bm25"": 0.5833416105149333, ""eos_compact_q4_fp16_o200"": 0.0, ""eos_dense"": 0.0, ""hybrid_minmax_blend_a050"": 0.4017998179775806, ""mxbai"": 1.0, ""qwen3"": 0.7653606369886218}"	"{""bm25"": 1.0, ""eos_compact_q4_fp16_o200"": 0.6666666666666666, ""eos_dense"": 0.6666666666666666, ""hybrid_minmax_blend_a050"": 1.0, ""mxbai"": 1.0, ""qwen3"": 1.0}"	"{""bm25"": ""240215"", ""eos_compact_q4_fp16_o200"": ""247313"", ""eos_dense"": ""247313"", ""hybrid_minmax_blend_a050"": ""240215"", ""mxbai"": ""419897"", ""qwen3"": ""419897""}"
fiqa	9771	2	False	False	False	False	"{""bm25"": 0, ""eos_compact_q4_fp16_o200"": 5, ""eos_dense"": 5, ""hybrid_minmax_blend_a050"": 14, ""mxbai"": 0, ""qwen3"": 93}"	"{""bm25"": 0.0, ""eos_compact_q4_fp16_o200"": 0.23719771276929624, ""eos_dense"": 0.23719771276929624, ""hybrid_minmax_blend_a050"": 0.0, ""mxbai"": 0.0, ""qwen3"": 0.0}"	"{""bm25"": 0.0, ""eos_compact_q4_fp16_o200"": 0.5, ""eos_dense"": 0.5, ""hybrid_minmax_blend_a050"": 0.5, ""mxbai"": 0.0, ""qwen3"": 0.5}"	"{""bm25"": ""440482"", ""eos_compact_q4_fp16_o200"": ""159210"", ""eos_dense"": ""159210"", ""hybrid_minmax_blend_a050"": ""159210"", ""mxbai"": ""435279"", ""qwen3"": ""3075""}"
fiqa	9808	3	False	False	False	False	"{""bm25"": 22, ""eos_compact_q4_fp16_o200"": 4, ""eos_dense"": 4, ""hybrid_minmax_blend_a050"": 3, ""mxbai"": 10, ""qwen3"": 15}"	"{""bm25"": 0.0, ""eos_compact_q4_fp16_o200"": 0.20210734650054762, ""eos_dense"": 0.20210734650054762, ""hybrid_minmax_blend_a050"": 0.23463936301137828, ""mxbai"": 0.1356519734324478, ""qwen3"": 0.0}"	"{""bm25"": 0.3333333333333333, ""eos_compact_q4_fp16_o200"": 0.3333333333333333, ""eos_dense"": 0.3333333333333333, ""hybrid_minmax_blend_a050"": 0.3333333333333333, ""mxbai"": 0.3333333333333333, ""qwen3"": 0.3333333333333333}"	"{""bm25"": ""229573"", ""eos_compact_q4_fp16_o200"": ""27401"", ""eos_dense"": ""27401"", ""hybrid_minmax_blend_a050"": ""27401"", ""mxbai"": ""152719"", ""qwen3"": ""240089""}"
fiqa	9824	1	False	True	True	True	"{""bm25"": 0, ""eos_compact_q4_fp16_o200"": 2, ""eos_dense"": 2, ""hybrid_minmax_blend_a050"": 6, ""mxbai"": 1, ""qwen3"": 1}"	"{""bm25"": 0.0, ""eos_compact_q4_fp16_o200"": 0.6309297535714574, ""eos_dense"": 0.6309297535714574, ""hybrid_minmax_blend_a050"": 0.3562071871080222, ""mxbai"": 1.0, ""qwen3"": 1.0}"	"{""bm25"": 0.0, ""eos_compact_q4_fp16_o200"": 1.0, ""eos_dense"": 1.0, ""hybrid_minmax_blend_a050"": 1.0, ""mxbai"": 1.0, ""qwen3"": 1.0}"	"{""bm25"": ""373170"", ""eos_compact_q4_fp16_o200"": ""330276"", ""eos_dense"": ""330276"", ""hybrid_minmax_blend_a050"": ""466255"", ""mxbai"": ""574777"", ""qwen3"": ""574777""}"
fiqa	9871	4	False	False	False	False	"{""bm25"": 6, ""eos_compact_q4_fp16_o200"": 9, ""eos_dense"": 9, ""hybrid_minmax_blend_a050"": 1, ""mxbai"": 39, ""qwen3"": 8}"	"{""bm25"": 0.13905617951077565, ""eos_compact_q4_fp16_o200"": 0.11751610475642715, ""eos_dense"": 0.11751610475642715, ""hybrid_minmax_blend_a050"": 0.39038004999210174, ""mxbai"": 0.0, ""qwen3"": 0.123151194370365}"	"{""bm25"": 0.25, ""eos_compact_q4_fp16_o200"": 0.5, ""eos_dense"": 0.5, ""hybrid_minmax_blend_a050"": 0.5, ""mxbai"": 0.5, ""qwen3"": 0.25}"	"{""bm25"": ""363120"", ""eos_compact_q4_fp16_o200"": ""147502"", ""eos_dense"": ""147502"", ""hybrid_minmax_blend_a050"": ""76562"", ""mxbai"": ""367207"", ""qwen3"": ""73741""}"
fiqa	9882	1	True	False	False	False	"{""bm25"": 0, ""eos_compact_q4_fp16_o200"": 0, ""eos_dense"": 0, ""hybrid_minmax_blend_a050"": 0, ""mxbai"": 0, ""qwen3"": 0}"	"{""bm25"": 0.0, ""eos_compact_q4_fp16_o200"": 0.0, ""eos_dense"": 0.0, ""hybrid_minmax_blend_a050"": 0.0, ""mxbai"": 0.0, ""qwen3"": 0.0}"	"{""bm25"": 0.0, ""eos_compact_q4_fp16_o200"": 0.0, ""eos_dense"": 0.0, ""hybrid_minmax_blend_a050"": 0.0, ""mxbai"": 0.0, ""qwen3"": 0.0}"	"{""bm25"": ""241661"", ""eos_compact_q4_fp16_o200"": ""31703"", ""eos_dense"": ""31703"", ""hybrid_minmax_blend_a050"": ""31703"", ""mxbai"": ""18349"", ""qwen3"": ""29642""}"
fiqa	9925	2	False	True	True	True	"{""bm25"": 1, ""eos_compact_q4_fp16_o200"": 4, ""eos_dense"": 4, ""hybrid_minmax_blend_a050"": 2, ""mxbai"": 1, ""qwen3"": 1}"	"{""bm25"": 0.8503449055347547, ""eos_compact_q4_fp16_o200"": 0.2640681225725909, ""eos_dense"": 0.2640681225725909, ""hybrid_minmax_blend_a050"": 0.6240505200038378, ""mxbai"": 0.6131471927654585, ""qwen3"": 0.7903864795495062}"	"{""bm25"": 1.0, ""eos_compact_q4_fp16_o200"": 1.0, ""eos_dense"": 1.0, ""hybrid_minmax_blend_a050"": 1.0, ""mxbai"": 1.0, ""qwen3"": 1.0}"	"{""bm25"": ""374309"", ""eos_compact_q4_fp16_o200"": ""303489"", ""eos_dense"": ""303489"", ""hybrid_minmax_blend_a050"": ""303489"", ""mxbai"": ""374309"", ""qwen3"": ""374309""}"
fiqa	9929	2	False	True	True	True	"{""bm25"": 0, ""eos_compact_q4_fp16_o200"": 3, ""eos_dense"": 3, ""hybrid_minmax_blend_a050"": 11, ""mxbai"": 1, ""qwen3"": 1}"	"{""bm25"": 0.0, ""eos_compact_q4_fp16_o200"": 0.30657359638272924, ""eos_dense"": 0.30657359638272924, ""hybrid_minmax_blend_a050"": 0.0, ""mxbai"": 0.9197207891481877, ""qwen3"": 0.7903864795495062}"	"{""bm25"": 0.0, ""eos_compact_q4_fp16_o200"": 0.5, ""eos_dense"": 0.5, ""hybrid_minmax_blend_a050"": 0.5, ""mxbai"": 1.0, ""qwen3"": 1.0}"	"{""bm25"": ""209349"", ""eos_compact_q4_fp16_o200"": ""324273"", ""eos_dense"": ""324273"", ""hybrid_minmax_blend_a050"": ""324273"", ""mxbai"": ""266323"", ""qwen3"": ""266323""}"
fiqa	9961	1	False	False	False	True	"{""bm25"": 5, ""eos_compact_q4_fp16_o200"": 4, ""eos_dense"": 4, ""hybrid_minmax_blend_a050"": 2, ""mxbai"": 3, ""qwen3"": 27}"	"{""bm25"": 0.38685280723454163, ""eos_compact_q4_fp16_o200"": 0.43067655807339306, ""eos_dense"": 0.43067655807339306, ""hybrid_minmax_blend_a050"": 0.6309297535714574, ""mxbai"": 0.5, ""qwen3"": 0.0}"	"{""bm25"": 1.0, ""eos_compact_q4_fp16_o200"": 1.0, ""eos_dense"": 1.0, ""hybrid_minmax_blend_a050"": 1.0, ""mxbai"": 1.0, ""qwen3"": 1.0}"	"{""bm25"": ""217661"", ""eos_compact_q4_fp16_o200"": ""104134"", ""eos_dense"": ""104134"", ""hybrid_minmax_blend_a050"": ""104134"", ""mxbai"": ""104134"", ""qwen3"": ""104134""}"
fiqa	9979	4	False	True	True	True	"{""bm25"": 1, ""eos_compact_q4_fp16_o200"": 1, ""eos_dense"": 1, ""hybrid_minmax_blend_a050"": 1, ""mxbai"": 1, ""qwen3"": 1}"	"{""bm25"": 0.39038004999210174, ""eos_compact_q4_fp16_o200"": 0.39038004999210174, ""eos_dense"": 0.39038004999210174, ""hybrid_minmax_blend_a050"": 0.39038004999210174, ""mxbai"": 0.39038004999210174, ""qwen3"": 0.39038004999210174}"	"{""bm25"": 0.75, ""eos_compact_q4_fp16_o200"": 0.5, ""eos_dense"": 0.5, ""hybrid_minmax_blend_a050"": 0.5, ""mxbai"": 1.0, ""qwen3"": 0.5}"	"{""bm25"": ""35369"", ""eos_compact_q4_fp16_o200"": ""35369"", ""eos_dense"": ""35369"", ""hybrid_minmax_blend_a050"": ""35369"", ""mxbai"": ""35369"", ""qwen3"": ""35369""}"
fiqa	10034	2	True	True	True	True	"{""bm25"": 6, ""eos_compact_q4_fp16_o200"": 98, ""eos_dense"": 98, ""hybrid_minmax_blend_a050"": 15, ""mxbai"": 1, ""qwen3"": 1}"	"{""bm25"": 0.2184074368181642, ""eos_compact_q4_fp16_o200"": 0.0, ""eos_dense"": 0.0, ""hybrid_minmax_blend_a050"": 0.0, ""mxbai"": 0.6131471927654585, ""qwen3"": 0.6131471927654585}"	"{""bm25"": 0.5, ""eos_compact_q4_fp16_o200"": 0.5, ""eos_dense"": 0.5, ""hybrid_minmax_blend_a050"": 0.5, ""mxbai"": 0.5, ""qwen3"": 0.5}"	"{""bm25"": ""180146"", ""eos_compact_q4_fp16_o200"": ""104128"", ""eos_dense"": ""104128"", ""hybrid_minmax_blend_a050"": ""44955"", ""mxbai"": ""181942"", ""qwen3"": ""181942""}"
fiqa	10039	1	True	False	False	False	"{""bm25"": 0, ""eos_compact_q4_fp16_o200"": 59, ""eos_dense"": 59, ""hybrid_minmax_blend_a050"": 0, ""mxbai"": 35, ""qwen3"": 1}"	"{""bm25"": 0.0, ""eos_compact_q4_fp16_o200"": 0.0, ""eos_dense"": 0.0, ""hybrid_minmax_blend_a050"": 0.0, ""mxbai"": 0.0, ""qwen3"": 1.0}"	"{""bm25"": 0.0, ""eos_compact_q4_fp16_o200"": 1.0, ""eos_dense"": 1.0, ""hybrid_minmax_blend_a050"": 0.0, ""mxbai"": 1.0, ""qwen3"": 1.0}"	"{""bm25"": ""187124"", ""eos_compact_q4_fp16_o200"": ""173084"", ""eos_dense"": ""173084"", ""hybrid_minmax_blend_a050"": ""567531"", ""mxbai"": ""314235"", ""qwen3"": ""67785""}"
fiqa	10109	7	True	True	False	False	"{""bm25"": 1, ""eos_compact_q4_fp16_o200"": 0, ""eos_dense"": 0, ""hybrid_minmax_blend_a050"": 2, ""mxbai"": 2, ""qwen3"": 1}"	"{""bm25"": 0.4123144993714363, ""eos_compact_q4_fp16_o200"": 0.0, ""eos_dense"": 0.0, ""hybrid_minmax_blend_a050"": 0.25288473642100684, ""mxbai"": 0.3108658234453848, ""qwen3"": 0.5306972923267993}"	"{""bm25"": 0.2857142857142857, ""eos_compact_q4_fp16_o200"": 0.0, ""eos_dense"": 0.0, ""hybrid_minmax_blend_a050"": 0.2857142857142857, ""mxbai"": 0.42857142857142855, ""qwen3"": 0.7142857142857143}"	"{""bm25"": ""28314"", ""eos_compact_q4_fp16_o200"": ""570248"", ""eos_dense"": ""570248"", ""hybrid_minmax_blend_a050"": ""570248"", ""mxbai"": ""332243"", ""qwen3"": ""28314""}"
fiqa	10122	4	True	False	False	False	"{""bm25"": 0, ""eos_compact_q4_fp16_o200"": 93, ""eos_dense"": 94, ""hybrid_minmax_blend_a050"": 0, ""mxbai"": 8, ""qwen3"": 13}"	"{""bm25"": 0.0, ""eos_compact_q4_fp16_o200"": 0.0, ""eos_dense"": 0.0, ""hybrid_minmax_blend_a050"": 0.0, ""mxbai"": 0.123151194370365, ""qwen3"": 0.0}"	"{""bm25"": 0.0, ""eos_compact_q4_fp16_o200"": 0.25, ""eos_dense"": 0.25, ""hybrid_minmax_blend_a050"": 0.0, ""mxbai"": 0.75, ""qwen3"": 0.75}"	"{""bm25"": ""144261"", ""eos_compact_q4_fp16_o200"": ""187124"", ""eos_dense"": ""187124"", ""hybrid_minmax_blend_a050"": ""144261"", ""mxbai"": ""459970"", ""qwen3"": ""502495""}"
fiqa	10136	3	True	True	False	False	"{""bm25"": 0, ""eos_compact_q4_fp16_o200"": 20, ""eos_dense"": 20, ""hybrid_minmax_blend_a050"": 27, ""mxbai"": 3, ""qwen3"": 3}"	"{""bm25"": 0.0, ""eos_compact_q4_fp16_o200"": 0.0, ""eos_dense"": 0.0, ""hybrid_minmax_blend_a050"": 0.0, ""mxbai"": 0.23463936301137828, ""qwen3"": 0.3826803184943109}"	"{""bm25"": 0.0, ""eos_compact_q4_fp16_o200"": 0.3333333333333333, ""eos_dense"": 0.3333333333333333, ""hybrid_minmax_blend_a050"": 0.3333333333333333, ""mxbai"": 0.6666666666666666, ""qwen3"": 0.6666666666666666}"	"{""bm25"": ""51337"", ""eos_compact_q4_fp16_o200"": ""266239"", ""eos_dense"": ""266239"", ""hybrid_minmax_blend_a050"": ""266239"", ""mxbai"": ""393823"", ""qwen3"": ""466950""}"
fiqa	10137	1	False	True	False	False	"{""bm25"": 0, ""eos_compact_q4_fp16_o200"": 4, ""eos_dense"": 4, ""hybrid_minmax_blend_a050"": 15, ""mxbai"": 2, ""qwen3"": 4}"	"{""bm25"": 0.0, ""eos_compact_q4_fp16_o200"": 0.43067655807339306, ""eos_dense"": 0.43067655807339306, ""hybrid_minmax_blend_a050"": 0.0, ""mxbai"": 0.6309297535714574, ""qwen3"": 0.43067655807339306}"	"{""bm25"": 0.0, ""eos_compact_q4_fp16_o200"": 1.0, ""eos_dense"": 1.0, ""hybrid_minmax_blend_a050"": 1.0, ""mxbai"": 1.0, ""qwen3"": 1.0}"	"{""bm25"": ""535340"", ""eos_compact_q4_fp16_o200"": ""447303"", ""eos_dense"": ""447303"", ""hybrid_minmax_blend_a050"": ""447303"", ""mxbai"": ""308048"", ""qwen3"": ""78632""}"
fiqa	10152	1	False	True	True	True	"{""bm25"": 2, ""eos_compact_q4_fp16_o200"": 3, ""eos_dense"": 3, ""hybrid_minmax_blend_a050"": 1, ""mxbai"": 1, ""qwen3"": 1}"	"{""bm25"": 0.6309297535714574, ""eos_compact_q4_fp16_o200"": 0.5, ""eos_dense"": 0.5, ""hybrid_minmax_blend_a050"": 1.0, ""mxbai"": 1.0, ""qwen3"": 1.0}"	"{""bm25"": 1.0, ""eos_compact_q4_fp16_o200"": 1.0, ""eos_dense"": 1.0, ""hybrid_minmax_blend_a050"": 1.0, ""mxbai"": 1.0, ""qwen3"": 1.0}"	"{""bm25"": ""549181"", ""eos_compact_q4_fp16_o200"": ""39620"", ""eos_dense"": ""39620"", ""hybrid_minmax_blend_a050"": ""113585"", ""mxbai"": ""113585"", ""qwen3"": ""113585""}"
fiqa	10183	2	True	True	False	False	"{""bm25"": 4, ""eos_compact_q4_fp16_o200"": 62, ""eos_dense"": 62, ""hybrid_minmax_blend_a050"": 10, ""mxbai"": 1, ""qwen3"": 3}"	"{""bm25"": 0.2640681225725909, ""eos_compact_q4_fp16_o200"": 0.0, ""eos_dense"": 0.0, ""hybrid_minmax_blend_a050"": 0.17723928678404777, ""mxbai"": 0.6131471927654585, ""qwen3"": 0.5109559939712154}"	"{""bm25"": 1.0, ""eos_compact_q4_fp16_o200"": 0.5, ""eos_dense"": 0.5, ""hybrid_minmax_blend_a050"": 1.0, ""mxbai"": 1.0, ""qwen3"": 1.0}"	"{""bm25"": ""192585"", ""eos_compact_q4_fp16_o200"": ""57263"", ""eos_dense"": ""57263"", ""hybrid_minmax_blend_a050"": ""45190"", ""mxbai"": ""314342"", ""qwen3"": ""332314""}"
fiqa	10213	3	True	False	False	False	"{""bm25"": 0, ""eos_compact_q4_fp16_o200"": 0, ""eos_dense"": 0, ""hybrid_minmax_blend_a050"": 0, ""mxbai"": 15, ""qwen3"": 14}"	"{""bm25"": 0.0, ""eos_compact_q4_fp16_o200"": 0.0, ""eos_dense"": 0.0, ""hybrid_minmax_blend_a050"": 0.0, ""mxbai"": 0.0, ""qwen3"": 0.0}"	"{""bm25"": 0.0, ""eos_compact_q4_fp16_o200"": 0.0, ""eos_dense"": 0.0, ""hybrid_minmax_blend_a050"": 0.0, ""mxbai"": 1.0, ""qwen3"": 1.0}"	"{""bm25"": ""343693"", ""eos_compact_q4_fp16_o200"": ""41577"", ""eos_dense"": ""41577"", ""hybrid_minmax_blend_a050"": ""41577"", ""mxbai"": ""350145"", ""qwen3"": ""446186""}"
fiqa	10246	2	True	False	False	True	"{""bm25"": 0, ""eos_compact_q4_fp16_o200"": 0, ""eos_dense"": 0, ""hybrid_minmax_blend_a050"": 0, ""mxbai"": 0, ""qwen3"": 92}"	"{""bm25"": 0.0, ""eos_compact_q4_fp16_o200"": 0.0, ""eos_dense"": 0.0, ""hybrid_minmax_blend_a050"": 0.0, ""mxbai"": 0.0, ""qwen3"": 0.0}"	"{""bm25"": 0.0, ""eos_compact_q4_fp16_o200"": 0.0, ""eos_dense"": 0.0, ""hybrid_minmax_blend_a050"": 0.0, ""mxbai"": 0.0, ""qwen3"": 0.5}"	"{""bm25"": ""179520"", ""eos_compact_q4_fp16_o200"": ""179520"", ""eos_dense"": ""179520"", ""hybrid_minmax_blend_a050"": ""179520"", ""mxbai"": ""370635"", ""qwen3"": ""370635""}"
fiqa	10267	5	True	False	False	False	"{""bm25"": 70, ""eos_compact_q4_fp16_o200"": 0, ""eos_dense"": 0, ""hybrid_minmax_blend_a050"": 0, ""mxbai"": 31, ""qwen3"": 44}"	"{""bm25"": 0.0, ""eos_compact_q4_fp16_o200"": 0.0, ""eos_dense"": 0.0, ""hybrid_minmax_blend_a050"": 0.0, ""mxbai"": 0.0, ""qwen3"": 0.0}"	"{""bm25"": 0.2, ""eos_compact_q4_fp16_o200"": 0.0, ""eos_dense"": 0.0, ""hybrid_minmax_blend_a050"": 0.0, ""mxbai"": 0.6, ""qwen3"": 0.6}"	"{""bm25"": ""518213"", ""eos_compact_q4_fp16_o200"": ""274488"", ""eos_dense"": ""274488"", ""hybrid_minmax_blend_a050"": ""178693"", ""mxbai"": ""178693"", ""qwen3"": ""96017""}"
fiqa	10414	2	False	True	False	False	"{""bm25"": 1, ""eos_compact_q4_fp16_o200"": 4, ""eos_dense"": 4, ""hybrid_minmax_blend_a050"": 2, ""mxbai"": 2, ""qwen3"": 1}"	"{""bm25"": 0.8065735963827292, ""eos_compact_q4_fp16_o200"": 0.2640681225725909, ""eos_dense"": 0.2640681225725909, ""hybrid_minmax_blend_a050"": 0.6509209298071325, ""mxbai"": 0.5640920940185894, ""qwen3"": 1.0}"	"{""bm25"": 1.0, ""eos_compact_q4_fp16_o200"": 1.0, ""eos_dense"": 1.0, ""hybrid_minmax_blend_a050"": 1.0, ""mxbai"": 1.0, ""qwen3"": 1.0}"	"{""bm25"": ""303325"", ""eos_compact_q4_fp16_o200"": ""10017"", ""eos_dense"": ""10017"", ""hybrid_minmax_blend_a050"": ""275297"", ""mxbai"": ""266686"", ""qwen3"": ""303325""}"
fiqa	10447	3	True	True	False	False	"{""bm25"": 10, ""eos_compact_q4_fp16_o200"": 0, ""eos_dense"": 0, ""hybrid_minmax_blend_a050"": 28, ""mxbai"": 6, ""qwen3"": 10}"	"{""bm25"": 0.1356519734324478, ""eos_compact_q4_fp16_o200"": 0.0, ""eos_dense"": 0.0, ""hybrid_minmax_blend_a050"": 0.0, ""mxbai"": 0.16716045496620233, ""qwen3"": 0.1356519734324478}"	"{""bm25"": 0.3333333333333333, ""eos_compact_q4_fp16_o200"": 0.0, ""eos_dense"": 0.0, ""hybrid_minmax_blend_a050"": 0.3333333333333333, ""mxbai"": 0.3333333333333333, ""qwen3"": 0.3333333333333333}"	"{""bm25"": ""447482"", ""eos_compact_q4_fp16_o200"": ""510144"", ""eos_dense"": ""510144"", ""hybrid_minmax_blend_a050"": ""447482"", ""mxbai"": ""259150"", ""qwen3"": ""144751""}"
fiqa	10462	6	True	False	False	False	"{""bm25"": 46, ""eos_compact_q4_fp16_o200"": 0, ""eos_dense"": 0, ""hybrid_minmax_blend_a050"": 0, ""mxbai"": 0, ""qwen3"": 0}"	"{""bm25"": 0.0, ""eos_compact_q4_fp16_o200"": 0.0, ""eos_dense"": 0.0, ""hybrid_minmax_blend_a050"": 0.0, ""mxbai"": 0.0, ""qwen3"": 0.0}"	"{""bm25"": 0.16666666666666666, ""eos_compact_q4_fp16_o200"": 0.0, ""eos_dense"": 0.0, ""hybrid_minmax_blend_a050"": 0.0, ""mxbai"": 0.0, ""qwen3"": 0.0}"	"{""bm25"": ""458795"", ""eos_compact_q4_fp16_o200"": ""136673"", ""eos_dense"": ""136673"", ""hybrid_minmax_blend_a050"": ""136673"", ""mxbai"": ""66376"", ""qwen3"": ""593377""}"
fiqa	10482	1	True	False	False	False	"{""bm25"": 0, ""eos_compact_q4_fp16_o200"": 0, ""eos_dense"": 0, ""hybrid_minmax_blend_a050"": 0, ""mxbai"": 0, ""qwen3"": 0}"	"{""bm25"": 0.0, ""eos_compact_q4_fp16_o200"": 0.0, ""eos_dense"": 0.0, ""hybrid_minmax_blend_a050"": 0.0, ""mxbai"": 0.0, ""qwen3"": 0.0}"	"{""bm25"": 0.0, ""eos_compact_q4_fp16_o200"": 0.0, ""eos_dense"": 0.0, ""hybrid_minmax_blend_a050"": 0.0, ""mxbai"": 0.0, ""qwen3"": 0.0}"	"{""bm25"": ""98704"", ""eos_compact_q4_fp16_o200"": ""252677"", ""eos_dense"": ""252677"", ""hybrid_minmax_blend_a050"": ""464264"", ""mxbai"": ""374284"", ""qwen3"": ""145458""}"
fiqa	10497	10	False	True	False	False	"{""bm25"": 3, ""eos_compact_q4_fp16_o200"": 2, ""eos_dense"": 2, ""hybrid_minmax_blend_a050"": 1, ""mxbai"": 1, ""qwen3"": 2}"	"{""bm25"": 0.1951890007906611, ""eos_compact_q4_fp16_o200"": 0.13886244387355454, ""eos_dense"": 0.13886244387355454, ""hybrid_minmax_blend_a050"": 0.3589542101716347, ""mxbai"": 0.4936790360674167, ""qwen3"": 0.30701473034246535}"	"{""bm25"": 0.4, ""eos_compact_q4_fp16_o200"": 0.3, ""eos_dense"": 0.3, ""hybrid_minmax_blend_a050"": 0.4, ""mxbai"": 0.9, ""qwen3"": 1.0}"	"{""bm25"": ""468047"", ""eos_compact_q4_fp16_o200"": ""159264"", ""eos_dense"": ""159264"", ""hybrid_minmax_blend_a050"": ""159880"", ""mxbai"": ""159880"", ""qwen3"": ""252237""}"
fiqa	10526	2	True	False	False	False	"{""bm25"": 13, ""eos_compact_q4_fp16_o200"": 0, ""eos_dense"": 0, ""hybrid_minmax_blend_a050"": 47, ""mxbai"": 4, ""qwen3"": 12}"	"{""bm25"": 0.0, ""eos_compact_q4_fp16_o200"": 0.0, ""eos_dense"": 0.0, ""hybrid_minmax_blend_a050"": 0.0, ""mxbai"": 0.2640681225725909, ""qwen3"": 0.0}"	"{""bm25"": 0.5, ""eos_compact_q4_fp16_o200"": 0.0, ""eos_dense"": 0.0, ""hybrid_minmax_blend_a050"": 0.5, ""mxbai"": 1.0, ""qwen3"": 1.0}"	"{""bm25"": ""546493"", ""eos_compact_q4_fp16_o200"": ""389820"", ""eos_dense"": ""389820"", ""hybrid_minmax_blend_a050"": ""546493"", ""mxbai"": ""546493"", ""qwen3"": ""467852""}"
fiqa	10547	1	True	False	False	False	"{""bm25"": 72, ""eos_compact_q4_fp16_o200"": 76, ""eos_dense"": 76, ""hybrid_minmax_blend_a050"": 97, ""mxbai"": 23, ""qwen3"": 10}"	"{""bm25"": 0.0, ""eos_compact_q4_fp16_o200"": 0.0, ""eos_dense"": 0.0, ""hybrid_minmax_blend_a050"": 0.0, ""mxbai"": 0.0, ""qwen3"": 0.2890648263178879}"	"{""bm25"": 1.0, ""eos_compact_q4_fp16_o200"": 1.0, ""eos_dense"": 1.0, ""hybrid_minmax_blend_a050"": 1.0, ""mxbai"": 1.0, ""qwen3"": 1.0}"	"{""bm25"": ""503981"", ""eos_compact_q4_fp16_o200"": ""499536"", ""eos_dense"": ""499536"", ""hybrid_minmax_blend_a050"": ""503981"", ""mxbai"": ""4883"", ""qwen3"": ""503981""}"
fiqa	10558	2	True	False	False	False	"{""bm25"": 9, ""eos_compact_q4_fp16_o200"": 0, ""eos_dense"": 0, ""hybrid_minmax_blend_a050"": 16, ""mxbai"": 2, ""qwen3"": 23}"	"{""bm25"": 0.1845756967795682, ""eos_compact_q4_fp16_o200"": 0.0, ""eos_dense"": 0.0, ""hybrid_minmax_blend_a050"": 0.0, ""mxbai"": 0.6934264036172708, ""qwen3"": 0.0}"	"{""bm25"": 0.5, ""eos_compact_q4_fp16_o200"": 0.0, ""eos_dense"": 0.0, ""hybrid_minmax_blend_a050"": 0.5, ""mxbai"": 1.0, ""qwen3"": 1.0}"	"{""bm25"": ""262322"", ""eos_compact_q4_fp16_o200"": ""528518"", ""eos_dense"": ""528518"", ""hybrid_minmax_blend_a050"": ""262322"", ""mxbai"": ""262322"", ""qwen3"": ""550083""}"
fiqa	10596	5	False	True	True	False	"{""bm25"": 1, ""eos_compact_q4_fp16_o200"": 3, ""eos_dense"": 3, ""hybrid_minmax_blend_a050"": 1, ""mxbai"": 1, ""qwen3"": 1}"	"{""bm25"": 0.5922216874835864, ""eos_compact_q4_fp16_o200"": 0.4468535299918564, ""eos_dense"": 0.4468535299918564, ""hybrid_minmax_blend_a050"": 0.6164336326286645, ""mxbai"": 0.8357799744028239, ""qwen3"": 0.9228632535992206}"	"{""bm25"": 1.0, ""eos_compact_q4_fp16_o200"": 0.8, ""eos_dense"": 0.8, ""hybrid_minmax_blend_a050"": 1.0, ""mxbai"": 1.0, ""qwen3"": 1.0}"	"{""bm25"": ""164008"", ""eos_compact_q4_fp16_o200"": ""353396"", ""eos_dense"": ""353396"", ""hybrid_minmax_blend_a050"": ""164008"", ""mxbai"": ""208070"", ""qwen3"": ""316838""}"
fiqa	10601	1	True	True	False	False	"{""bm25"": 1, ""eos_compact_q4_fp16_o200"": 40, ""eos_dense"": 40, ""hybrid_minmax_blend_a050"": 1, ""mxbai"": 1, ""qwen3"": 2}"	"{""bm25"": 1.0, ""eos_compact_q4_fp16_o200"": 0.0, ""eos_dense"": 0.0, ""hybrid_minmax_blend_a050"": 1.0, ""mxbai"": 1.0, ""qwen3"": 0.6309297535714574}"	"{""bm25"": 1.0, ""eos_compact_q4_fp16_o200"": 1.0, ""eos_dense"": 1.0, ""hybrid_minmax_blend_a050"": 1.0, ""mxbai"": 1.0, ""qwen3"": 1.0}"	"{""bm25"": ""568064"", ""eos_compact_q4_fp16_o200"": ""276334"", ""eos_dense"": ""276334"", ""hybrid_minmax_blend_a050"": ""568064"", ""mxbai"": ""568064"", ""qwen3"": ""111615""}"
fiqa	10628	1	True	True	False	False	"{""bm25"": 40, ""eos_compact_q4_fp16_o200"": 0, ""eos_dense"": 0, ""hybrid_minmax_blend_a050"": 94, ""mxbai"": 3, ""qwen3"": 5}"	"{""bm25"": 0.0, ""eos_compact_q4_fp16_o200"": 0.0, ""eos_dense"": 0.0, ""hybrid_minmax_blend_a050"": 0.0, ""mxbai"": 0.5, ""qwen3"": 0.38685280723454163}"	"{""bm25"": 1.0, ""eos_compact_q4_fp16_o200"": 0.0, ""eos_dense"": 0.0, ""hybrid_minmax_blend_a050"": 1.0, ""mxbai"": 1.0, ""qwen3"": 1.0}"	"{""bm25"": ""107045"", ""eos_compact_q4_fp16_o200"": ""247313"", ""eos_dense"": ""247313"", ""hybrid_minmax_blend_a050"": ""107045"", ""mxbai"": ""591694"", ""qwen3"": ""209359""}"
fiqa	10639	5	True	True	False	False	"{""bm25"": 1, ""eos_compact_q4_fp16_o200"": 0, ""eos_dense"": 0, ""hybrid_minmax_blend_a050"": 5, ""mxbai"": 1, ""qwen3"": 2}"	"{""bm25"": 0.3391602052736162, ""eos_compact_q4_fp16_o200"": 0.0, ""eos_dense"": 0.0, ""hybrid_minmax_blend_a050"": 0.1312050775123418, ""mxbai"": 0.3391602052736162, ""qwen3"": 0.21398626473452756}"	"{""bm25"": 0.2, ""eos_compact_q4_fp16_o200"": 0.0, ""eos_dense"": 0.0, ""hybrid_minmax_blend_a050"": 0.2, ""mxbai"": 0.4, ""qwen3"": 0.8}"	"{""bm25"": ""163353"", ""eos_compact_q4_fp16_o200"": ""15195"", ""eos_dense"": ""15195"", ""hybrid_minmax_blend_a050"": ""235628"", ""mxbai"": ""163353"", ""qwen3"": ""171196""}"
fiqa	10645	2	False	True	False	False	"{""bm25"": 4, ""eos_compact_q4_fp16_o200"": 1, ""eos_dense"": 1, ""hybrid_minmax_blend_a050"": 1, ""mxbai"": 10, ""qwen3"": 6}"	"{""bm25"": 0.2640681225725909, ""eos_compact_q4_fp16_o200"": 0.6131471927654585, ""eos_dense"": 0.6131471927654585, ""hybrid_minmax_blend_a050"": 0.6131471927654585, ""mxbai"": 0.17723928678404777, ""qwen3"": 0.42278983440665036}"	"{""bm25"": 1.0, ""eos_compact_q4_fp16_o200"": 0.5, ""eos_dense"": 0.5, ""hybrid_minmax_blend_a050"": 0.5, ""mxbai"": 1.0, ""qwen3"": 1.0}"	"{""bm25"": ""28425"", ""eos_compact_q4_fp16_o200"": ""22221"", ""eos_dense"": ""22221"", ""hybrid_minmax_blend_a050"": ""22221"", ""mxbai"": ""36284"", ""qwen3"": ""28425""}"
fiqa	10674	4	True	True	True	True	"{""bm25"": 0, ""eos_compact_q4_fp16_o200"": 22, ""eos_dense"": 22, ""hybrid_minmax_blend_a050"": 37, ""mxbai"": 1, ""qwen3"": 1}"	"{""bm25"": 0.0, ""eos_compact_q4_fp16_o200"": 0.0, ""eos_dense"": 0.0, ""hybrid_minmax_blend_a050"": 0.0, ""mxbai"": 0.9047172294870753, ""qwen3"": 0.8048099750039491}"	"{""bm25"": 0.0, ""eos_compact_q4_fp16_o200"": 0.5, ""eos_dense"": 0.5, ""hybrid_minmax_blend_a050"": 0.5, ""mxbai"": 1.0, ""qwen3"": 1.0}"	"{""bm25"": ""386225"", ""eos_compact_q4_fp16_o200"": ""296516"", ""eos_dense"": ""296516"", ""hybrid_minmax_blend_a050"": ""319793"", ""mxbai"": ""99857"", ""qwen3"": ""99857""}"
fiqa	10710	1	True	True	False	False	"{""bm25"": 12, ""eos_compact_q4_fp16_o200"": 0, ""eos_dense"": 0, ""hybrid_minmax_blend_a050"": 30, ""mxbai"": 3, ""qwen3"": 7}"	"{""bm25"": 0.0, ""eos_compact_q4_fp16_o200"": 0.0, ""eos_dense"": 0.0, ""hybrid_minmax_blend_a050"": 0.0, ""mxbai"": 0.5, ""qwen3"": 0.3333333333333333}"	"{""bm25"": 1.0, ""eos_compact_q4_fp16_o200"": 0.0, ""eos_dense"": 0.0, ""hybrid_minmax_blend_a050"": 1.0, ""mxbai"": 1.0, ""qwen3"": 1.0}"	"{""bm25"": ""324564"", ""eos_compact_q4_fp16_o200"": ""416286"", ""eos_dense"": ""416286"", ""hybrid_minmax_blend_a050"": ""484362"", ""mxbai"": ""416286"", ""qwen3"": ""484362""}"
fiqa	10734	6	True	True	True	False	"{""bm25"": 1, ""eos_compact_q4_fp16_o200"": 24, ""eos_dense"": 24, ""hybrid_minmax_blend_a050"": 2, ""mxbai"": 1, ""qwen3"": 1}"	"{""bm25"": 0.601312434202259, ""eos_compact_q4_fp16_o200"": 0.0, ""eos_dense"": 0.0, ""hybrid_minmax_blend_a050"": 0.4290337866138162, ""mxbai"": 0.8662406555609835, ""qwen3"": 0.7751482523375255}"	"{""bm25"": 0.5, ""eos_compact_q4_fp16_o200"": 0.3333333333333333, ""eos_dense"": 0.3333333333333333, ""hybrid_minmax_blend_a050"": 0.5, ""mxbai"": 1.0, ""qwen3"": 1.0}"	"{""bm25"": ""62882"", ""eos_compact_q4_fp16_o200"": ""373949"", ""eos_dense"": ""373949"", ""hybrid_minmax_blend_a050"": ""373949"", ""mxbai"": ""263481"", ""qwen3"": ""225718""}"
fiqa	10792	2	True	True	False	False	"{""bm25"": 8, ""eos_compact_q4_fp16_o200"": 16, ""eos_dense"": 16, ""hybrid_minmax_blend_a050"": 10, ""mxbai"": 2, ""qwen3"": 1}"	"{""bm25"": 0.19342640361727081, ""eos_compact_q4_fp16_o200"": 0.0, ""eos_dense"": 0.0, ""hybrid_minmax_blend_a050"": 0.17723928678404777, ""mxbai"": 0.6934264036172708, ""qwen3"": 0.8503449055347547}"	"{""bm25"": 1.0, ""eos_compact_q4_fp16_o200"": 1.0, ""eos_dense"": 1.0, ""hybrid_minmax_blend_a050"": 1.0, ""mxbai"": 1.0, ""qwen3"": 1.0}"	"{""bm25"": ""479874"", ""eos_compact_q4_fp16_o200"": ""88889"", ""eos_dense"": ""88889"", ""hybrid_minmax_blend_a050"": ""479874"", ""mxbai"": ""379299"", ""qwen3"": ""374956""}"
fiqa	10808	3	True	True	False	False	"{""bm25"": 28, ""eos_compact_q4_fp16_o200"": 0, ""eos_dense"": 0, ""hybrid_minmax_blend_a050"": 58, ""mxbai"": 1, ""qwen3"": 6}"	"{""bm25"": 0.0, ""eos_compact_q4_fp16_o200"": 0.0, ""eos_dense"": 0.0, ""hybrid_minmax_blend_a050"": 0.0, ""mxbai"": 0.9674679834891693, ""qwen3"": 0.16716045496620233}"	"{""bm25"": 0.3333333333333333, ""eos_compact_q4_fp16_o200"": 0.0, ""eos_dense"": 0.0, ""hybrid_minmax_blend_a050"": 0.3333333333333333, ""mxbai"": 1.0, ""qwen3"": 1.0}"	"{""bm25"": ""446727"", ""eos_compact_q4_fp16_o200"": ""140206"", ""eos_dense"": ""140206"", ""hybrid_minmax_blend_a050"": ""324012"", ""mxbai"": ""487052"", ""qwen3"": ""483168""}"
fiqa	10809	3	False	True	True	True	"{""bm25"": 2, ""eos_compact_q4_fp16_o200"": 9, ""eos_dense"": 9, ""hybrid_minmax_blend_a050"": 2, ""mxbai"": 1, ""qwen3"": 1}"	"{""bm25"": 0.2960819109658653, ""eos_compact_q4_fp16_o200"": 0.14126697285982903, ""eos_dense"": 0.14126697285982903, ""hybrid_minmax_blend_a050"": 0.2960819109658653, ""mxbai"": 0.46927872602275655, ""qwen3"": 0.6713860725233042}"	"{""bm25"": 0.6666666666666666, ""eos_compact_q4_fp16_o200"": 0.3333333333333333, ""eos_dense"": 0.3333333333333333, ""hybrid_minmax_blend_a050"": 0.3333333333333333, ""mxbai"": 1.0, ""qwen3"": 1.0}"	"{""bm25"": ""314410"", ""eos_compact_q4_fp16_o200"": ""325787"", ""eos_dense"": ""325787"", ""hybrid_minmax_blend_a050"": ""511587"", ""mxbai"": ""286141"", ""qwen3"": ""286141""}"
fiqa	10812	4	False	True	False	False	"{""bm25"": 6, ""eos_compact_q4_fp16_o200"": 8, ""eos_dense"": 8, ""hybrid_minmax_blend_a050"": 3, ""mxbai"": 1, ""qwen3"": 2}"	"{""bm25"": 0.2519013208597109, ""eos_compact_q4_fp16_o200"": 0.123151194370365, ""eos_dense"": 0.123151194370365, ""hybrid_minmax_blend_a050"": 0.19519002499605087, ""mxbai"": 0.9223260797603763, ""qwen3"": 0.44149241373678083}"	"{""bm25"": 1.0, ""eos_compact_q4_fp16_o200"": 0.5, ""eos_dense"": 0.5, ""hybrid_minmax_blend_a050"": 1.0, ""mxbai"": 1.0, ""qwen3"": 1.0}"	"{""bm25"": ""488954"", ""eos_compact_q4_fp16_o200"": ""595121"", ""eos_dense"": ""595121"", ""hybrid_minmax_blend_a050"": ""595121"", ""mxbai"": ""314455"", ""qwen3"": ""407316""}"
fiqa	10827	5	True	True	False	False	"{""bm25"": 0, ""eos_compact_q4_fp16_o200"": 0, ""eos_dense"": 0, ""hybrid_minmax_blend_a050"": 0, ""mxbai"": 8, ""qwen3"": 1}"	"{""bm25"": 0.0, ""eos_compact_q4_fp16_o200"": 0.0, ""eos_dense"": 0.0, ""hybrid_minmax_blend_a050"": 0.0, ""mxbai"": 0.10699313236726378, ""qwen3"": 0.3391602052736162}"	"{""bm25"": 0.0, ""eos_compact_q4_fp16_o200"": 0.0, ""eos_dense"": 0.0, ""hybrid_minmax_blend_a050"": 0.0, ""mxbai"": 0.2, ""qwen3"": 0.2}"	"{""bm25"": ""555377"", ""eos_compact_q4_fp16_o200"": ""497561"", ""eos_dense"": ""497561"", ""hybrid_minmax_blend_a050"": ""497561"", ""mxbai"": ""290105"", ""qwen3"": ""42301""}"
fiqa	10845	1	True	True	True	True	"{""bm25"": 1, ""eos_compact_q4_fp16_o200"": 0, ""eos_dense"": 0, ""hybrid_minmax_blend_a050"": 2, ""mxbai"": 1, ""qwen3"": 1}"	"{""bm25"": 1.0, ""eos_compact_q4_fp16_o200"": 0.0, ""eos_dense"": 0.0, ""hybrid_minmax_blend_a050"": 0.6309297535714574, ""mxbai"": 1.0, ""qwen3"": 1.0}"	"{""bm25"": 1.0, ""eos_compact_q4_fp16_o200"": 0.0, ""eos_dense"": 0.0, ""hybrid_minmax_blend_a050"": 1.0, ""mxbai"": 1.0, ""qwen3"": 1.0}"	"{""bm25"": ""191588"", ""eos_compact_q4_fp16_o200"": ""578529"", ""eos_dense"": ""578529"", ""hybrid_minmax_blend_a050"": ""578529"", ""mxbai"": ""191588"", ""qwen3"": ""191588""}"
fiqa	10912	1	True	True	False	False	"{""bm25"": 0, ""eos_compact_q4_fp16_o200"": 22, ""eos_dense"": 22, ""hybrid_minmax_blend_a050"": 56, ""mxbai"": 10, ""qwen3"": 6}"	"{""bm25"": 0.0, ""eos_compact_q4_fp16_o200"": 0.0, ""eos_dense"": 0.0, ""hybrid_minmax_blend_a050"": 0.0, ""mxbai"": 0.2890648263178879, ""qwen3"": 0.3562071871080222}"	"{""bm25"": 0.0, ""eos_compact_q4_fp16_o200"": 1.0, ""eos_dense"": 1.0, ""hybrid_minmax_blend_a050"": 1.0, ""mxbai"": 1.0, ""qwen3"": 1.0}"	"{""bm25"": ""413015"", ""eos_compact_q4_fp16_o200"": ""334495"", ""eos_dense"": ""334495"", ""hybrid_minmax_blend_a050"": ""413015"", ""mxbai"": ""272174"", ""qwen3"": ""527522""}"
fiqa	10932	1	False	True	True	True	"{""bm25"": 1, ""eos_compact_q4_fp16_o200"": 2, ""eos_dense"": 2, ""hybrid_minmax_blend_a050"": 1, ""mxbai"": 1, ""qwen3"": 1}"	"{""bm25"": 1.0, ""eos_compact_q4_fp16_o200"": 0.6309297535714574, ""eos_dense"": 0.6309297535714574, ""hybrid_minmax_blend_a050"": 1.0, ""mxbai"": 1.0, ""qwen3"": 1.0}"	"{""bm25"": 1.0, ""eos_compact_q4_fp16_o200"": 1.0, ""eos_dense"": 1.0, ""hybrid_minmax_blend_a050"": 1.0, ""mxbai"": 1.0, ""qwen3"": 1.0}"	"{""bm25"": ""104134"", ""eos_compact_q4_fp16_o200"": ""510615"", ""eos_dense"": ""510615"", ""hybrid_minmax_blend_a050"": ""104134"", ""mxbai"": ""104134"", ""qwen3"": ""104134""}"
fiqa	10975	1	True	False	False	False	"{""bm25"": 0, ""eos_compact_q4_fp16_o200"": 0, ""eos_dense"": 0, ""hybrid_minmax_blend_a050"": 0, ""mxbai"": 0, ""qwen3"": 0}"	"{""bm25"": 0.0, ""eos_compact_q4_fp16_o200"": 0.0, ""eos_dense"": 0.0, ""hybrid_minmax_blend_a050"": 0.0, ""mxbai"": 0.0, ""qwen3"": 0.0}"	"{""bm25"": 0.0, ""eos_compact_q4_fp16_o200"": 0.0, ""eos_dense"": 0.0, ""hybrid_minmax_blend_a050"": 0.0, ""mxbai"": 0.0, ""qwen3"": 0.0}"	"{""bm25"": ""163865"", ""eos_compact_q4_fp16_o200"": ""163865"", ""eos_dense"": ""163865"", ""hybrid_minmax_blend_a050"": ""163865"", ""mxbai"": ""164628"", ""qwen3"": ""549223""}"
fiqa	10979	4	True	True	True	True	"{""bm25"": 6, ""eos_compact_q4_fp16_o200"": 61, ""eos_dense"": 61, ""hybrid_minmax_blend_a050"": 22, ""mxbai"": 1, ""qwen3"": 1}"	"{""bm25"": 0.26918286284147624, ""eos_compact_q4_fp16_o200"": 0.0, ""eos_dense"": 0.0, ""hybrid_minmax_blend_a050"": 0.0, ""mxbai"": 0.5585075862632193, ""qwen3"": 0.5585075862632193}"	"{""bm25"": 0.5, ""eos_compact_q4_fp16_o200"": 0.25, ""eos_dense"": 0.25, ""hybrid_minmax_blend_a050"": 0.5, ""mxbai"": 1.0, ""qwen3"": 1.0}"	"{""bm25"": ""533408"", ""eos_compact_q4_fp16_o200"": ""298833"", ""eos_dense"": ""298833"", ""hybrid_minmax_blend_a050"": ""298833"", ""mxbai"": ""362762"", ""qwen3"": ""362762""}"
fiqa	10994	2	False	True	False	True	"{""bm25"": 6, ""eos_compact_q4_fp16_o200"": 3, ""eos_dense"": 3, ""hybrid_minmax_blend_a050"": 4, ""mxbai"": 5, ""qwen3"": 4}"	"{""bm25"": 0.42278983440665036, ""eos_compact_q4_fp16_o200"": 0.30657359638272924, ""eos_dense"": 0.30657359638272924, ""hybrid_minmax_blend_a050"": 0.4486438193521591, ""mxbai"": 0.4217734095488645, ""qwen3"": 0.4413074093566387}"	"{""bm25"": 1.0, ""eos_compact_q4_fp16_o200"": 1.0, ""eos_dense"": 1.0, ""hybrid_minmax_blend_a050"": 1.0, ""mxbai"": 1.0, ""qwen3"": 1.0}"	"{""bm25"": ""486974"", ""eos_compact_q4_fp16_o200"": ""486974"", ""eos_dense"": ""486974"", ""hybrid_minmax_blend_a050"": ""486974"", ""mxbai"": ""486974"", ""qwen3"": ""486974""}"
fiqa	11039	8	True	True	False	False	"{""bm25"": 5, ""eos_compact_q4_fp16_o200"": 47, ""eos_dense"": 47, ""hybrid_minmax_blend_a050"": 18, ""mxbai"": 1, ""qwen3"": 2}"	"{""bm25"": 0.09785159463516042, ""eos_compact_q4_fp16_o200"": 0.0, ""eos_dense"": 0.0, ""hybrid_minmax_blend_a050"": 0.0, ""mxbai"": 0.3794140541514857, ""qwen3"": 0.4347689191124034}"	"{""bm25"": 0.375, ""eos_compact_q4_fp16_o200"": 0.125, ""eos_dense"": 0.125, ""hybrid_minmax_blend_a050"": 0.375, ""mxbai"": 0.75, ""qwen3"": 0.625}"	"{""bm25"": ""124042"", ""eos_compact_q4_fp16_o200"": ""301616"", ""eos_dense"": ""301616"", ""hybrid_minmax_blend_a050"": ""371886"", ""mxbai"": ""79363"", ""qwen3"": ""287876""}"
fiqa	11054	2	False	True	True	True	"{""bm25"": 1, ""eos_compact_q4_fp16_o200"": 1, ""eos_dense"": 1, ""hybrid_minmax_blend_a050"": 1, ""mxbai"": 1, ""qwen3"": 1}"	"{""bm25"": 0.9197207891481877, ""eos_compact_q4_fp16_o200"": 0.9197207891481877, ""eos_dense"": 0.9197207891481877, ""hybrid_minmax_blend_a050"": 1.0, ""mxbai"": 1.0, ""qwen3"": 1.0}"	"{""bm25"": 1.0, ""eos_compact_q4_fp16_o200"": 1.0, ""eos_dense"": 1.0, ""hybrid_minmax_blend_a050"": 1.0, ""mxbai"": 1.0, ""qwen3"": 1.0}"	"{""bm25"": ""155053"", ""eos_compact_q4_fp16_o200"": ""321015"", ""eos_dense"": ""321015"", ""hybrid_minmax_blend_a050"": ""155053"", ""mxbai"": ""155053"", ""qwen3"": ""155053""}"
fiqa	11088	1	True	True	False	False	"{""bm25"": 2, ""eos_compact_q4_fp16_o200"": 0, ""eos_dense"": 0, ""hybrid_minmax_blend_a050"": 3, ""mxbai"": 1, ""qwen3"": 2}"	"{""bm25"": 0.6309297535714574, ""eos_compact_q4_fp16_o200"": 0.0, ""eos_dense"": 0.0, ""hybrid_minmax_blend_a050"": 0.5, ""mxbai"": 1.0, ""qwen3"": 0.6309297535714574}"	"{""bm25"": 1.0, ""eos_compact_q4_fp16_o200"": 0.0, ""eos_dense"": 0.0, ""hybrid_minmax_blend_a050"": 1.0, ""mxbai"": 1.0, ""qwen3"": 1.0}"	"{""bm25"": ""209846"", ""eos_compact_q4_fp16_o200"": ""445688"", ""eos_dense"": ""445688"", ""hybrid_minmax_blend_a050"": ""209846"", ""mxbai"": ""437100"", ""qwen3"": ""438080""}"
